Age,Attrition,BusinessTravel,Department,DistanceFromHome,Education,EducationField,EmployeeID,Gender,JobLevel,JobRole,MaritalStatus,MonthlyIncome,NumCompaniesWorked,PercentSalaryHike,StockOptionLevel,TotalWorkingYears,TrainingTimesLastYear,YearsAtCompany,YearsSinceLastPromotion,YearsWithCurrManager,JobInvolvement,PerformanceRating,EnvironmentSatisfaction,JobSatisfaction,WorkLifeBalance,WorkDays,HoursPerDay,LongestAbsence
51,No,Travel_Rarely,Sales,6,2,Life Sciences,1,Female,1,Healthcare Representative,Married,131160,1.0,11,0,1.0,6,1,0,0,3,3,3.0,4.0,2.0,232,7.373650622605362,3
31,Yes,Travel_Frequently,Research & Development,10,1,Life Sciences,2,Female,1,Research Scientist,Single,41890,0.0,23,1,6.0,3,5,1,4,2,4,3.0,2.0,4.0,236,7.718968926553678,3
32,No,Travel_Frequently,Research & Development,17,4,Other,3,Male,4,Sales Executive,Married,193280,1.0,15,3,5.0,2,5,0,3,3,3,2.0,2.0,1.0,242,7.013240358126724,3
38,No,Non-Travel,Research & Development,2,5,Life Sciences,4,Male,3,Human Resources,Married,83210,3.0,11,3,13.0,5,8,7,5,2,3,4.0,4.0,3.0,235,7.193678486997636,4
32,No,Travel_Rarely,Research & Development,10,1,Medical,5,Male,1,Sales Executive,Single,23420,4.0,12,2,9.0,2,6,0,4,3,3,4.0,1.0,3.0,245,8.006174603174605,3
46,No,Travel_Rarely,Research & Development,8,3,Life Sciences,6,Female,4,Research Director,Married,40710,3.0,13,0,28.0,5,7,7,7,3,3,3.0,2.0,2.0,237,10.796095874355366,3
28,Yes,Travel_Rarely,Research & Development,11,2,Medical,7,Male,2,Sales Executive,Single,58130,2.0,20,1,5.0,2,0,0,0,3,4,1.0,3.0,1.0,232,6.923570402298855,3
29,No,Travel_Rarely,Research & Development,18,3,Life Sciences,8,Male,2,Sales Executive,Married,31430,2.0,22,3,10.0,2,0,0,0,3,4,1.0,2.0,3.0,243,6.7256207133059025,4
31,No,Travel_Rarely,Research & Development,1,3,Life Sciences,9,Male,3,Laboratory Technician,Married,20440,0.0,21,0,10.0,2,9,7,8,3,4,2.0,4.0,3.0,230,7.236498792270526,4
25,No,Non-Travel,Research & Development,7,4,Medical,10,Female,4,Laboratory Technician,Divorced,134640,1.0,13,1,6.0,2,6,1,5,3,3,2.0,1.0,3.0,234,7.080087844254505,4
45,No,Travel_Rarely,Research & Development,17,2,Medical,11,Male,2,Laboratory Technician,Married,79910,0.0,13,2,21.0,2,20,4,10,2,3,3.0,4.0,3.0,241,8.403485477178425,3
36,No,Travel_Rarely,Research & Development,28,1,Life Sciences,12,Male,1,Laboratory Technician,Married,33770,0.0,12,2,16.0,2,15,10,11,3,3,3.0,4.0,3.0,241,7.0689545873674495,3
55,No,Travel_Rarely,Research & Development,14,4,Life Sciences,13,Female,1,Sales Executive,Single,55380,0.0,17,0,37.0,2,36,4,13,3,3,4.0,1.0,3.0,229,9.301409509946627,3
47,Yes,Non-Travel,Research & Development,1,1,Medical,14,Male,1,Research Scientist,Married,57620,1.0,11,2,10.0,4,10,9,9,2,3,1.0,2.0,2.0,235,9.399931442080378,3
28,No,Travel_Rarely,Research & Development,1,3,Life Sciences,15,Male,1,Manufacturing Director,Married,25920,1.0,14,0,5.0,2,5,0,4,3,3,4.0,4.0,2.0,241,6.089687644075612,3
37,No,Travel_Rarely,Research & Development,1,3,Life Sciences,16,Male,2,Healthcare Representative,Married,53460,4.0,11,0,7.0,2,5,0,1,3,3,3.0,4.0,4.0,237,6.705174636661979,3
21,No,Travel_Rarely,Research & Development,3,2,Life Sciences,17,Male,1,Laboratory Technician,Single,42130,1.0,12,3,3.0,3,3,1,0,2,3,4.0,3.0,4.0,227,6.61904062652961,3
37,No,Non-Travel,Research & Development,1,3,Medical,18,Male,2,Sales Executive,Divorced,41270,2.0,13,1,15.0,2,5,0,2,3,3,1.0,4.0,3.0,246,11.01432813911473,3
35,No,Travel_Rarely,Sales,7,4,Life Sciences,19,Male,1,Sales Representative,Divorced,24380,7.0,16,0,10.0,5,7,6,2,2,3,2.0,2.0,2.0,232,6.960253831417621,4
38,No,Travel_Rarely,Research & Development,8,3,Life Sciences,20,Female,1,Manager,Divorced,68700,1.0,11,1,8.0,5,8,7,7,3,3,1.0,1.0,3.0,231,9.293555796055797,3
26,No,Travel_Frequently,Research & Development,1,4,Other,21,Male,2,Laboratory Technician,Divorced,104470,1.0,18,0,6.0,3,6,1,4,3,3,3.0,2.0,1.0,232,7.590778256704984,3
50,No,Travel_Rarely,Sales,8,4,Life Sciences,22,Male,1,Research Scientist,Divorced,96670,3.0,23,0,28.0,2,10,1,6,2,4,1.0,2.0,2.0,233,6.008613495469727,3
53,No,Travel_Rarely,Research & Development,11,4,Life Sciences,23,Female,2,Research Scientist,Married,21480,3.0,11,0,21.0,2,5,1,3,3,3,3.0,3.0,2.0,232,8.4021084770115,3
42,No,Travel_Rarely,Research & Development,4,4,Life Sciences,24,Male,1,Manufacturing Director,Married,89260,1.0,14,0,10.0,4,20,11,6,1,3,2.0,3.0,3.0,242,6.807005280073463,3
29,No,Travel_Frequently,Research & Development,16,4,Medical,25,Male,1,Laboratory Technician,Single,65130,1.0,11,1,10.0,2,10,0,9,3,3,2.0,4.0,2.0,231,7.093167388167388,3
55,No,Travel_Rarely,Research & Development,1,4,Other,26,Female,1,Research Scientist,Married,67990,3.0,11,0,12.0,2,10,0,8,3,3,2.0,4.0,3.0,241,9.362002074688798,4
26,No,Travel_Frequently,Research & Development,9,3,Life Sciences,27,Female,1,Manager,Married,162910,1.0,22,0,5.0,3,5,3,3,3,4,1.0,1.0,3.0,239,10.97712343096233,3
37,No,Travel_Rarely,Sales,5,1,Marketing,28,Male,1,Research Scientist,Single,27050,1.0,11,0,17.0,2,17,5,7,3,3,4.0,4.0,3.0,236,7.604444444444441,4
44,Yes,Travel_Frequently,Research & Development,1,2,Medical,29,Male,2,Research Scientist,Divorced,103330,3.0,14,1,19.0,2,1,0,0,2,3,4.0,3.0,1.0,243,10.977585733882028,3
38,No,Travel_Rarely,Sales,2,3,Marketing,30,Female,1,Manager,Divorced,44480,9.0,12,0,10.0,3,2,1,2,2,3,4.0,4.0,3.0,230,6.831275362318841,3
26,Yes,Travel_Rarely,Research & Development,4,3,Medical,31,Male,3,Research Scientist,Divorced,68540,2.0,11,0,5.0,5,3,0,2,2,3,1.0,2.0,3.0,238,10.10940826330532,3
28,No,Travel_Rarely,Research & Development,7,3,Other,32,Male,1,Human Resources,Single,96370,1.0,13,0,5.0,6,5,0,2,2,3,4.0,4.0,3.0,242,6.709665977961435,3
49,No,Travel_Frequently,Research & Development,1,1,Medical,33,Female,2,Research Scientist,Single,35910,9.0,13,0,22.0,2,3,1,2,3,3,3.0,1.0,3.0,234,10.518214624881294,3
36,No,Travel_Rarely,Sales,5,3,Technical Degree,34,Male,3,Sales Executive,Single,54050,4.0,14,0,10.0,2,8,7,7,3,3,3.0,2.0,3.0,243,6.1828875171467805,3
31,No,Travel_Frequently,Research & Development,9,4,Medical,35,Male,1,Sales Executive,Divorced,46840,1.0,16,1,2.0,4,2,2,2,3,3,4.0,2.0,2.0,240,6.58638888888889,3
26,Yes,Travel_Rarely,Research & Development,8,3,Medical,36,Male,2,Manager,Single,157870,1.0,12,2,8.0,5,8,7,4,3,3,4.0,4.0,3.0,232,10.272241379310355,3
37,No,Travel_Frequently,Sales,9,1,Marketing,37,Male,1,Laboratory Technician,Married,15140,1.0,14,0,4.0,3,4,1,2,3,3,2.0,4.0,2.0,242,9.982733011937555,3
42,No,Travel_Frequently,Sales,2,2,Marketing,38,Male,3,Research Director,Married,29560,5.0,13,0,23.0,2,20,4,8,3,3,3.0,2.0,4.0,230,5.979567632850237,3
18,Yes,Travel_Rarely,Research & Development,1,4,Life Sciences,39,Male,1,Sales Executive,Single,23350,1.0,14,2,0.0,3,0,0,0,2,3,3.0,3.0,3.0,227,6.775967939304944,3
35,No,Travel_Rarely,Sales,20,2,Life Sciences,40,Male,1,Laboratory Technician,Married,51540,0.0,19,0,12.0,2,11,6,9,2,3,3.0,2.0,2.0,239,7.6901603905160405,3
36,No,Travel_Frequently,Research & Development,8,3,Other,41,Female,3,Sales Executive,Married,69620,4.0,12,2,4.0,2,1,0,0,2,3,3.0,4.0,3.0,244,7.204732468123861,3
51,No,Travel_Rarely,Research & Development,2,3,Life Sciences,42,Male,2,Laboratory Technician,Divorced,56750,5.0,13,0,13.0,2,4,1,2,2,3,4.0,2.0,3.0,235,7.594769503546106,3
41,No,Travel_Rarely,Research & Development,29,1,Life Sciences,43,Male,1,Laboratory Technician,Single,23790,1.0,12,0,22.0,6,22,0,4,3,3,4.0,2.0,3.0,242,6.952642332415064,3
18,No,Travel_Rarely,Sales,7,3,Life Sciences,44,Male,1,Research Scientist,Single,38120,1.0,15,0,0.0,3,0,0,0,3,3,4.0,3.0,3.0,240,7.008878472222221,3
28,No,Travel_Rarely,Research & Development,9,3,Medical,45,Male,1,Sales Representative,Single,46480,0.0,23,2,9.0,2,8,0,7,2,4,2.0,1.0,3.0,244,7.2015733151184005,3
31,No,Travel_Rarely,Research & Development,8,1,Technical Degree,46,Male,1,Manufacturing Director,Married,29360,4.0,12,1,10.0,2,8,7,7,3,3,2.0,4.0,2.0,240,7.172875000000004,3
39,No,Travel_Rarely,Sales,5,4,Marketing,47,Female,2,Human Resources,Divorced,21050,0.0,20,0,19.0,3,18,3,7,3,4,3.0,4.0,2.0,235,7.63680141843972,3
36,No,Non-Travel,Research & Development,5,4,Life Sciences,48,Male,1,Sales Executive,Married,85780,7.0,21,0,11.0,4,9,0,8,3,4,2.0,2.0,3.0,237,7.832781293952177,3
32,No,Travel_Rarely,Sales,2,3,Marketing,49,Male,2,Laboratory Technician,Married,27060,1.0,21,1,13.0,4,13,4,8,3,4,4.0,3.0,2.0,227,6.974765051395007,5
38,No,Travel_Rarely,Research & Development,5,2,Life Sciences,50,Female,3,Research Scientist,Married,63840,3.0,19,2,19.0,4,10,0,1,2,3,1.0,2.0,3.0,228,6.906424220272908,3
58,No,Non-Travel,Research & Development,2,3,Life Sciences,51,Male,2,Manufacturing Director,Divorced,39680,2.0,13,2,12.0,3,5,1,2,2,3,4.0,3.0,3.0,242,10.895463728191,3
31,No,Travel_Rarely,Research & Development,20,1,Technical Degree,52,Female,3,Research Scientist,Married,99070,0.0,13,1,6.0,3,5,0,3,2,3,3.0,4.0,3.0,237,9.125665729020167,3
31,No,Travel_Rarely,Sales,7,4,Marketing,53,Male,2,Sales Executive,Married,132250,3.0,21,1,9.0,2,2,1,0,3,4,1.0,1.0,3.0,239,6.831459786145981,3
45,No,Travel_Frequently,Research & Development,3,1,Medical,54,Female,1,Sales Executive,Divorced,35400,1.0,13,0,24.0,6,24,9,11,3,3,1.0,1.0,3.0,236,7.316049905838043,3
31,No,Travel_Rarely,Sales,16,4,Marketing,55,Female,2,Research Scientist,Divorced,28040,0.0,19,2,3.0,0,2,2,2,3,3,3.0,4.0,1.0,244,8.610798041894355,4
33,No,Travel_Frequently,Research & Development,9,3,Life Sciences,56,Male,4,Research Director,Married,193920,6.0,12,1,12.0,3,10,8,8,3,3,4.0,2.0,3.0,237,6.784845288326301,3
39,No,Travel_Rarely,Sales,1,4,Life Sciences,57,Male,1,Sales Executive,Married,196650,1.0,22,1,21.0,6,21,11,10,3,4,3.0,1.0,3.0,245,10.98609977324263,3
43,No,Travel_Frequently,Research & Development,7,4,Medical,58,Male,4,Research Scientist,Single,24390,0.0,15,0,9.0,2,8,1,7,3,3,3.0,4.0,3.0,227,7.686584679393045,3
49,No,Travel_Rarely,Research & Development,1,3,Life Sciences,59,Male,3,Manufacturing Director,Single,73140,7.0,22,0,25.0,2,7,0,7,3,4,3.0,3.0,3.0,243,9.948856881572926,3
52,Yes,Travel_Rarely,Research & Development,7,1,Life Sciences,60,Female,2,Research Scientist,Married,47740,2.0,18,1,11.0,2,8,7,7,3,3,3.0,2.0,2.0,239,7.905527661552767,3
27,No,Travel_Rarely,Research & Development,15,4,Medical,61,Male,3,Research Scientist,Single,39020,1.0,22,0,4.0,2,4,1,2,3,4,3.0,2.0,2.0,244,10.672414617486345,3
32,No,Travel_Rarely,Research & Development,1,3,Life Sciences,62,Male,3,Research Scientist,Married,26620,1.0,11,1,13.0,6,13,11,9,4,3,3.0,2.0,3.0,239,10.496171548117148,3
27,No,Travel_Rarely,Research & Development,13,2,Medical,63,Female,4,Research Director,Single,28560,1.0,12,2,5.0,5,5,0,4,4,3,4.0,3.0,3.0,231,10.069261664261662,3
31,No,Travel_Rarely,Sales,24,3,Life Sciences,64,Male,2,Healthcare Representative,Divorced,10810,4.0,11,3,13.0,4,7,1,7,4,3,4.0,4.0,3.0,243,6.607014174668497,4
32,No,Travel_Rarely,Research & Development,7,3,Technical Degree,65,Male,2,Healthcare Representative,Single,24720,7.0,13,0,10.0,2,7,0,7,3,3,1.0,4.0,2.0,237,7.497914908579468,3
28,Yes,Travel_Rarely,Research & Development,9,4,Medical,66,Male,1,Sales Executive,Married,56730,5.0,14,1,5.0,4,3,2,2,2,3,1.0,4.0,2.0,247,10.727235717498875,3
30,No,Travel_Rarely,Research & Development,13,3,Life Sciences,67,Female,4,Research Director,Married,41970,1.0,13,0,11.0,3,10,1,9,3,3,4.0,4.0,3.0,232,6.184816810344828,4
31,No,Travel_Frequently,Research & Development,2,1,Life Sciences,68,Female,1,Manager,Married,97130,1.0,17,0,10.0,5,10,8,9,2,3,3.0,3.0,3.0,227,6.609300048947632,3
39,No,Travel_Frequently,Research & Development,19,4,Medical,69,Female,1,Research Scientist,Married,20620,1.0,13,0,21.0,4,21,13,3,3,3,3.0,4.0,3.0,228,6.076246345029246,3
39,Yes,Travel_Rarely,Research & Development,1,1,Medical,70,Female,1,Laboratory Technician,Married,42840,4.0,17,1,12.0,0,1,0,0,3,3,4.0,3.0,2.0,246,9.971745709123756,3
33,No,Travel_Frequently,Sales,4,2,Life Sciences,71,Male,4,Research Scientist,Single,47880,3.0,11,1,9.0,0,7,0,1,3,3,2.0,4.0,2.0,242,7.421452020202019,3
47,No,Travel_Rarely,Research & Development,4,3,Life Sciences,72,Female,2,Healthcare Representative,Married,59060,4.0,23,0,21.0,4,3,1,1,4,4,4.0,3.0,3.0,243,6.4938100137174235,3
43,No,Travel_Frequently,Research & Development,14,3,Medical,73,Female,5,Research Director,Divorced,38860,1.0,17,2,9.0,2,9,0,0,3,3,3.0,3.0,4.0,235,6.299470449172581,3
27,No,Non-Travel,Research & Development,2,3,Life Sciences,74,Male,1,Research Director,Married,168230,0.0,17,0,6.0,3,5,1,4,3,3,3.0,2.0,3.0,231,9.316973304473308,3
54,No,Travel_Frequently,Research & Development,1,4,Life Sciences,75,Male,2,Research Scientist,Single,29330,3.0,12,2,20.0,2,4,0,3,3,3,4.0,3.0,2.0,232,6.097862787356321,3
43,No,Travel_Rarely,Research & Development,7,2,Life Sciences,76,Female,2,Manager,Married,65000,8.0,23,0,10.0,3,1,0,0,3,4,3.0,1.0,2.0,238,7.217327264239031,3
45,No,Travel_Rarely,Sales,3,1,Marketing,77,Female,1,Sales Executive,Married,171740,9.0,14,1,12.0,6,10,9,8,3,3,4.0,4.0,3.0,242,7.100070018365477,3
40,No,Travel_Rarely,Research & Development,2,4,Other,78,Male,4,Research Scientist,Married,50330,2.0,14,2,6.0,6,4,0,2,3,3,2.0,4.0,2.0,231,9.914107744107735,3
29,Yes,Travel_Rarely,Research & Development,29,3,Medical,79,Female,1,Research Scientist,Married,23070,1.0,13,1,7.0,0,7,0,7,3,3,2.0,1.0,2.0,230,10.477788647343003,3
29,No,Travel_Rarely,Human Resources,8,3,Medical,80,Male,3,Sales Representative,Single,25870,0.0,22,2,4.0,3,3,2,2,3,4,2.0,4.0,3.0,239,6.906938633193863,3
30,No,Travel_Rarely,Research & Development,10,3,Life Sciences,81,Male,2,Research Scientist,Divorced,55070,1.0,12,2,10.0,2,10,1,2,2,3,4.0,3.0,3.0,232,7.58909243295019,3
27,No,Travel_Rarely,Research & Development,11,2,Medical,82,Male,1,Manager,Married,43930,1.0,18,1,8.0,2,8,0,7,2,3,2.0,2.0,3.0,244,6.079724499089256,3
37,No,Travel_Rarely,Sales,1,4,Life Sciences,83,Male,2,Healthcare Representative,Divorced,133480,7.0,14,0,8.0,4,6,0,4,3,3,4.0,4.0,2.0,236,6.001112288135594,3
38,No,Travel_Rarely,Research & Development,28,4,Medical,84,Male,1,Laboratory Technician,Divorced,65830,0.0,12,0,12.0,1,11,2,9,3,3,3.0,4.0,3.0,242,8.983123278236906,3
31,No,Travel_Rarely,Research & Development,6,3,Medical,85,Female,3,Manager,Single,81030,1.0,15,1,11.0,5,11,4,10,3,3,3.0,4.0,3.0,238,10.426184640522866,3
29,No,Travel_Rarely,Research & Development,3,4,Life Sciences,86,Male,3,Sales Executive,Divorced,39780,1.0,11,0,7.0,0,7,1,7,3,3,4.0,2.0,3.0,244,8.387526183970852,3
35,No,Travel_Rarely,Sales,16,2,Technical Degree,87,Male,3,Manager,Single,25440,0.0,13,1,17.0,3,16,0,13,4,3,3.0,2.0,3.0,233,7.912038626609444,3
23,No,Travel_Rarely,Research & Development,20,4,Life Sciences,88,Male,1,Manufacturing Director,Divorced,53990,1.0,23,0,4.0,2,4,0,2,2,4,3.0,4.0,2.0,237,7.105291842475386,3
41,No,Travel_Rarely,Research & Development,9,2,Life Sciences,89,Female,1,Laboratory Technician,Single,54870,6.0,19,2,8.0,0,5,1,2,3,3,4.0,2.0,3.0,239,9.68863319386332,3
47,No,Travel_Frequently,Sales,1,3,Medical,90,Female,2,Laboratory Technician,Single,68340,3.0,16,1,5.0,2,0,0,0,4,3,2.0,3.0,3.0,239,7.77034751278475,3
42,No,Travel_Rarely,Research & Development,3,4,Life Sciences,91,Male,1,Manager,Single,10910,2.0,22,0,16.0,0,1,0,0,1,4,1.0,4.0,3.0,237,6.284280356305675,3
29,No,Non-Travel,Sales,22,4,Marketing,92,Male,2,Human Resources,Married,57360,1.0,22,0,4.0,1,4,0,2,2,4,4.0,3.0,2.0,233,6.306108726752502,3
42,No,Travel_Rarely,Sales,7,4,Medical,93,Male,3,Research Scientist,Divorced,22260,0.0,12,1,4.0,3,3,1,0,2,3,3.0,3.0,3.0,228,8.831585038986356,3
32,No,Travel_Rarely,Research & Development,2,3,Medical,94,Male,2,Research Scientist,Married,57470,1.0,13,0,8.0,0,8,0,7,3,3,3.0,2.0,3.0,231,7.722377344877349,4
48,No,Travel_Rarely,Sales,13,4,Medical,95,Male,4,Sales Executive,Married,98540,3.0,16,1,15.0,2,0,0,0,2,3,1.0,3.0,1.0,233,7.317479732951837,3
37,No,Travel_Rarely,Research & Development,8,5,Technical Degree,96,Male,2,Manufacturing Director,Divorced,54670,4.0,12,0,13.0,2,7,6,7,3,3,3.0,1.0,3.0,247,10.79826248313091,3
30,No,Non-Travel,Sales,25,4,Other,97,Male,1,Healthcare Representative,Married,53800,7.0,21,1,4.0,0,2,2,2,3,4,4.0,3.0,4.0,245,10.401363945578229,3
26,No,Travel_Rarely,Sales,28,3,Medical,98,Female,5,Laboratory Technician,Married,51510,1.0,15,3,8.0,3,8,7,7,3,3,3.0,3.0,3.0,243,5.994326703246456,3
42,No,Travel_Rarely,Sales,2,2,Medical,99,Female,1,Laboratory Technician,Single,21330,3.0,13,2,14.0,2,1,0,0,3,3,1.0,4.0,3.0,239,6.113110181311016,3
21,Yes,Travel_Frequently,Research & Development,9,3,Medical,100,Female,4,Manufacturing Director,Single,178750,1.0,12,0,3.0,5,3,1,2,2,3,1.0,2.0,3.0,244,8.133578096539159,3
36,No,Non-Travel,Human Resources,28,3,Human Resources,101,Male,2,Laboratory Technician,Single,24320,4.0,22,0,7.0,4,1,0,0,1,4,4.0,4.0,3.0,232,7.306164990421451,3
36,No,Travel_Frequently,Research & Development,6,3,Life Sciences,102,Female,2,Research Scientist,Married,47710,4.0,13,1,16.0,2,13,1,12,3,3,1.0,4.0,3.0,238,7.10503034547152,3
57,No,Travel_Rarely,Research & Development,21,4,Life Sciences,103,Male,5,Research Scientist,Married,191610,2.0,18,0,15.0,2,3,1,2,1,3,4.0,3.0,3.0,235,6.327729314420805,3
40,No,Travel_Rarely,Research & Development,8,3,Other,104,Male,2,Sales Executive,Married,50870,3.0,14,1,10.0,3,7,1,7,3,3,4.0,3.0,3.0,233,8.128512160228896,3
21,No,Non-Travel,Research & Development,1,5,Life Sciences,105,Female,2,Manager,Single,28630,1.0,14,0,3.0,2,3,2,2,1,3,1.0,4.0,2.0,229,7.986432557011164,3
33,Yes,Travel_Rarely,Human Resources,28,2,Human Resources,106,Female,5,Manager,Single,55610,1.0,21,1,1.0,3,1,0,0,1,4,4.0,3.0,3.0,231,10.509096921596921,3
37,No,Travel_Rarely,Research & Development,5,3,Life Sciences,107,Male,4,Research Scientist,Married,21440,6.0,19,0,17.0,3,5,0,3,4,3,3.0,1.0,3.0,231,7.993284030784035,3
46,No,Non-Travel,Sales,2,4,Marketing,108,Female,2,Laboratory Technician,Married,30650,2.0,11,0,7.0,3,1,0,0,3,3,3.0,3.0,4.0,228,6.103653752436648,3
41,Yes,Travel_Frequently,Research & Development,16,1,Medical,109,Female,1,Research Scientist,Single,28100,1.0,11,0,8.0,3,8,7,7,4,3,1.0,2.0,3.0,233,7.587908917501197,3
50,No,Travel_Rarely,Research & Development,9,3,Medical,110,Female,3,Laboratory Technician,Single,98880,6.0,15,0,20.0,2,4,1,3,3,3,4.0,4.0,3.0,230,6.890321256038647,3
40,Yes,Travel_Rarely,Research & Development,8,3,Medical,111,Female,1,Healthcare Representative,Married,86280,2.0,20,0,8.0,2,6,1,0,2,4,3.0,3.0,3.0,234,9.295999525166186,3
31,No,Travel_Rarely,Research & Development,1,3,Life Sciences,112,Male,4,Human Resources,Single,28670,0.0,24,0,3.0,5,2,2,2,3,4,3.0,2.0,3.0,246,10.806078364950324,3
21,Yes,Travel_Rarely,Human Resources,10,2,Human Resources,113,Male,1,Laboratory Technician,Single,53730,1.0,12,1,1.0,2,1,0,0,3,3,3.0,2.0,3.0,230,5.99521980676328,3
29,No,Travel_Rarely,Research & Development,1,3,Life Sciences,114,Female,2,Research Director,Single,66670,9.0,12,1,6.0,6,3,1,2,4,3,4.0,4.0,3.0,245,7.788609977324269,3
35,No,Travel_Rarely,Research & Development,29,3,Life Sciences,115,Female,3,Sales Executive,Single,50030,9.0,15,0,10.0,2,1,0,0,3,3,3.0,2.0,3.0,236,7.7177071563088475,3
27,No,Travel_Rarely,Sales,2,3,Life Sciences,116,Male,1,Sales Executive,Divorced,23670,2.0,12,1,5.0,2,5,0,4,3,3,4.0,2.0,3.0,234,6.189450379867046,3
28,No,Travel_Rarely,Research & Development,2,2,Medical,117,Male,3,Manager,Single,28580,1.0,12,0,7.0,2,7,0,7,2,3,2.0,4.0,3.0,232,7.120614224137931,3
49,No,Travel_Rarely,Sales,2,3,Technical Degree,118,Male,2,Manufacturing Director,Single,52040,8.0,14,1,26.0,3,5,0,0,3,3,2.0,3.0,3.0,240,7.825193287037035,3
51,No,Travel_Rarely,Research & Development,1,2,Life Sciences,119,Male,1,Sales Executive,Married,41050,4.0,22,1,18.0,2,7,0,7,3,4,3.0,4.0,2.0,228,7.6194018031189,4
36,No,Travel_Rarely,Sales,15,2,Life Sciences,120,Male,1,Sales Executive,Married,96790,4.0,12,0,6.0,1,2,2,2,3,3,4.0,3.0,3.0,234,6.002463200379865,3
34,Yes,Non-Travel,Research & Development,7,3,Life Sciences,121,Male,1,Sales Representative,Single,56170,8.0,25,1,9.0,3,5,0,4,3,4,1.0,4.0,2.0,235,9.113126477541371,3
55,No,Travel_Rarely,Sales,26,3,Marketing,122,Male,1,Laboratory Technician,Single,104480,2.0,13,0,30.0,3,5,1,2,3,3,3.0,4.0,3.0,236,8.684139595103579,4
24,No,Travel_Rarely,Research & Development,1,3,Life Sciences,123,Female,5,Manager,Divorced,28970,1.0,18,3,5.0,4,5,0,3,3,3,4.0,3.0,4.0,230,9.993131642512074,3
30,No,Travel_Rarely,Research & Development,3,3,Life Sciences,124,Female,2,Manager,Married,59680,1.0,13,0,1.0,3,1,0,0,3,3,3.0,2.0,3.0,231,6.900539923039923,3
26,Yes,Travel_Frequently,Sales,14,3,Life Sciences,125,Male,2,Manager,Single,75100,0.0,18,3,7.0,3,6,0,4,3,3,3.0,4.0,3.0,240,6.999357638888884,3
22,No,Travel_Rarely,Research & Development,16,5,Other,126,Male,1,Research Scientist,Married,29910,1.0,19,2,2.0,3,2,1,2,2,3,1.0,2.0,3.0,231,6.286230158730157,3
36,No,Travel_Rarely,Research & Development,1,3,Medical,127,Female,5,Healthcare Representative,Married,196360,1.0,12,1,10.0,3,10,9,0,3,3,2.0,3.0,3.0,236,6.366151129943501,3
30,Yes,Travel_Frequently,Sales,3,2,Marketing,128,Male,3,Research Scientist,Single,11290,9.0,19,0,3.0,2,1,0,0,2,3,3.0,4.0,3.0,240,8.19166087962963,3
37,No,Travel_Rarely,Research & Development,10,1,Technical Degree,129,Male,1,Sales Executive,Divorced,133410,1.0,14,1,18.0,3,18,12,17,3,3,4.0,1.0,2.0,240,6.452089120370364,3
40,No,Travel_Rarely,Research & Development,6,2,Medical,130,Male,3,Research Scientist,Divorced,43320,7.0,14,2,8.0,3,5,1,3,2,3,4.0,2.0,3.0,230,6.682986714975844,4
42,No,Travel_Rarely,Research & Development,2,3,Medical,131,Female,4,Manager,Divorced,110310,3.0,12,1,8.0,2,5,1,2,2,3,2.0,1.0,3.0,235,7.482647754137118,3
37,No,Travel_Rarely,Sales,9,1,Marketing,132,Male,3,Sales Executive,Single,44400,2.0,11,1,18.0,3,1,0,1,2,3,3.0,2.0,2.0,245,9.920131519274374,3
43,No,Travel_Rarely,Sales,10,2,Life Sciences,133,Female,1,Sales Executive,Divorced,46170,1.0,11,0,25.0,2,25,3,9,3,3,1.0,2.0,3.0,235,7.415638297872336,3
40,No,Travel_Rarely,Sales,6,2,Life Sciences,134,Female,1,Laboratory Technician,Married,26470,6.0,13,0,20.0,2,1,0,0,2,3,2.0,3.0,3.0,238,7.495338468720824,3
54,No,Travel_Rarely,Human Resources,9,3,Life Sciences,135,Female,2,Manufacturing Director,Married,63230,4.0,23,1,24.0,2,4,1,2,2,4,1.0,1.0,2.0,227,5.998969652471853,4
34,No,Non-Travel,Research & Development,28,3,Medical,136,Male,1,Laboratory Technician,Married,56770,9.0,20,1,6.0,3,3,1,2,3,4,3.0,3.0,3.0,234,6.859545346628679,3
31,No,Travel_Rarely,Research & Development,10,4,Life Sciences,137,Male,3,Sales Executive,Married,21870,1.0,15,1,13.0,2,13,3,12,2,3,2.0,1.0,1.0,232,6.131909722222225,3
43,No,Travel_Frequently,Sales,14,3,Life Sciences,138,Female,1,Manufacturing Director,Married,37480,7.0,14,2,10.0,3,3,1,2,2,3,4.0,4.0,3.0,227,7.6748054331864894,3
43,No,Travel_Rarely,Sales,27,4,Life Sciences,139,Male,2,Sales Representative,Divorced,39770,4.0,18,1,8.0,3,5,0,2,3,3,3.0,3.0,3.0,238,8.87896942110177,3
25,No,Travel_Rarely,Human Resources,7,2,Human Resources,140,Male,1,Manufacturing Director,Single,86330,1.0,19,1,5.0,2,5,1,3,4,3,2.0,4.0,3.0,232,10.895845306513415,4
37,No,Non-Travel,Research & Development,1,3,Medical,141,Male,3,Laboratory Technician,Married,20080,3.0,22,0,15.0,5,13,10,7,2,4,2.0,3.0,3.0,233,10.69200166905103,3
31,No,Travel_Rarely,Research & Development,24,1,Medical,142,Male,3,Laboratory Technician,Married,44400,1.0,13,1,4.0,2,4,3,2,3,3,4.0,1.0,3.0,232,7.060316091954026,3
39,No,Travel_Frequently,Research & Development,26,4,Technical Degree,143,Female,1,Sales Executive,Divorced,30670,1.0,20,1,21.0,5,21,1,6,1,4,2.0,3.0,3.0,245,9.00917913832199,3
56,No,Travel_Frequently,Research & Development,20,4,Life Sciences,144,Female,3,Sales Executive,Married,53210,9.0,14,0,36.0,1,7,7,7,3,3,3.0,1.0,2.0,239,7.420447466294747,3
30,No,Travel_Rarely,Sales,5,4,Medical,145,Female,2,Manufacturing Director,Single,54100,0.0,17,1,6.0,2,5,4,4,3,3,2.0,3.0,3.0,245,7.585973922902494,3
41,No,Travel_Rarely,Research & Development,7,3,Technical Degree,146,Female,3,Research Scientist,Married,27820,1.0,14,0,10.0,2,10,0,7,2,3,2.0,1.0,3.0,241,6.6241366989396075,3
28,No,Travel_Rarely,Research & Development,7,3,Medical,147,Male,3,Healthcare Representative,Divorced,119570,1.0,13,0,10.0,2,10,1,8,2,3,3.0,1.0,3.0,236,6.1927648305084775,3
25,Yes,Travel_Rarely,Research & Development,5,2,Life Sciences,148,Female,3,Laboratory Technician,Married,26600,5.0,13,0,6.0,3,2,0,2,3,3,1.0,1.0,3.0,236,6.472303436911492,3
52,No,Travel_Rarely,Research & Development,26,2,Life Sciences,149,Female,2,Sales Representative,Married,33750,2.0,21,0,28.0,2,5,0,4,2,4,4.0,3.0,3.0,243,8.195051440329216,3
45,No,Travel_Rarely,Research & Development,2,3,Medical,150,Female,1,Sales Executive,Married,50980,3.0,14,1,8.0,4,2,0,2,3,3,1.0,4.0,2.0,237,6.787695733708394,3
52,No,Travel_Rarely,Research & Development,12,3,Medical,151,Male,2,Research Scientist,Married,48780,2.0,11,1,31.0,3,5,1,4,3,3,4.0,4.0,1.0,235,7.302139479905439,3
42,No,Travel_Frequently,Sales,10,3,Marketing,152,Female,2,Healthcare Representative,Divorced,28370,2.0,13,1,19.0,0,5,0,2,2,3,1.0,3.0,3.0,233,6.822407010014311,3
30,No,Travel_Rarely,Sales,25,3,Marketing,153,Male,1,Sales Executive,Single,24060,2.0,20,1,11.0,5,5,0,2,3,4,3.0,4.0,3.0,230,7.322458937198067,3
60,No,Travel_Rarely,Research & Development,10,3,Life Sciences,154,Female,1,Manufacturing Director,Married,22690,5.0,18,1,33.0,4,29,11,10,3,3,1.0,1.0,1.0,232,6.164361829501921,3
46,No,Travel_Rarely,Sales,19,4,Marketing,155,Female,1,Sales Executive,Divorced,41080,2.0,14,0,19.0,5,10,0,8,2,3,3.0,3.0,2.0,237,7.610284810126584,3
42,No,Travel_Frequently,Research & Development,18,4,Technical Degree,156,Male,4,Sales Executive,Married,132060,0.0,13,2,7.0,2,6,0,4,3,3,4.0,4.0,4.0,238,6.5951353874883285,3
24,Yes,Travel_Rarely,Research & Development,27,2,Medical,157,Male,1,Research Scientist,Single,104220,1.0,17,1,6.0,0,5,1,4,2,3,1.0,2.0,3.0,236,10.648925376647835,4
34,Yes,Travel_Frequently,Research & Development,5,3,Medical,158,Male,2,Research Scientist,Divorced,137440,0.0,20,1,3.0,3,2,1,0,3,4,4.0,3.0,2.0,227,6.204427312775328,4
38,No,Travel_Frequently,Sales,3,3,Marketing,159,Female,2,Sales Executive,Married,49070,1.0,11,1,1.0,3,1,0,0,3,3,4.0,4.0,3.0,237,8.591902250351612,3
40,No,Travel_Rarely,Sales,26,4,Marketing,160,Female,1,Sales Executive,Married,34820,0.0,18,1,21.0,2,20,1,12,2,3,3.0,3.0,3.0,230,6.001353864734301,3
26,No,Travel_Rarely,Research & Development,3,2,Medical,161,Female,4,Healthcare Representative,Divorced,24360,1.0,24,0,3.0,2,3,0,2,4,4,1.0,4.0,1.0,227,6.281751101321589,3
30,No,Non-Travel,Research & Development,15,3,Medical,162,Female,2,Sales Executive,Married,23800,4.0,18,3,9.0,2,5,1,4,2,3,3.0,4.0,1.0,234,7.905569800569798,3
29,No,Travel_Rarely,Research & Development,8,3,Medical,163,Female,3,Manufacturing Director,Married,194310,1.0,11,0,10.0,3,10,0,7,3,3,2.0,3.0,3.0,242,7.175699035812675,4
29,Yes,Travel_Rarely,Research & Development,19,4,Life Sciences,164,Male,3,Research Scientist,Married,17900,5.0,16,1,6.0,4,2,1,1,2,3,3.0,2.0,4.0,237,6.651255274261603,3
19,Yes,Travel_Rarely,Research & Development,4,3,Medical,165,Male,1,Sales Executive,Single,76440,1.0,15,2,1.0,2,1,0,0,3,3,1.0,4.0,4.0,234,7.906068376068368,3
30,No,Non-Travel,Research & Development,2,4,Life Sciences,166,Female,3,Research Scientist,Married,51310,0.0,15,1,10.0,2,9,7,8,3,3,3.0,1.0,3.0,239,6.718815667131563,3
57,No,Travel_Rarely,Research & Development,2,2,Life Sciences,167,Male,4,Research Scientist,Divorced,63060,3.0,12,1,32.0,3,1,0,0,3,3,1.0,4.0,2.0,231,6.290588023088022,3
50,No,Travel_Rarely,Sales,10,4,Life Sciences,168,Female,3,Manager,Married,47870,0.0,12,0,28.0,3,27,15,7,3,3,2.0,3.0,3.0,243,7.178114997713765,3
30,No,Non-Travel,Sales,10,2,Life Sciences,169,Male,3,Laboratory Technician,Single,188800,0.0,22,1,12.0,3,11,6,7,3,4,3.0,4.0,2.0,240,6.286431712962966,3
60,No,Travel_Frequently,Research & Development,16,3,Life Sciences,170,Female,4,Laboratory Technician,Married,23390,4.0,20,0,22.0,4,18,13,11,3,4,3.0,1.0,4.0,231,7.217978595478597,3
47,No,Travel_Rarely,Research & Development,1,3,Technical Degree,171,Male,5,Manufacturing Director,Divorced,135700,5.0,16,2,20.0,2,5,0,4,2,3,1.0,4.0,3.0,230,7.809089371980674,3
46,No,Travel_Rarely,Sales,4,1,Technical Degree,172,Male,1,Laboratory Technician,Married,67120,6.0,21,1,26.0,3,3,0,1,2,4,1.0,3.0,1.0,242,6.805152662993575,3
35,No,Travel_Rarely,Research & Development,15,2,Medical,173,Female,2,Laboratory Technician,Single,54060,0.0,12,1,6.0,2,5,4,3,3,3,4.0,3.0,3.0,234,6.484045584045582,3
54,No,Travel_Rarely,Research & Development,2,4,Medical,174,Male,2,Human Resources,Single,89380,7.0,11,3,19.0,2,1,0,0,3,3,3.0,3.0,3.0,241,7.651214845550945,3
34,No,Travel_Rarely,Sales,8,2,Life Sciences,175,Male,1,Laboratory Technician,Divorced,24390,3.0,11,2,14.0,2,7,5,7,4,3,4.0,3.0,3.0,234,7.585962725546057,3
46,No,Travel_Rarely,Research & Development,2,3,Life Sciences,176,Male,1,Healthcare Representative,Married,88370,2.0,18,0,15.0,3,3,1,2,2,3,3.0,4.0,3.0,234,9.179540598290602,3
31,No,Travel_Rarely,Research & Development,7,3,Life Sciences,177,Male,2,Research Director,Divorced,53430,1.0,14,1,13.0,3,13,0,8,3,3,3.0,2.0,4.0,236,6.378153248587573,3
33,Yes,Travel_Rarely,Research & Development,10,3,Life Sciences,178,Female,4,Research Director,Married,67280,7.0,22,0,15.0,2,7,7,7,2,4,2.0,3.0,4.0,234,8.477647198480538,3
33,Yes,Travel_Rarely,Sales,5,4,Marketing,179,Male,2,Research Director,Divorced,66520,7.0,25,0,8.0,5,4,1,3,3,4,1.0,4.0,3.0,244,6.965121812386158,3
30,No,Travel_Rarely,Research & Development,2,3,Life Sciences,180,Male,1,Sales Executive,Single,48500,0.0,12,1,4.0,4,3,1,2,3,3,4.0,2.0,3.0,241,6.474620792992164,3
35,No,Travel_Rarely,Research & Development,12,2,Medical,181,Female,2,Sales Representative,Married,28090,4.0,23,1,10.0,2,8,0,0,1,4,4.0,3.0,3.0,242,8.876004361799815,3
31,Yes,Travel_Frequently,Research & Development,22,2,Medical,182,Female,2,Sales Executive,Married,56890,3.0,15,2,12.0,2,1,0,0,2,3,1.0,3.0,3.0,228,6.588341861598437,3
34,Yes,Travel_Frequently,Sales,17,1,Marketing,183,Male,1,Research Director,Divorced,20010,9.0,22,1,11.0,5,3,0,2,4,4,2.0,1.0,3.0,237,10.995573136427565,3
42,No,Travel_Frequently,Research & Development,2,4,Medical,184,Female,1,Research Scientist,Married,29770,4.0,15,3,8.0,3,2,2,0,2,3,2.0,3.0,3.0,236,7.810652071563088,4
36,No,Non-Travel,Research & Development,3,4,Medical,185,Male,1,Research Scientist,Single,40250,1.0,11,0,10.0,3,10,9,7,3,3,2.0,4.0,2.0,244,7.229256602914389,3
22,Yes,Travel_Frequently,Research & Development,7,3,Medical,186,Female,2,Laboratory Technician,Single,37850,5.0,13,2,4.0,2,2,1,2,3,3,3.0,3.0,3.0,234,6.419389838556503,3
48,No,Travel_Rarely,Research & Development,6,3,Medical,187,Male,1,Laboratory Technician,Married,108540,2.0,14,1,14.0,6,9,6,7,3,3,2.0,4.0,3.0,231,6.77962361712362,3
55,No,Travel_Rarely,Research & Development,1,3,Medical,188,Female,1,Sales Executive,Single,120310,3.0,11,0,37.0,5,10,7,7,3,3,1.0,2.0,3.0,234,7.39080959164292,3
41,No,Non-Travel,Research & Development,3,2,Life Sciences,189,Female,2,Research Scientist,Single,99360,7.0,17,1,16.0,2,14,1,10,2,3,4.0,4.0,3.0,230,6.19204951690821,4
35,No,Travel_Rarely,Research & Development,22,3,Medical,190,Female,1,Sales Representative,Married,29660,9.0,18,0,15.0,2,11,6,9,2,3,2.0,3.0,3.0,233,6.014660228898429,3
40,No,Travel_Rarely,Research & Development,15,3,Life Sciences,191,Female,2,Laboratory Technician,Single,25710,7.0,14,0,22.0,1,20,5,13,3,3,2.0,3.0,3.0,244,7.301029143897992,3
39,No,Travel_Frequently,Research & Development,12,1,Medical,192,Male,1,Research Scientist,Married,99910,1.0,16,1,8.0,3,8,0,7,3,3,3.0,3.0,3.0,242,7.061997245179061,3
31,No,Travel_Rarely,Research & Development,1,4,Life Sciences,193,Male,3,Research Director,Single,61420,4.0,13,2,10.0,2,6,0,5,2,3,2.0,4.0,4.0,242,8.724735996326904,3
42,No,Travel_Rarely,Research & Development,5,3,Medical,194,Male,3,Sales Executive,Married,53900,1.0,14,0,10.0,3,10,5,8,3,3,4.0,1.0,2.0,236,10.807604755178918,3
45,No,Travel_Rarely,Research & Development,2,1,Medical,195,Female,4,Sales Executive,Married,44040,0.0,23,0,9.0,2,8,3,7,3,4,4.0,2.0,4.0,226,7.410288839724679,3
26,Yes,Travel_Frequently,Research & Development,2,1,Life Sciences,196,Female,2,Laboratory Technician,Divorced,59930,0.0,12,0,8.0,3,7,1,0,3,3,3.0,3.0,2.0,244,9.190491803278682,3
29,No,Travel_Rarely,Research & Development,5,3,Medical,197,Male,1,Research Scientist,Divorced,51300,4.0,11,0,8.0,3,3,1,2,2,3,4.0,4.0,4.0,228,7.393010477582845,3
33,No,Travel_Rarely,Research & Development,16,3,Medical,198,Female,1,Laboratory Technician,Divorced,20900,4.0,16,0,10.0,2,6,0,5,3,3,1.0,3.0,3.0,241,7.402587597971413,3
31,No,Travel_Rarely,Research & Development,2,4,Life Sciences,199,Female,1,Sales Executive,Divorced,29090,9.0,14,2,10.0,2,5,0,1,3,3,3.0,4.0,2.0,234,6.71170821462488,3
18,Yes,Travel_Frequently,Research & Development,2,3,Technical Degree,200,Male,1,Sales Executive,Single,34680,1.0,18,2,0.0,4,0,0,0,4,3,2.0,2.0,3.0,241,9.230231673582297,3
40,No,Non-Travel,Research & Development,1,4,Technical Degree,201,Female,2,Laboratory Technician,Divorced,30680,3.0,19,0,20.0,3,1,0,1,2,3,3.0,1.0,3.0,239,6.880860065086007,3
41,No,Non-Travel,Research & Development,23,3,Life Sciences,202,Male,2,Manufacturing Director,Single,26700,2.0,15,2,10.0,2,8,0,7,2,3,1.0,3.0,3.0,230,9.292572463768122,3
26,No,Travel_Rarely,Research & Development,9,4,Medical,203,Male,3,Healthcare Representative,Divorced,26930,5.0,17,3,8.0,3,0,0,0,2,3,1.0,3.0,3.0,229,6.0161487142164,3
35,No,Travel_Rarely,Research & Development,16,4,Medical,204,Male,2,Human Resources,Single,95260,1.0,15,0,5.0,2,5,0,3,2,3,1.0,3.0,3.0,228,6.326000243664721,3
34,No,Travel_Rarely,Research & Development,26,3,Medical,205,Male,1,Laboratory Technician,Single,52370,1.0,19,1,10.0,3,10,5,7,2,3,4.0,4.0,3.0,237,6.406121659634321,3
26,Yes,Travel_Rarely,Sales,1,3,Marketing,206,Female,2,Manufacturing Director,Single,24260,1.0,22,0,1.0,3,1,0,0,1,4,3.0,4.0,1.0,233,8.751425846447303,3
37,No,Travel_Rarely,Research & Development,8,1,Life Sciences,207,Male,1,Sales Executive,Single,41930,4.0,16,1,12.0,5,6,1,2,3,3,2.0,4.0,4.0,240,7.3898275462963,3
46,No,Travel_Frequently,Research & Development,4,1,Medical,208,Male,5,Human Resources,Married,29110,5.0,13,0,28.0,3,2,1,2,3,3,1.0,3.0,2.0,228,6.1961890838206655,4
41,No,Travel_Rarely,Research & Development,24,1,Life Sciences,209,Male,1,Research Director,Married,26610,7.0,14,1,22.0,2,18,11,8,3,3,2.0,1.0,3.0,239,7.7062796373779605,3
37,No,Non-Travel,Research & Development,7,2,Medical,210,Male,1,Sales Executive,Divorced,20280,1.0,16,1,9.0,3,9,7,7,3,3,1.0,2.0,3.0,241,7.506634393729826,3
52,No,Travel_Rarely,Sales,2,1,Medical,211,Male,1,Laboratory Technician,Divorced,99800,2.0,11,1,18.0,2,10,6,9,3,3,4.0,1.0,3.0,244,9.075687613843355,3
32,Yes,Non-Travel,Research & Development,7,2,Life Sciences,212,Female,2,Research Director,Married,32980,8.0,22,0,6.0,4,4,1,2,2,4,4.0,3.0,3.0,241,5.993242277547261,3
24,No,Travel_Frequently,Sales,22,3,Life Sciences,213,Female,1,Healthcare Representative,Married,29350,0.0,14,2,3.0,5,2,2,1,2,3,4.0,4.0,3.0,242,6.030856290174475,3
38,No,Travel_Rarely,Research & Development,5,3,Life Sciences,214,Female,1,Research Scientist,Married,154270,3.0,16,1,18.0,2,1,0,0,3,3,3.0,3.0,3.0,239,6.020102278010228,3
37,No,Travel_Rarely,Research & Development,1,4,Technical Degree,215,Female,5,Research Scientist,Married,39440,6.0,11,2,8.0,3,6,4,3,3,3,2.0,2.0,2.0,237,6.899095171120483,3
49,No,Travel_Rarely,Sales,21,1,Life Sciences,216,Male,1,Sales Executive,Divorced,40110,1.0,18,2,31.0,2,31,0,9,1,3,4.0,3.0,3.0,241,10.781685108344863,3
24,No,Travel_Rarely,Sales,1,3,Marketing,217,Female,1,Sales Executive,Married,34070,1.0,15,2,6.0,2,6,1,4,2,3,2.0,4.0,3.0,231,8.983126503126497,3
26,No,Travel_Rarely,Research & Development,19,4,Technical Degree,218,Female,4,Sales Executive,Married,119940,1.0,14,1,6.0,6,5,1,4,3,3,1.0,2.0,4.0,242,7.383425160697889,3
24,No,Travel_Rarely,Sales,7,3,Medical,219,Female,1,Laboratory Technician,Married,12320,1.0,12,0,1.0,4,1,0,0,1,3,4.0,2.0,3.0,232,6.82366618773946,4
50,No,Travel_Frequently,Sales,2,2,Marketing,220,Male,1,Sales Executive,Married,29600,1.0,14,3,32.0,2,32,10,7,3,3,1.0,2.0,3.0,244,6.789116575591986,3
25,No,Travel_Rarely,Research & Development,2,3,Life Sciences,221,Male,1,Research Scientist,Married,190940,1.0,16,0,7.0,3,7,0,6,2,3,2.0,3.0,3.0,227,7.409312285854138,3
24,Yes,Travel_Frequently,Research & Development,2,3,Medical,222,Male,2,Research Scientist,Married,39190,1.0,21,0,6.0,3,6,1,2,3,4,1.0,3.0,3.0,246,10.825435862691958,3
30,Yes,Travel_Frequently,Research & Development,9,3,Other,223,Male,2,Healthcare Representative,Married,68250,1.0,14,0,1.0,2,1,0,0,3,3,2.0,1.0,4.0,233,6.877650214592273,3
34,No,Travel_Rarely,Sales,6,2,Life Sciences,224,Male,4,Research Director,Married,102480,1.0,12,1,6.0,4,6,1,3,3,3,2.0,4.0,3.0,231,8.906513949013952,3
31,Yes,Travel_Rarely,Research & Development,9,1,Medical,225,Female,1,Sales Representative,Divorced,189470,2.0,12,2,9.0,2,3,1,2,2,3,2.0,1.0,1.0,239,6.683451882845184,3
35,No,Travel_Rarely,Research & Development,2,3,Life Sciences,226,Female,5,Sales Executive,Single,24960,4.0,17,3,9.0,3,3,0,2,3,3,1.0,4.0,3.0,239,7.924495583449563,3
31,No,Travel_Rarely,Sales,1,3,Marketing,227,Female,2,Sales Executive,Divorced,64650,4.0,17,0,13.0,3,7,5,7,3,3,1.0,4.0,4.0,234,6.310503323836655,3
27,No,Travel_Rarely,Sales,22,4,Medical,228,Male,1,Sales Representative,Divorced,22060,0.0,14,1,6.0,4,5,0,3,3,3,1.0,3.0,2.0,239,7.887926545792655,4
37,No,Travel_Rarely,Sales,9,4,Marketing,229,Female,2,Laboratory Technician,Married,20860,4.0,14,0,17.0,3,3,1,0,3,3,4.0,3.0,2.0,243,8.882879515317786,3
20,No,Travel_Rarely,Research & Development,17,4,Medical,230,Female,1,Sales Representative,Single,22930,1.0,13,2,1.0,3,1,0,0,1,3,4.0,2.0,4.0,242,7.089900137741048,3
42,No,Travel_Rarely,Research & Development,28,4,Life Sciences,231,Female,2,Manufacturing Director,Married,26450,1.0,15,0,10.0,5,10,2,2,3,3,3.0,4.0,3.0,235,7.490815602836882,3
43,No,Travel_Rarely,Research & Development,10,5,Technical Degree,232,Female,2,Sales Executive,Divorced,26830,4.0,11,0,21.0,3,1,0,0,3,3,2.0,4.0,2.0,245,8.685538548752831,3
38,No,Travel_Rarely,Human Resources,2,4,Medical,233,Male,1,Human Resources,Single,20140,3.0,17,1,8.0,5,0,0,0,4,3,3.0,1.0,2.0,242,6.8024483471074335,3
43,No,Travel_Frequently,Sales,4,3,Medical,234,Female,2,Healthcare Representative,Divorced,34190,3.0,11,1,10.0,5,8,4,7,3,3,4.0,3.0,3.0,243,9.126422039323272,3
48,No,Travel_Rarely,Research & Development,8,1,Medical,235,Male,2,Laboratory Technician,Married,53760,7.0,13,1,21.0,3,3,0,2,4,3,4.0,1.0,1.0,237,7.016586966713546,3
44,No,Travel_Rarely,Sales,29,4,Marketing,236,Male,2,Sales Executive,Single,19510,4.0,22,3,10.0,4,2,0,2,4,4,1.0,3.0,4.0,228,6.704297027290446,5
34,No,Travel_Rarely,Research & Development,13,4,Life Sciences,237,Female,1,Laboratory Technician,Divorced,23410,1.0,20,2,8.0,3,8,0,6,2,4,3.0,3.0,3.0,233,8.40203862660944,3
27,Yes,Travel_Rarely,Sales,27,3,Life Sciences,238,Male,2,Research Scientist,Divorced,22930,0.0,18,0,5.0,0,4,0,2,3,3,3.0,1.0,3.0,239,6.4830741515574175,3
21,No,Travel_Rarely,Sales,16,2,Life Sciences,239,Male,3,Sales Executive,Single,87260,1.0,11,1,3.0,2,3,1,2,1,3,3.0,3.0,3.0,230,7.233100241545896,3
44,No,Travel_Rarely,Research & Development,2,2,Life Sciences,240,Male,1,Laboratory Technician,Married,40110,4.0,14,1,26.0,2,2,0,1,3,3,4.0,4.0,4.0,231,8.690202020202024,3
22,No,Travel_Rarely,Research & Development,2,2,Medical,241,Female,2,Laboratory Technician,Married,195450,0.0,14,0,3.0,3,2,2,2,2,3,1.0,3.0,3.0,227,6.037342143906019,3
33,No,Travel_Rarely,Sales,13,4,Marketing,242,Female,2,Manufacturing Director,Divorced,45680,0.0,18,1,6.0,2,5,1,2,3,3,3.0,3.0,3.0,235,7.282165484633565,4
32,No,Travel_Rarely,Research & Development,1,1,Life Sciences,243,Female,1,Healthcare Representative,Married,30220,1.0,16,1,6.0,3,6,0,5,3,3,1.0,4.0,2.0,242,9.377237144168957,3
30,No,Travel_Frequently,Research & Development,4,5,Technical Degree,244,Male,3,Manager,Divorced,57720,1.0,17,0,1.0,3,1,0,0,3,3,3.0,3.0,3.0,237,7.309830051570559,4
53,No,Travel_Rarely,Research & Development,24,3,Other,245,Female,3,Manager,Single,22690,7.0,11,1,18.0,2,14,8,10,2,3,4.0,1.0,4.0,235,7.113752955082737,3
34,No,Travel_Rarely,Research & Development,1,5,Medical,246,Male,1,Research Scientist,Married,53810,1.0,12,0,10.0,0,10,8,8,3,3,2.0,4.0,2.0,239,7.438477452347751,3
45,Yes,Travel_Frequently,Research & Development,19,4,Life Sciences,247,Male,3,Research Director,Married,34410,2.0,13,1,5.0,5,1,0,0,3,3,1.0,1.0,3.0,228,7.574113060428853,3
26,No,Travel_Rarely,Research & Development,7,2,Life Sciences,248,Male,1,Manufacturing Director,Married,54540,1.0,13,1,3.0,5,3,0,2,4,3,3.0,4.0,3.0,244,9.9631910291439,3
37,No,Travel_Rarely,Research & Development,4,3,Medical,249,Male,1,Manager,Married,98840,1.0,14,0,10.0,3,10,7,8,2,3,3.0,3.0,3.0,238,6.214981325863681,3
29,No,Travel_Rarely,Research & Development,2,3,Life Sciences,250,Female,1,Healthcare Representative,Married,41570,1.0,17,3,6.0,2,6,1,2,3,3,2.0,3.0,2.0,234,6.810724121557459,4
35,No,Travel_Rarely,Research & Development,10,5,Medical,251,Female,4,Laboratory Technician,Single,134580,1.0,11,0,17.0,3,17,11,8,3,3,2.0,4.0,3.0,237,6.655866150961085,3
33,No,Travel_Frequently,Research & Development,8,3,Technical Degree,252,Male,2,Laboratory Technician,Divorced,90690,3.0,25,1,15.0,3,13,4,7,3,4,3.0,4.0,1.0,242,7.514910468319559,3
54,No,Travel_Rarely,Research & Development,5,2,Life Sciences,253,Female,2,Sales Executive,Married,40140,2.0,19,1,16.0,4,9,7,1,2,3,3.0,2.0,4.0,228,6.40839790448343,3
36,No,Travel_Rarely,Research & Development,8,3,Life Sciences,254,Male,2,Research Scientist,Divorced,59150,2.0,13,1,13.0,3,3,0,2,2,3,2.0,2.0,3.0,237,10.702960618846696,3
27,No,Travel_Rarely,Sales,9,3,Marketing,255,Male,5,Research Director,Single,59930,0.0,14,1,5.0,3,4,1,1,1,3,1.0,4.0,3.0,230,7.0032198067632825,3
20,Yes,Travel_Rarely,Research & Development,1,3,Life Sciences,256,Male,5,Sales Representative,Single,61620,1.0,12,3,1.0,2,1,1,1,2,3,4.0,3.0,3.0,238,8.629089635854347,3
33,Yes,Travel_Frequently,Research & Development,15,4,Medical,257,Female,1,Laboratory Technician,Single,24060,1.0,11,0,10.0,3,10,9,7,3,3,1.0,1.0,3.0,246,10.402638888888898,3
35,No,Non-Travel,Research & Development,2,1,Medical,258,Male,1,Research Scientist,Married,187400,1.0,19,1,1.0,2,1,0,0,4,3,3.0,3.0,3.0,231,6.731132756132759,3
23,No,Travel_Rarely,Research & Development,2,3,Life Sciences,259,Male,1,Healthcare Representative,Married,76370,2.0,11,1,5.0,3,3,0,2,3,3,1.0,1.0,4.0,234,7.089940645773973,4
25,No,Travel_Rarely,Research & Development,11,3,Medical,260,Male,2,Manufacturing Director,Married,100960,0.0,11,1,4.0,3,3,1,2,3,3,4.0,2.0,3.0,241,7.680787229137852,3
38,No,Travel_Rarely,Research & Development,16,3,Life Sciences,261,Male,5,Research Scientist,Single,147560,0.0,20,1,8.0,3,7,0,5,2,4,4.0,4.0,3.0,242,6.798771808999082,3
29,No,Travel_Frequently,Sales,2,4,Life Sciences,262,Male,4,Healthcare Representative,Divorced,64990,1.0,18,3,10.0,3,10,2,8,2,3,2.0,4.0,3.0,229,7.805469432314412,3
48,No,Travel_Rarely,Research & Development,16,3,Technical Degree,263,Male,1,Sales Executive,Married,97240,3.0,13,0,12.0,2,2,2,2,4,3,2.0,2.0,3.0,230,7.0984033816425125,3
27,No,Travel_Frequently,Sales,4,3,Technical Degree,264,Male,5,Laboratory Technician,Divorced,21940,1.0,12,0,6.0,5,6,0,4,3,3,4.0,4.0,3.0,234,8.886216761633428,3
37,No,Travel_Rarely,Research & Development,16,3,Life Sciences,265,Male,3,Manager,Single,33880,3.0,11,0,4.0,2,1,0,0,4,3,4.0,4.0,3.0,229,7.604899320718096,3
50,No,Travel_Rarely,Sales,5,3,Medical,266,Male,1,Laboratory Technician,Married,54730,1.0,19,1,20.0,2,20,3,8,4,3,4.0,3.0,3.0,246,9.11923328816621,3
34,No,Travel_Rarely,Research & Development,18,1,Medical,267,Male,1,Healthcare Representative,Single,27030,1.0,21,1,9.0,2,8,7,7,3,4,4.0,2.0,4.0,232,6.820739942528737,3
24,Yes,Travel_Rarely,Research & Development,17,2,Life Sciences,268,Female,1,Healthcare Representative,Single,25010,9.0,12,0,4.0,3,2,2,0,1,3,1.0,3.0,3.0,241,7.512698248040573,3
39,No,Travel_Rarely,Research & Development,12,5,Medical,269,Female,1,Sales Representative,Single,62200,1.0,14,2,20.0,2,20,11,10,3,3,4.0,3.0,3.0,233,6.712491654744877,3
32,No,Travel_Rarely,Research & Development,2,3,Life Sciences,270,Male,5,Research Scientist,Single,30380,1.0,11,0,10.0,5,10,0,8,1,3,4.0,4.0,2.0,234,7.899165479582145,3
50,Yes,Travel_Frequently,Research & Development,4,2,Medical,271,Male,4,Sales Representative,Married,44240,3.0,14,1,18.0,2,4,1,3,2,3,2.0,3.0,3.0,246,8.205001129177957,3
38,No,Travel_Rarely,Research & Development,9,4,Life Sciences,272,Male,1,Sales Executive,Single,43120,0.0,12,1,10.0,2,9,1,8,2,3,2.0,4.0,2.0,233,7.16521459227468,3
27,No,Travel_Rarely,Research & Development,10,3,Medical,273,Male,5,Research Scientist,Married,132450,1.0,23,1,9.0,3,9,0,7,2,4,3.0,1.0,3.0,231,6.51059523809524,4
32,No,Travel_Rarely,Sales,1,3,Medical,274,Male,2,Sales Executive,Single,136640,3.0,14,0,10.0,6,7,7,7,3,3,3.0,4.0,3.0,230,7.932475845410629,3
47,No,Travel_Rarely,Research & Development,2,3,Medical,275,Female,5,Sales Executive,Single,50210,2.0,17,0,20.0,3,7,1,7,3,3,4.0,1.0,3.0,231,6.717376142376142,3
40,No,Travel_Frequently,Research & Development,3,4,Medical,276,Female,3,Human Resources,Married,51260,5.0,18,0,20.0,2,18,1,12,3,3,4.0,1.0,3.0,242,8.616050275482097,3
53,No,Travel_Rarely,Research & Development,7,1,Life Sciences,277,Male,2,Laboratory Technician,Married,28590,3.0,18,1,32.0,2,5,1,3,3,3,3.0,3.0,3.0,230,6.755989130434779,4
41,No,Travel_Rarely,Sales,6,3,Medical,278,Male,1,Sales Executive,Divorced,102390,3.0,24,3,23.0,3,21,12,6,3,4,2.0,4.0,2.0,227,7.7105482134116485,3
60,No,Travel_Rarely,Research & Development,8,2,Life Sciences,279,Female,5,Laboratory Technician,Single,53290,8.0,20,0,10.0,3,2,2,2,4,4,1.0,1.0,3.0,237,6.608694327238628,3
27,No,Travel_Frequently,Research & Development,29,1,Life Sciences,280,Male,2,Manufacturing Director,Divorced,43250,1.0,14,0,9.0,2,9,1,7,2,3,4.0,1.0,2.0,237,7.345515705578996,3
41,No,Travel_Rarely,Research & Development,3,3,Medical,281,Male,1,Manufacturing Director,Married,72600,1.0,16,0,22.0,2,22,2,10,3,3,4.0,3.0,3.0,233,6.168100858369102,3
50,No,Travel_Rarely,Sales,9,3,Life Sciences,282,Male,2,Research Scientist,Married,23220,7.0,25,1,4.0,0,2,2,2,4,4,4.0,2.0,3.0,227,7.386711943220752,3
28,Yes,Travel_Rarely,Sales,2,4,Life Sciences,283,Male,3,Research Scientist,Single,20750,7.0,18,3,10.0,0,7,3,7,2,3,1.0,2.0,3.0,229,8.098430373605042,3
36,No,Non-Travel,Research & Development,10,4,Technical Degree,284,Female,2,Research Scientist,Married,41520,9.0,19,1,10.0,3,8,0,5,3,3,1.0,1.0,3.0,238,6.0201692343604085,3
38,No,Travel_Rarely,Research & Development,1,3,Medical,285,Female,3,Manager,Single,96190,4.0,13,1,10.0,2,1,0,0,3,3,3.0,3.0,4.0,229,9.813845220766613,4
44,No,Non-Travel,Research & Development,8,2,Life Sciences,286,Male,1,Research Scientist,Single,135030,2.0,12,0,9.0,6,5,1,4,2,3,1.0,3.0,3.0,241,6.108189257722456,3
47,No,Travel_Frequently,Research & Development,27,3,Life Sciences,287,Male,1,Research Scientist,Divorced,54410,9.0,22,1,28.0,6,22,11,13,2,4,4.0,3.0,2.0,229,8.305402717127606,3
30,No,Travel_Rarely,Research & Development,8,3,Life Sciences,288,Male,2,Sales Executive,Divorced,52090,7.0,14,1,10.0,3,8,7,7,3,3,3.0,4.0,2.0,233,7.52110395803529,3
29,No,Travel_Rarely,Research & Development,1,2,Medical,289,Female,1,Sales Executive,Single,106730,1.0,13,3,1.0,2,1,0,0,3,3,3.0,3.0,3.0,243,6.406720393232739,3
42,Yes,Travel_Frequently,Research & Development,10,1,Life Sciences,290,Female,1,Sales Executive,Divorced,50100,6.0,21,3,7.0,3,2,2,2,3,4,3.0,3.0,3.0,239,10.005455602045567,3
43,No,Travel_Frequently,Research & Development,26,1,Life Sciences,291,Male,1,Laboratory Technician,Married,135490,3.0,11,2,7.0,3,2,2,2,3,3,4.0,4.0,3.0,236,7.09778601694915,3
34,No,Travel_Rarely,Research & Development,2,5,Technical Degree,292,Male,2,Healthcare Representative,Single,49990,3.0,12,2,10.0,2,5,4,3,4,3,2.0,3.0,3.0,243,6.407837219935986,3
23,No,Travel_Rarely,Sales,13,3,Marketing,293,Male,5,Sales Executive,Married,42210,1.0,11,1,5.0,4,4,0,2,3,3,2.0,1.0,4.0,231,7.803427128427126,4
39,No,Travel_Rarely,Sales,2,4,Marketing,294,Female,4,Healthcare Representative,Married,138720,9.0,12,3,12.0,3,8,3,6,2,3,3.0,2.0,1.0,241,6.2958621484555115,3
56,No,Travel_Rarely,Research & Development,2,4,Medical,295,Male,1,Manager,Married,20420,7.0,12,0,30.0,6,10,1,1,3,3,3.0,4.0,2.0,233,7.136065808297571,3
40,No,Travel_Rarely,Sales,9,3,Marketing,296,Male,2,Research Scientist,Single,20730,0.0,14,0,5.0,3,4,2,3,3,3,4.0,4.0,2.0,234,8.798176638176638,3
27,No,Travel_Rarely,Research & Development,10,3,Life Sciences,297,Female,1,Laboratory Technician,Single,29560,8.0,13,0,9.0,6,7,0,7,3,3,4.0,1.0,1.0,244,7.50066370673953,3
29,No,Travel_Rarely,Sales,20,3,Marketing,298,Female,2,Manager,Divorced,29260,1.0,15,1,2.0,3,2,2,2,2,3,4.0,2.0,3.0,229,7.083401261523527,3
53,No,Travel_Rarely,Research & Development,9,3,Life Sciences,299,Female,3,Laboratory Technician,Single,48090,2.0,18,0,19.0,2,2,2,2,3,3,4.0,4.0,3.0,227,6.276725403817918,3
35,No,Non-Travel,Research & Development,5,1,Medical,300,Male,1,Healthcare Representative,Divorced,51630,2.0,18,2,16.0,4,1,0,0,3,3,4.0,1.0,4.0,231,7.098347763347762,3
32,No,Travel_Frequently,Sales,4,4,Life Sciences,301,Male,2,Sales Executive,Married,188440,1.0,19,0,10.0,3,10,4,7,1,3,3.0,4.0,3.0,227,7.805346304454226,3
38,No,Travel_Rarely,Sales,10,3,Medical,302,Male,4,Laboratory Technician,Married,181720,6.0,12,2,6.0,5,1,0,1,3,3,4.0,3.0,1.0,237,10.90283052039381,3
34,No,Travel_Rarely,Research & Development,20,3,Medical,303,Female,3,Laboratory Technician,Divorced,57440,3.0,19,1,7.0,4,0,0,0,2,3,2.0,1.0,3.0,238,6.192482492997199,3
52,No,Travel_Rarely,Sales,21,5,Technical Degree,304,Male,3,Manager,Married,28890,1.0,11,1,34.0,2,34,1,16,3,3,3.0,1.0,4.0,230,5.994694444444447,3
33,Yes,Travel_Rarely,Research & Development,1,2,Medical,305,Male,3,Laboratory Technician,Single,28710,1.0,17,3,10.0,2,10,7,8,3,3,4.0,4.0,2.0,238,10.05005485527545,3
25,No,Travel_Rarely,Research & Development,8,3,Life Sciences,306,Male,2,Research Scientist,Single,74840,1.0,15,0,6.0,3,6,1,4,3,3,3.0,4.0,2.0,232,7.678097461685826,3
45,No,Travel_Rarely,Sales,2,3,Life Sciences,307,Male,3,Healthcare Representative,Single,60740,0.0,14,0,9.0,2,8,3,1,3,3,2.0,3.0,3.0,235,5.9789278959810845,3
23,No,Travel_Rarely,Research & Development,23,1,Life Sciences,308,Female,2,Research Scientist,Single,173280,1.0,17,1,2.0,2,2,0,2,1,3,1.0,3.0,3.0,232,7.978443486590038,3
47,Yes,Travel_Frequently,Research & Development,4,3,Life Sciences,309,Male,1,Research Director,Single,27740,4.0,13,1,10.0,2,5,1,3,3,3,2.0,3.0,3.0,232,10.008350095785438,3
34,No,Travel_Rarely,Research & Development,12,3,Technical Degree,310,Male,1,Research Scientist,Single,45050,1.0,12,0,6.0,3,6,1,4,3,3,4.0,4.0,3.0,244,7.783258196721307,3
55,Yes,Travel_Rarely,Human Resources,7,3,Human Resources,311,Male,4,Laboratory Technician,Married,74280,5.0,12,0,24.0,2,5,1,4,3,3,4.0,1.0,3.0,239,7.978675034867509,3
36,No,Non-Travel,Research & Development,7,2,Life Sciences,312,Male,5,Sales Executive,Single,116310,1.0,18,1,10.0,2,10,0,9,1,3,1.0,1.0,3.0,232,7.403508141762455,3
52,No,Non-Travel,Research & Development,1,4,Life Sciences,313,Male,5,Sales Executive,Married,97380,0.0,18,2,5.0,2,4,1,2,3,3,4.0,4.0,3.0,242,7.212850091827361,3
26,No,Travel_Frequently,Research & Development,2,2,Life Sciences,314,Male,1,Manufacturing Director,Divorced,28350,3.0,11,1,5.0,2,2,2,0,3,3,1.0,4.0,3.0,232,7.081466714559382,3
29,No,Travel_Rarely,Research & Development,10,2,Medical,315,Male,3,Manufacturing Director,Married,169590,4.0,14,3,11.0,5,8,1,1,3,3,2.0,3.0,2.0,240,6.293542824074077,3
26,Yes,Travel_Rarely,Research & Development,15,2,Life Sciences,316,Male,2,Laboratory Technician,Single,26130,6.0,19,1,6.0,2,4,1,2,3,3,4.0,1.0,2.0,230,6.192324879227055,3
34,No,Travel_Rarely,Research & Development,14,4,Technical Degree,317,Male,2,Manufacturing Director,Single,61460,2.0,12,0,10.0,3,4,1,3,3,3,2.0,4.0,3.0,239,6.202630172013016,3
54,No,Travel_Rarely,Research & Development,18,4,Medical,318,Female,2,Laboratory Technician,Divorced,49630,9.0,15,1,9.0,2,5,1,4,3,3,4.0,1.0,3.0,244,8.909899817850642,3
27,No,Travel_Frequently,Research & Development,13,2,Life Sciences,319,Female,4,Research Scientist,Married,195370,0.0,12,0,5.0,5,4,1,1,3,3,3.0,4.0,3.0,238,6.809992997198875,3
37,No,Travel_Rarely,Sales,2,4,Technical Degree,320,Male,2,Manufacturing Director,Divorced,61720,0.0,11,0,6.0,1,5,4,3,3,3,4.0,1.0,2.0,243,9.45522633744856,3
38,No,Travel_Frequently,Sales,2,4,Life Sciences,321,Female,2,Research Scientist,Single,23680,6.0,11,1,17.0,3,15,4,12,3,3,1.0,1.0,3.0,242,10.810497015610652,3
34,No,Travel_Rarely,Sales,2,3,Marketing,322,Male,1,Sales Representative,Single,103120,1.0,12,0,6.0,2,6,1,3,3,3,3.0,1.0,3.0,231,6.9243169793169805,3
35,No,Travel_Rarely,Research & Development,5,4,Medical,323,Male,3,Manager,Married,16750,1.0,16,0,3.0,6,3,0,2,2,3,1.0,4.0,2.0,244,7.7993066939890685,3
30,No,Travel_Rarely,Research & Development,20,3,Medical,324,Male,1,Laboratory Technician,Married,25230,3.0,13,1,7.0,2,2,0,2,3,3,4.0,3.0,3.0,228,7.168747563352824,3
40,No,Travel_Frequently,Research & Development,10,4,Medical,325,Male,2,Manufacturing Director,Married,65670,1.0,13,1,8.0,3,8,3,7,4,3,3.0,2.0,3.0,243,6.453228166438044,3
34,No,Travel_Rarely,Research & Development,10,3,Life Sciences,326,Male,3,Healthcare Representative,Married,47390,5.0,24,2,6.0,2,3,1,2,3,4,3.0,1.0,3.0,229,7.936015283842795,3
42,No,Travel_Frequently,Research & Development,9,4,Medical,327,Male,1,Manufacturing Director,Divorced,92080,1.0,15,1,24.0,2,24,14,9,4,3,2.0,4.0,2.0,242,7.82275941230487,3
23,Yes,Travel_Rarely,Sales,2,3,Medical,328,Female,4,Manufacturing Director,Married,45590,1.0,18,1,1.0,2,0,0,0,2,3,3.0,1.0,3.0,237,7.97509610876699,3
24,No,Non-Travel,Sales,1,5,Marketing,329,Female,1,Manufacturing Director,Divorced,81890,1.0,14,1,1.0,3,1,0,0,3,3,3.0,2.0,3.0,241,6.815337713231901,3
52,No,Travel_Rarely,Research & Development,29,3,Life Sciences,330,Male,2,Manufacturing Director,Married,29420,8.0,11,1,9.0,1,5,1,4,2,3,4.0,3.0,3.0,237,6.073565400843878,3
50,No,Travel_Rarely,Research & Development,8,4,Life Sciences,331,Male,2,Sales Executive,Married,49410,5.0,11,1,30.0,3,4,0,3,1,3,3.0,3.0,3.0,236,6.410002354048964,4
29,Yes,Travel_Rarely,Sales,2,4,Marketing,332,Female,4,Research Scientist,Married,106500,1.0,13,2,1.0,2,1,0,0,4,3,2.0,1.0,3.0,248,10.695543234767023,3
33,No,Travel_Rarely,Research & Development,3,4,Life Sciences,333,Male,4,Manufacturing Director,Married,59020,0.0,12,1,14.0,2,13,3,7,3,3,3.0,3.0,4.0,241,6.985387275242047,3
33,Yes,Travel_Rarely,Research & Development,23,5,Life Sciences,334,Male,1,Human Resources,Single,86390,5.0,16,2,6.0,3,3,0,2,2,3,1.0,1.0,3.0,242,7.9868342516069815,3
47,No,Travel_Rarely,Research & Development,6,4,Other,335,Male,2,Manager,Married,63470,1.0,14,0,26.0,2,26,3,0,4,3,3.0,4.0,2.0,238,9.466814892623711,3
36,No,Travel_Rarely,Sales,6,3,Medical,336,Female,2,Sales Executive,Married,42000,0.0,22,0,10.0,3,9,0,5,3,4,3.0,2.0,3.0,228,7.715425194931772,4
29,No,Travel_Rarely,Research & Development,10,3,Other,337,Male,1,Research Scientist,Married,34520,1.0,11,0,10.0,3,10,0,7,2,3,3.0,3.0,3.0,233,7.725977587029093,3
58,Yes,Travel_Rarely,Research & Development,24,3,Other,338,Female,2,Research Scientist,Single,43170,7.0,17,0,40.0,2,31,13,8,3,3,4.0,2.0,3.0,232,8.896329022988503,4
35,No,Travel_Rarely,Sales,10,4,Marketing,339,Female,1,Research Scientist,Single,26320,3.0,13,3,7.0,3,2,2,2,4,3,4.0,3.0,3.0,237,7.7813279418659125,3
42,No,Travel_Rarely,Sales,15,1,Marketing,340,Male,2,Laboratory Technician,Married,46680,9.0,18,2,8.0,2,4,0,2,3,3,4.0,4.0,3.0,232,10.472171934865905,3
28,Yes,Travel_Rarely,Research & Development,19,4,Medical,341,Female,2,Sales Executive,Single,32040,6.0,16,1,5.0,4,2,2,1,2,3,3.0,3.0,2.0,230,6.202743961352658,4
36,No,Travel_Rarely,Research & Development,2,3,Life Sciences,342,Male,2,Healthcare Representative,Married,27200,4.0,14,1,8.0,3,5,0,4,3,3,3.0,2.0,3.0,228,6.620693226120854,3
32,No,Travel_Rarely,Research & Development,3,1,Medical,343,Male,2,Manufacturing Director,Married,171810,1.0,14,0,14.0,2,14,6,8,2,3,3.0,3.0,3.0,231,7.992996632996639,4
40,No,Travel_Frequently,Sales,9,3,Marketing,344,Male,3,Manufacturing Director,Single,22380,2.0,14,0,10.0,3,1,0,0,3,3,1.0,3.0,3.0,232,6.885680076628349,3
30,No,Travel_Rarely,Research & Development,7,3,Technical Degree,345,Male,2,Research Director,Single,14830,5.0,13,0,12.0,3,0,0,0,3,3,3.0,4.0,2.0,245,9.377876417233553,3
45,No,Travel_Rarely,Research & Development,10,4,Life Sciences,346,Male,1,Research Director,Single,56050,1.0,12,2,1.0,2,1,0,0,3,3,2.0,3.0,3.0,231,6.619438431938434,4
42,No,Travel_Rarely,Research & Development,20,2,Medical,347,Male,2,Sales Representative,Married,72950,1.0,15,0,10.0,3,9,7,8,3,3,2.0,2.0,2.0,243,7.581864426154553,3
38,No,Travel_Frequently,Sales,4,3,Medical,348,Male,2,Research Scientist,Divorced,23060,2.0,19,1,13.0,5,4,1,2,3,3,1.0,1.0,2.0,242,7.595101010101013,3
34,No,Travel_Frequently,Research & Development,7,4,Life Sciences,349,Male,3,Laboratory Technician,Single,23480,1.0,14,1,6.0,3,5,1,3,3,3,3.0,4.0,3.0,235,6.873507092198583,3
49,Yes,Travel_Rarely,Sales,7,2,Life Sciences,350,Female,2,Healthcare Representative,Married,89980,1.0,14,2,9.0,2,9,7,7,4,3,3.0,4.0,4.0,231,6.287247474747479,3
55,Yes,Travel_Rarely,Human Resources,16,3,Technical Degree,351,Male,4,Manufacturing Director,Single,43190,4.0,11,0,12.0,3,9,7,3,4,3,3.0,4.0,2.0,228,6.37648635477583,3
43,No,Travel_Rarely,Research & Development,25,2,Medical,352,Male,2,Healthcare Representative,Married,61320,6.0,13,0,22.0,3,4,1,0,2,3,2.0,1.0,3.0,231,7.33441197691198,4
27,No,Travel_Rarely,Sales,2,4,Medical,353,Male,2,Manager,Divorced,33460,1.0,21,1,9.0,2,9,0,8,2,4,3.0,4.0,3.0,234,10.494040835707498,5
35,No,Travel_Rarely,Research & Development,1,3,Medical,354,Male,1,Research Director,Single,108550,3.0,13,1,17.0,2,8,1,6,3,3,3.0,3.0,4.0,238,6.99478991596639,3
28,No,Travel_Rarely,Sales,1,2,Technical Degree,355,Female,1,Sales Executive,Married,22310,1.0,12,0,8.0,3,8,7,5,2,3,2.0,2.0,3.0,244,9.909392076502733,3
34,No,Travel_Rarely,Sales,2,5,Life Sciences,356,Male,4,Research Scientist,Married,23230,0.0,17,0,4.0,2,3,0,2,3,3,3.0,4.0,1.0,242,6.892396694214876,3
26,Yes,Travel_Frequently,Research & Development,22,4,Other,357,Female,1,Sales Executive,Married,20240,1.0,23,0,8.0,2,8,1,7,3,4,3.0,3.0,3.0,230,7.998314009661836,3
27,No,Non-Travel,Sales,1,3,Technical Degree,358,Female,1,Sales Executive,Married,27130,1.0,11,0,0.0,2,0,0,0,3,3,4.0,4.0,2.0,245,7.311344671201818,3
51,No,Travel_Rarely,Sales,16,3,Medical,359,Male,3,Research Scientist,Married,94390,2.0,15,3,29.0,0,20,4,17,3,3,1.0,3.0,2.0,231,6.114925444925446,3
44,No,Travel_Rarely,Sales,24,5,Medical,360,Female,1,Sales Executive,Single,25660,9.0,11,1,10.0,3,5,2,3,3,3,4.0,2.0,2.0,239,6.318081125058113,3
25,No,Travel_Rarely,Research & Development,17,3,Medical,361,Male,1,Laboratory Technician,Single,199260,7.0,11,3,6.0,5,4,0,1,4,3,1.0,1.0,2.0,238,6.416490429505138,4
33,No,Travel_Rarely,Research & Development,8,4,Life Sciences,362,Male,3,Laboratory Technician,Divorced,24510,1.0,13,1,9.0,3,9,0,8,2,3,1.0,1.0,3.0,241,6.0196254034117125,3
35,No,Travel_Rarely,Sales,6,4,Medical,363,Female,2,Manager,Single,94190,1.0,24,1,6.0,5,6,1,1,2,4,3.0,1.0,2.0,231,6.90325396825397,3
36,No,Travel_Rarely,Sales,10,4,Marketing,364,Male,3,Manager,Married,86860,1.0,13,0,18.0,2,18,4,11,3,3,2.0,4.0,2.0,235,9.704113475177293,3
32,No,Travel_Rarely,Research & Development,3,4,Medical,365,Female,4,Sales Executive,Divorced,30380,2.0,20,0,8.0,3,5,0,3,3,4,2.0,4.0,2.0,234,7.789356600189935,3
30,No,Travel_Frequently,Research & Development,4,5,Medical,366,Male,5,Sales Representative,Divorced,30580,9.0,14,1,10.0,2,5,0,3,3,3,2.0,4.0,2.0,230,6.412108695652172,3
53,No,Travel_Rarely,Sales,6,3,Marketing,367,Male,4,Sales Executive,Married,23250,7.0,18,1,35.0,1,5,0,4,4,3,1.0,4.0,3.0,245,10.391128117913825,3
45,No,Travel_Rarely,Research & Development,1,5,Technical Degree,368,Male,2,Healthcare Representative,Divorced,20880,4.0,15,3,18.0,2,5,0,2,3,3,4.0,1.0,3.0,237,8.524001406469765,3
32,No,Travel_Rarely,Sales,10,3,Marketing,369,Female,1,Human Resources,Married,30720,5.0,12,0,9.0,4,5,1,3,1,3,3.0,3.0,2.0,242,6.58656795224977,3
52,No,Travel_Frequently,Research & Development,1,1,Life Sciences,370,Male,2,Laboratory Technician,Married,50060,3.0,16,1,31.0,2,9,0,0,3,3,3.0,4.0,3.0,234,7.586581196581195,3
37,No,Travel_Rarely,Sales,24,2,Life Sciences,371,Female,4,Laboratory Technician,Divorced,42570,4.0,15,0,9.0,2,1,0,0,3,3,4.0,3.0,3.0,241,6.1043384047948335,3
28,No,Travel_Rarely,Research & Development,21,4,Life Sciences,372,Female,1,Healthcare Representative,Divorced,25000,1.0,16,2,6.0,3,5,0,4,3,3,2.0,4.0,3.0,227,6.291572442486535,3
22,No,Travel_Rarely,Research & Development,2,2,Life Sciences,373,Male,1,Sales Representative,Married,11020,6.0,19,0,4.0,3,2,2,2,2,3,4.0,4.0,1.0,232,6.482304837164748,3
44,No,Travel_Rarely,Research & Development,22,3,Medical,374,Female,1,Laboratory Technician,Married,104530,2.0,11,1,10.0,2,3,0,2,3,3,1.0,4.0,2.0,241,10.983654910096824,3
42,No,Travel_Frequently,Sales,13,4,Life Sciences,375,Female,2,Laboratory Technician,Single,22880,5.0,16,1,8.0,4,2,2,2,2,3,2.0,4.0,3.0,230,8.008833333333335,3
36,No,Travel_Rarely,Research & Development,14,3,Other,376,Male,2,Research Scientist,Married,39290,0.0,24,0,6.0,6,5,0,3,2,4,1.0,1.0,3.0,242,7.591120293847567,4
25,No,Travel_Rarely,Sales,11,3,Life Sciences,377,Female,1,Laboratory Technician,Married,23110,1.0,11,1,5.0,2,5,0,3,3,3,3.0,1.0,3.0,243,10.409626200274346,3
35,No,Travel_Rarely,Research & Development,9,2,Life Sciences,378,Female,1,Healthcare Representative,Married,31400,1.0,13,1,17.0,2,17,5,15,2,3,4.0,3.0,3.0,229,8.795422125181949,3
35,Yes,Travel_Frequently,Sales,8,2,Marketing,379,Female,1,Laboratory Technician,Divorced,36900,1.0,13,1,10.0,2,10,7,8,4,3,4.0,2.0,2.0,231,10.000467772967772,4
32,No,Non-Travel,Research & Development,21,3,Life Sciences,380,Male,1,Sales Executive,Divorced,44500,0.0,13,0,4.0,3,3,0,2,3,3,4.0,4.0,3.0,229,7.885713245997089,3
25,No,Travel_Rarely,Sales,5,3,Marketing,381,Female,4,Research Scientist,Married,27560,1.0,12,2,5.0,2,5,0,3,3,3,3.0,1.0,4.0,237,7.795277777777777,3
49,No,Travel_Rarely,Sales,9,3,Technical Degree,382,Female,2,Sales Representative,Married,190330,2.0,18,1,7.0,5,4,0,2,3,3,3.0,1.0,3.0,241,7.469465191332411,3
24,No,Non-Travel,Research & Development,2,5,Technical Degree,383,Male,2,Healthcare Representative,Married,187220,0.0,22,1,6.0,3,5,3,4,3,4,1.0,4.0,2.0,230,7.561153381642512,3
32,No,Travel_Frequently,Research & Development,12,5,Medical,384,Male,1,Research Scientist,Married,95470,1.0,13,1,10.0,3,10,5,3,2,3,2.0,2.0,3.0,235,6.814644208037825,3
38,No,Travel_Rarely,Sales,22,2,Medical,385,Male,1,Sales Executive,Married,137340,0.0,13,0,3.0,3,2,1,2,4,3,2.0,2.0,3.0,236,6.987524717514126,3
42,No,Travel_Rarely,Research & Development,18,1,Technical Degree,386,Female,2,Research Scientist,Married,199990,2.0,23,1,17.0,6,5,1,3,3,4,3.0,4.0,2.0,239,9.61490585774059,3
31,No,Travel_Rarely,Research & Development,16,3,Life Sciences,387,Female,3,Sales Executive,Married,22790,3.0,12,1,8.0,3,6,0,2,3,3,4.0,4.0,3.0,240,10.098353009259263,3
29,Yes,Travel_Rarely,Sales,3,3,Marketing,388,Male,3,Laboratory Technician,Divorced,59160,6.0,12,0,5.0,2,3,0,2,3,3,2.0,3.0,3.0,242,9.394445592286498,3
53,No,Travel_Rarely,Research & Development,9,3,Life Sciences,389,Male,1,Sales Representative,Married,20890,5.0,16,0,28.0,2,2,2,2,2,3,1.0,4.0,3.0,233,6.366061039580355,3
35,No,Travel_Rarely,Research & Development,1,3,Life Sciences,390,Male,3,Healthcare Representative,Married,167920,3.0,12,1,16.0,3,13,4,8,4,3,4.0,2.0,3.0,236,7.1050000000000075,4
37,No,Travel_Frequently,Research & Development,13,4,Life Sciences,391,Female,3,Human Resources,Married,35640,5.0,11,0,10.0,1,5,0,0,1,3,3.0,4.0,3.0,235,7.408802600472816,4
53,No,Travel_Rarely,Research & Development,1,1,Medical,392,Male,1,Sales Executive,Single,44250,6.0,22,1,33.0,2,12,3,8,4,4,4.0,4.0,3.0,244,6.669338570127502,3
43,No,Travel_Frequently,Research & Development,1,3,Medical,393,Male,1,Laboratory Technician,Married,52650,4.0,11,1,12.0,4,5,2,2,3,3,4.0,4.0,2.0,234,7.585617283950619,3
47,No,Travel_Rarely,Sales,15,4,Marketing,394,Female,3,Research Director,Married,65530,0.0,15,0,8.0,2,7,7,7,3,3,3.0,4.0,3.0,244,10.682913251366127,3
37,No,Non-Travel,Research & Development,1,5,Medical,395,Female,2,Research Scientist,Single,62610,1.0,12,0,10.0,1,10,0,9,3,3,1.0,2.0,3.0,237,8.309069385841536,3
50,No,Non-Travel,Research & Development,17,3,Medical,396,Female,1,Laboratory Technician,Divorced,42980,1.0,20,1,31.0,6,31,14,7,3,4,1.0,1.0,3.0,228,6.612721734892791,3
39,No,Travel_Rarely,Research & Development,1,3,Other,397,Female,3,Human Resources,Married,68040,8.0,14,1,13.0,3,5,0,4,2,3,4.0,4.0,3.0,245,6.882712018140582,3
33,No,Travel_Rarely,Sales,7,3,Life Sciences,398,Male,2,Manufacturing Director,Divorced,38150,3.0,11,1,7.0,3,4,0,3,3,3,4.0,2.0,4.0,235,9.41635460992908,3
32,Yes,Travel_Rarely,Research & Development,9,1,Medical,399,Female,1,Laboratory Technician,Single,27410,1.0,15,1,1.0,5,1,0,1,2,3,1.0,4.0,1.0,247,10.02503373819164,3
29,No,Travel_Rarely,Research & Development,5,4,Life Sciences,400,Female,4,Healthcare Representative,Divorced,66730,6.0,12,1,8.0,2,4,0,3,4,3,1.0,4.0,3.0,237,6.452346460384433,3
44,No,Travel_Rarely,Research & Development,26,2,Life Sciences,401,Male,2,Manufacturing Director,Married,76390,1.0,14,0,8.0,6,8,7,1,3,3,2.0,1.0,3.0,239,9.774024872152493,3
28,No,Travel_Rarely,Sales,24,5,Life Sciences,402,Female,1,Research Scientist,Single,23280,1.0,11,2,4.0,3,4,0,2,3,3,1.0,4.0,3.0,227,6.417041116005879,4
58,Yes,Travel_Frequently,Sales,9,2,Technical Degree,403,Male,1,Sales Executive,Divorced,21530,9.0,11,0,3.0,3,1,0,0,3,3,4.0,4.0,2.0,244,10.500407559198536,3
43,No,Travel_Rarely,Sales,7,4,Marketing,404,Male,2,Sales Executive,Divorced,48760,4.0,16,2,4.0,4,1,0,0,3,3,1.0,2.0,4.0,241,6.578010603964955,3
20,Yes,Travel_Rarely,Research & Development,11,3,Medical,405,Male,2,Sales Executive,Single,93960,1.0,12,0,2.0,6,2,0,2,1,3,3.0,3.0,2.0,234,7.105422602089267,3
21,Yes,Travel_Rarely,Research & Development,1,3,Medical,406,Male,2,Sales Executive,Single,104000,1.0,13,1,1.0,2,1,0,0,3,3,3.0,4.0,2.0,245,7.87793537414966,3
36,No,Travel_Rarely,Research & Development,26,4,Medical,407,Male,1,Laboratory Technician,Married,84740,0.0,14,0,17.0,3,16,4,11,3,3,3.0,4.0,2.0,244,10.297726548269582,3
47,No,Travel_Rarely,Research & Development,2,3,Life Sciences,408,Male,2,Manufacturing Director,Single,99810,1.0,21,1,3.0,3,3,1,2,3,4,4.0,4.0,2.0,237,8.485591889357712,3
22,Yes,Travel_Rarely,Research & Development,15,4,Life Sciences,409,Female,1,Laboratory Technician,Married,124900,0.0,13,0,4.0,3,3,0,2,3,3,2.0,3.0,4.0,241,9.80230982019364,3
41,Yes,Travel_Rarely,Research & Development,23,3,Life Sciences,410,Female,2,Sales Executive,Divorced,26570,4.0,11,0,10.0,3,7,1,0,4,3,2.0,4.0,2.0,231,10.41046055796056,3
28,No,Travel_Rarely,Research & Development,10,3,Life Sciences,411,Female,3,Manager,Divorced,135910,5.0,20,1,6.0,2,2,2,2,3,4,3.0,3.0,3.0,236,7.677303436911487,3
39,Yes,Travel_Rarely,Research & Development,10,4,Life Sciences,412,Female,4,Human Resources,Married,66960,7.0,11,0,8.0,3,2,2,2,3,3,4.0,1.0,1.0,239,10.666269177126916,3
27,No,Travel_Rarely,Research & Development,1,3,Medical,413,Male,1,Research Scientist,Single,20580,1.0,14,1,1.0,5,1,0,0,3,3,2.0,3.0,3.0,239,7.68067991631799,3
34,No,Travel_Rarely,Research & Development,12,2,Technical Degree,414,Male,2,Human Resources,Divorced,88650,1.0,11,1,1.0,0,1,1,0,3,3,2.0,2.0,3.0,246,7.722572267389336,3
42,No,Travel_Rarely,Sales,11,1,Technical Degree,415,Male,2,Human Resources,Single,59400,7.0,16,0,10.0,2,5,0,3,2,3,3.0,3.0,3.0,228,6.878238304093564,4
33,No,Travel_Rarely,Sales,2,3,Marketing,416,Female,1,Sales Executive,Single,59140,3.0,16,1,6.0,4,3,0,2,3,3,3.0,1.0,3.0,238,10.548225957049487,3
58,No,Travel_Rarely,Research & Development,2,4,Life Sciences,417,Male,1,Research Scientist,Divorced,26220,2.0,23,0,24.0,3,6,0,4,3,4,3.0,2.0,3.0,239,8.320311483031148,3
31,No,Travel_Rarely,Sales,1,3,Life Sciences,418,Female,1,Sales Representative,Married,121850,3.0,14,0,13.0,2,7,5,2,3,3,2.0,3.0,4.0,243,6.081554641060815,3
35,No,Travel_Rarely,Research & Development,2,1,Life Sciences,419,Male,3,Healthcare Representative,Married,106090,1.0,22,0,10.0,3,10,0,7,3,4,4.0,4.0,1.0,238,10.380476190476188,3
49,No,Travel_Rarely,Research & Development,25,2,Life Sciences,420,Female,2,Sales Executive,Married,43450,4.0,15,0,29.0,3,26,1,7,2,3,1.0,2.0,2.0,232,6.99183069923372,3
48,No,Travel_Rarely,Research & Development,1,4,Medical,421,Male,1,Research Scientist,Married,21770,4.0,18,0,13.0,4,0,0,0,3,3,4.0,3.0,2.0,239,6.698963272896328,3
31,No,Non-Travel,Research & Development,1,2,Technical Degree,422,Female,2,Sales Executive,Married,27930,1.0,16,0,9.0,4,9,0,0,3,3,4.0,3.0,2.0,244,7.083433515482695,3
36,No,Travel_Rarely,Human Resources,2,4,Technical Degree,423,Male,1,Sales Executive,Single,79180,2.0,12,2,8.0,3,6,0,1,2,3,2.0,4.0,3.0,239,6.503389121338913,3
38,No,Travel_Rarely,Sales,6,3,Other,424,Male,2,Sales Executive,Married,87890,1.0,11,3,15.0,4,15,5,11,3,3,4.0,1.0,3.0,244,7.082066256830598,3
32,No,Non-Travel,Sales,18,3,Marketing,425,Male,1,Laboratory Technician,Married,23890,6.0,12,1,5.0,4,3,0,2,2,3,3.0,2.0,3.0,242,7.082806473829207,3
25,Yes,Travel_Rarely,Research & Development,1,2,Life Sciences,426,Male,1,Sales Executive,Married,32120,1.0,15,1,1.0,3,1,0,0,2,3,3.0,2.0,3.0,233,8.902678826895576,3
40,No,Travel_Rarely,Research & Development,1,4,Medical,427,Male,2,Research Scientist,Divorced,192320,2.0,14,1,11.0,3,1,0,0,3,3,1.0,2.0,2.0,226,6.066140609636182,3
26,No,Travel_Frequently,Sales,11,3,Marketing,428,Male,2,Healthcare Representative,Single,22670,1.0,19,3,7.0,2,7,0,7,2,3,3.0,1.0,3.0,241,7.6438669893960345,3
41,No,Travel_Rarely,Research & Development,1,4,Medical,429,Male,1,Research Scientist,Single,195170,2.0,13,0,20.0,5,18,2,17,3,3,4.0,1.0,3.0,233,10.713868621840723,3
36,No,Travel_Rarely,Research & Development,9,3,Life Sciences,430,Female,2,Healthcare Representative,Single,24360,4.0,13,0,16.0,3,11,3,9,1,3,3.0,3.0,3.0,238,7.096325863678806,3
19,Yes,Travel_Rarely,Research & Development,15,3,Life Sciences,431,Male,2,Research Scientist,Single,160640,1.0,15,1,1.0,3,1,0,0,3,3,4.0,2.0,4.0,241,10.615016136468423,4
20,Yes,Travel_Rarely,Research & Development,29,3,Life Sciences,432,Female,3,Laboratory Technician,Single,27070,1.0,11,0,1.0,2,1,0,0,3,3,1.0,1.0,3.0,242,6.0836524334251605,3
31,No,Travel_Rarely,Research & Development,1,4,Life Sciences,433,Male,4,Research Director,Married,190680,0.0,12,0,10.0,1,9,8,5,3,3,4.0,4.0,1.0,231,8.329586339586344,3
40,No,Travel_Frequently,Sales,1,3,Marketing,434,Male,1,Research Scientist,Divorced,39310,8.0,19,0,3.0,2,1,0,0,2,3,4.0,2.0,3.0,245,8.140834467120186,3
32,No,Travel_Rarely,Research & Development,24,3,Life Sciences,435,Male,4,Laboratory Technician,Married,37300,1.0,25,1,8.0,4,8,6,3,3,4,3.0,1.0,4.0,235,7.893576832151297,3
36,Yes,Travel_Rarely,Research & Development,10,3,Medical,436,Male,3,Sales Executive,Married,22320,1.0,12,1,16.0,2,16,3,7,3,3,3.0,4.0,3.0,237,9.80588959212377,3
33,No,Travel_Rarely,Research & Development,1,4,Medical,437,Female,4,Manufacturing Director,Single,44650,0.0,13,0,6.0,3,5,1,4,3,3,2.0,4.0,3.0,244,6.01725979052823,3
37,Yes,Travel_Rarely,Sales,10,4,Marketing,438,Female,3,Human Resources,Married,30720,5.0,14,0,17.0,3,14,11,7,2,3,1.0,3.0,1.0,226,6.274626352015735,3
45,No,Non-Travel,Research & Development,8,1,Life Sciences,439,Male,2,Sales Executive,Married,33190,1.0,12,1,9.0,3,9,0,8,3,3,3.0,2.0,2.0,237,6.309092827004216,3
29,No,Travel_Frequently,Research & Development,29,1,Life Sciences,440,Male,1,Sales Representative,Married,192020,1.0,12,0,3.0,5,3,0,2,3,3,3.0,4.0,3.0,229,7.619650655021834,3
35,No,Travel_Rarely,Human Resources,1,3,Human Resources,441,Male,3,Laboratory Technician,Married,136750,1.0,15,3,5.0,5,5,1,0,2,3,3.0,3.0,3.0,237,6.370707923112988,3
52,No,Travel_Rarely,Research & Development,5,4,Other,442,Male,1,Laboratory Technician,Married,29110,2.0,17,2,26.0,3,9,7,8,3,3,4.0,4.0,2.0,238,6.990128384687208,3
58,Yes,Travel_Rarely,Sales,9,2,Medical,443,Female,4,Sales Executive,Single,59570,4.0,14,1,7.0,2,1,0,0,1,3,4.0,3.0,3.0,230,7.475840579710145,4
53,No,Travel_Rarely,Research & Development,9,3,Technical Degree,444,Male,1,Manager,Divorced,39200,6.0,16,1,22.0,3,17,15,2,3,3,3.0,3.0,4.0,242,6.523184113865928,3
30,No,Travel_Rarely,Sales,3,4,Marketing,445,Male,1,Sales Executive,Divorced,64340,5.0,14,1,10.0,3,8,7,7,2,3,3.0,3.0,4.0,229,8.003096797671034,4
38,No,Non-Travel,Sales,4,3,Life Sciences,446,Male,2,Research Director,Single,100480,1.0,23,1,6.0,2,5,1,3,3,4,3.0,4.0,3.0,228,8.100102339181289,3
35,No,Travel_Rarely,Sales,1,2,Life Sciences,447,Female,2,Healthcare Representative,Divorced,109380,6.0,14,2,12.0,2,10,0,8,1,3,4.0,4.0,3.0,237,7.318681434599153,3
39,No,Travel_Rarely,Sales,1,1,Marketing,448,Male,2,Research Scientist,Single,23400,0.0,11,1,9.0,2,8,0,7,2,3,1.0,3.0,3.0,230,6.510007246376812,3
40,Yes,Non-Travel,Research & Development,2,4,Life Sciences,449,Male,1,Human Resources,Single,65450,4.0,15,0,22.0,2,1,0,0,3,3,2.0,2.0,2.0,237,9.472787154242848,3
47,No,Travel_Frequently,Research & Development,7,4,Life Sciences,450,Male,3,Sales Executive,Divorced,69310,1.0,11,0,20.0,3,19,2,7,3,3,3.0,3.0,4.0,235,10.091632387706861,3
36,No,Non-Travel,Sales,28,1,Life Sciences,451,Male,2,Research Scientist,Divorced,48980,4.0,13,1,12.0,3,7,0,7,3,3,1.0,4.0,3.0,242,6.805802341597795,3
31,Yes,Non-Travel,Research & Development,28,4,Medical,452,Male,2,Research Scientist,Single,25930,0.0,21,0,4.0,2,3,1,2,3,4,3.0,1.0,3.0,238,8.18766456582633,3
33,No,Non-Travel,Sales,15,3,Other,453,Male,4,Research Director,Single,194360,1.0,19,2,10.0,4,10,6,0,3,3,4.0,3.0,3.0,232,7.93415828544061,3
29,Yes,Travel_Rarely,Human Resources,3,5,Life Sciences,454,Male,1,Sales Executive,Single,27230,6.0,11,1,3.0,2,0,0,0,2,3,4.0,1.0,3.0,236,10.280916902071565,3
33,No,Travel_Rarely,Research & Development,2,2,Technical Degree,455,Male,2,Laboratory Technician,Single,34790,3.0,12,0,5.0,3,3,0,2,3,3,2.0,4.0,3.0,244,7.515693306010931,3
45,No,Travel_Rarely,Research & Development,26,1,Medical,456,Female,3,Healthcare Representative,Divorced,27940,3.0,19,1,8.0,2,5,0,2,3,3,4.0,4.0,3.0,241,7.010381512217612,3
50,No,Travel_Rarely,Sales,10,1,Life Sciences,457,Female,1,Manufacturing Director,Divorced,52490,9.0,21,2,32.0,2,5,1,3,2,4,4.0,4.0,2.0,230,7.387595410628015,3
33,No,Travel_Frequently,Sales,1,3,Marketing,458,Male,2,Human Resources,Married,21760,1.0,14,1,6.0,2,6,1,2,2,3,3.0,2.0,3.0,241,8.981857999077919,3
41,No,Travel_Frequently,Sales,11,3,Other,459,Male,1,Laboratory Technician,Divorced,168720,2.0,15,1,21.0,2,18,0,11,3,3,1.0,3.0,4.0,231,7.905851370851376,3
27,No,Travel_Rarely,Research & Development,20,4,Other,460,Male,2,Manufacturing Director,Married,34850,9.0,17,2,4.0,2,2,2,2,3,3,3.0,2.0,3.0,233,7.078493085360039,3
45,No,Non-Travel,Sales,2,3,Medical,461,Female,1,Sales Executive,Married,66440,1.0,12,0,9.0,3,9,0,8,4,3,4.0,1.0,3.0,242,8.703335629017452,3
47,No,Travel_Rarely,Sales,18,4,Medical,462,Female,2,Research Scientist,Single,55820,1.0,16,0,9.0,3,9,0,7,3,3,4.0,4.0,3.0,242,7.972122359963266,3
30,Yes,Travel_Rarely,Sales,2,3,Life Sciences,463,Male,2,Healthcare Representative,Married,40000,4.0,12,0,7.0,5,5,0,1,2,3,1.0,3.0,3.0,235,10.505095744680844,3
50,No,Travel_Rarely,Research & Development,1,3,Technical Degree,464,Female,2,Sales Executive,Married,134960,3.0,18,1,22.0,3,12,1,5,3,3,4.0,3.0,3.0,243,9.480353223593957,3
38,No,Travel_Frequently,Research & Development,13,3,Technical Degree,465,Male,1,Manufacturing Director,Married,32100,0.0,17,2,3.0,5,2,0,2,2,3,3.0,3.0,2.0,244,7.704971539162111,3
46,No,Travel_Rarely,Research & Development,28,3,Medical,466,Female,3,Human Resources,Divorced,190450,6.0,11,3,13.0,2,8,0,7,3,3,4.0,3.0,3.0,242,6.8869077134986245,3
24,No,Travel_Rarely,Sales,28,3,Life Sciences,467,Female,1,Healthcare Representative,Divorced,118490,1.0,16,1,5.0,3,4,3,2,3,3,4.0,3.0,3.0,244,6.59333674863388,3
35,Yes,Travel_Rarely,Sales,24,3,Medical,468,Male,3,Healthcare Representative,Divorced,20700,1.0,13,3,5.0,1,4,0,2,2,3,3.0,2.0,1.0,232,9.320771072796935,3
31,No,Travel_Frequently,Research & Development,5,2,Technical Degree,469,Male,2,Sales Executive,Married,65020,1.0,12,0,4.0,3,4,0,3,3,3,3.0,1.0,3.0,242,6.301517447199272,3
18,No,Non-Travel,Sales,5,4,Other,470,Male,2,Manager,Single,32300,1.0,12,1,0.0,3,0,0,0,3,3,2.0,4.0,3.0,235,6.313124113475178,3
54,No,Travel_Rarely,Sales,23,3,Medical,471,Female,1,Laboratory Technician,Married,136030,8.0,13,1,22.0,2,10,0,8,3,3,3.0,3.0,3.0,230,6.600198067632847,3
35,No,Travel_Rarely,Research & Development,6,4,Medical,472,Female,1,Manufacturing Director,Divorced,119960,1.0,19,2,16.0,3,16,10,1,3,3,3.0,3.0,2.0,240,9.589834490740744,3
30,No,Travel_Rarely,Research & Development,4,3,Life Sciences,473,Female,5,Healthcare Representative,Married,56050,0.0,12,1,9.0,0,8,1,7,2,3,2.0,1.0,2.0,233,10.117882689556518,3
20,Yes,Travel_Rarely,Research & Development,2,2,Life Sciences,474,Female,2,Research Scientist,Single,63970,1.0,17,1,1.0,3,1,0,0,3,3,4.0,1.0,3.0,241,8.314766021207928,3
30,Yes,Travel_Frequently,Research & Development,8,4,Medical,475,Male,1,Sales Executive,Single,191440,0.0,11,0,4.0,3,3,1,2,3,3,2.0,2.0,3.0,228,7.605639619883038,3
26,No,Travel_Rarely,Sales,1,3,Marketing,476,Female,2,Research Scientist,Married,175840,1.0,20,0,8.0,2,8,1,3,3,4,4.0,4.0,3.0,230,7.92828140096619,3
22,No,Travel_Rarely,Research & Development,8,3,Other,477,Male,2,Sales Representative,Married,49070,2.0,21,1,4.0,2,4,1,1,3,4,2.0,1.0,2.0,228,7.332729044834308,3
48,No,Travel_Rarely,Human Resources,2,4,Medical,478,Male,2,Sales Executive,Single,45540,2.0,11,2,19.0,3,2,2,2,3,3,1.0,3.0,3.0,243,7.980580704160947,3
48,No,Travel_Rarely,Sales,3,3,Medical,479,Male,1,Research Director,Single,54150,7.0,11,1,27.0,1,15,4,8,3,3,3.0,3.0,3.0,231,6.542558922558922,3
41,No,Travel_Rarely,Research & Development,2,3,Life Sciences,480,Male,2,Research Scientist,Single,47410,6.0,16,0,8.0,3,2,2,1,3,3,4.0,3.0,3.0,238,6.894249533146587,3
39,No,Travel_Rarely,Sales,2,3,Life Sciences,481,Male,3,Human Resources,Married,21150,1.0,18,0,21.0,3,21,11,8,4,3,4.0,4.0,3.0,237,7.0996823722456615,3
27,No,Travel_Rarely,Research & Development,3,3,Life Sciences,482,Male,2,Human Resources,Married,31610,0.0,13,2,4.0,0,3,2,2,3,3,1.0,4.0,3.0,243,7.2948536808413325,3
35,No,Travel_Rarely,Sales,24,3,Medical,483,Male,5,Sales Executive,Divorced,57450,1.0,17,3,3.0,4,3,1,2,3,3,2.0,4.0,2.0,238,6.933727824463114,3
42,No,Travel_Rarely,Research & Development,23,4,Other,484,Male,1,Research Scientist,Married,23730,6.0,14,1,21.0,3,1,0,0,4,3,4.0,3.0,3.0,228,8.030177875243666,3
50,No,Travel_Rarely,Sales,27,3,Medical,485,Male,2,Sales Executive,Married,33100,4.0,22,1,8.0,3,1,0,0,4,4,1.0,4.0,3.0,236,6.19124529190207,3
59,No,Travel_Rarely,Research & Development,16,4,Medical,486,Female,5,Laboratory Technician,Single,186650,3.0,12,0,30.0,3,5,4,3,2,3,3.0,4.0,3.0,245,10.105665532879822,3
37,Yes,Travel_Rarely,Sales,15,3,Marketing,487,Male,2,Laboratory Technician,Married,44850,5.0,11,1,15.0,2,1,0,0,4,3,1.0,2.0,1.0,234,6.5905484330484345,3
55,No,Travel_Frequently,Research & Development,26,2,Life Sciences,488,Female,2,Sales Executive,Married,27890,3.0,13,1,17.0,2,8,6,7,2,3,3.0,2.0,3.0,236,8.626039312617708,3
41,No,Non-Travel,Research & Development,19,1,Life Sciences,489,Male,2,Research Scientist,Divorced,58280,1.0,13,0,21.0,0,21,5,10,3,3,2.0,3.0,3.0,227,6.273640479686738,3
38,No,Travel_Rarely,Research & Development,24,2,Other,490,Female,1,Laboratory Technician,Single,23260,8.0,14,0,19.0,3,1,0,0,4,3,3.0,4.0,3.0,228,8.381559454191036,4
26,Yes,Non-Travel,Research & Development,21,1,Life Sciences,491,Female,1,Manufacturing Director,Single,135250,8.0,17,1,7.0,4,2,2,2,2,3,2.0,1.0,3.0,233,7.659834287076777,3
52,Yes,Travel_Rarely,Research & Development,5,4,Medical,492,Female,4,Human Resources,Married,14200,1.0,13,1,33.0,2,32,6,9,4,3,1.0,4.0,3.0,236,6.0149187853107335,3
44,No,Travel_Rarely,Research & Development,16,3,Life Sciences,493,Female,1,Healthcare Representative,Married,80200,3.0,11,1,23.0,2,12,11,11,3,3,4.0,4.0,3.0,244,10.897943989071031,3
50,No,Non-Travel,Human Resources,2,2,Life Sciences,494,Male,1,Laboratory Technician,Married,36880,0.0,11,0,19.0,3,18,0,13,2,3,4.0,3.0,3.0,228,6.443813352826512,3
36,Yes,Travel_Rarely,Sales,2,4,Technical Degree,495,Male,4,Sales Executive,Single,54820,1.0,18,0,18.0,3,17,15,14,3,3,3.0,1.0,3.0,241,7.827982941447672,3
39,No,Travel_Frequently,Sales,11,3,Marketing,496,Male,1,Sales Executive,Single,160150,1.0,11,0,21.0,3,21,2,8,4,3,4.0,1.0,3.0,240,10.81973726851852,4
33,No,Non-Travel,Sales,9,2,Technical Degree,497,Male,5,Sales Representative,Single,12000,0.0,11,1,3.0,3,2,2,2,3,3,2.0,4.0,2.0,235,7.6267257683215055,4
45,No,Travel_Rarely,Research & Development,7,2,Other,498,Male,1,Human Resources,Married,56610,3.0,12,0,26.0,2,9,1,1,2,3,4.0,4.0,4.0,243,7.399487882944668,3
32,No,Non-Travel,Research & Development,15,3,Medical,499,Male,2,Manager,Single,69290,9.0,20,0,10.0,6,8,7,7,1,4,4.0,3.0,3.0,238,7.197954014939312,3
34,No,Travel_Rarely,Sales,6,4,Marketing,500,Male,2,Research Director,Divorced,96130,0.0,12,1,16.0,5,15,0,9,2,3,2.0,4.0,2.0,243,7.064413580246914,3
59,No,Travel_Rarely,Research & Development,5,3,Life Sciences,501,Male,2,Research Scientist,Married,56740,3.0,12,0,14.0,6,6,0,4,3,3,2.0,4.0,1.0,241,8.106017750115258,3
45,No,Travel_Rarely,Research & Development,16,1,Medical,502,Male,2,Sales Executive,Single,54840,1.0,20,3,6.0,6,6,0,4,3,4,2.0,2.0,3.0,244,6.671499316939892,3
53,No,Travel_Frequently,Sales,8,2,Medical,503,Male,2,Research Scientist,Married,120610,2.0,20,1,30.0,2,15,6,12,4,4,3.0,2.0,3.0,242,7.78030762167126,3
36,Yes,Travel_Rarely,Research & Development,7,2,Life Sciences,504,Female,1,Research Scientist,Divorced,56600,7.0,12,0,9.0,3,1,0,0,3,3,1.0,3.0,2.0,234,6.082619895536561,3
26,Yes,Travel_Frequently,Sales,2,3,Life Sciences,505,Male,2,Research Scientist,Married,48210,6.0,14,2,6.0,2,3,1,2,3,3,1.0,1.0,3.0,231,8.209500962000964,3
34,No,Travel_Rarely,Research & Development,2,2,Life Sciences,506,Male,1,Sales Representative,Married,64100,1.0,13,1,1.0,5,1,0,0,2,3,3.0,3.0,3.0,244,9.218184198542803,3
28,No,Travel_Rarely,Research & Development,10,3,Other,507,Male,2,Sales Representative,Married,52100,1.0,15,0,1.0,1,1,0,0,4,3,4.0,2.0,3.0,242,7.768436639118456,4
38,No,Travel_Frequently,Sales,9,4,Medical,508,Male,2,Research Scientist,Married,26950,3.0,14,1,8.0,4,2,2,2,1,3,3.0,3.0,3.0,238,7.590477357609713,3
50,No,Travel_Rarely,Research & Development,5,4,Life Sciences,509,Male,1,Sales Executive,Married,118780,2.0,13,1,29.0,2,8,7,7,3,3,2.0,3.0,2.0,234,9.595219610636276,4
37,No,Travel_Rarely,Research & Development,1,3,Life Sciences,510,Male,1,Laboratory Technician,Single,170680,3.0,23,0,8.0,6,4,0,1,3,4,4.0,2.0,2.0,230,7.263275362318842,3
40,No,Travel_Rarely,Human Resources,2,3,Medical,511,Male,5,Sales Executive,Married,24550,1.0,15,1,8.0,2,7,7,5,3,3,3.0,1.0,2.0,226,6.117728613569322,3
26,No,Travel_Frequently,Research & Development,3,3,Medical,512,Male,2,Laboratory Technician,Divorced,139640,1.0,11,2,5.0,1,5,1,3,2,3,1.0,3.0,3.0,245,7.708791383219956,3
46,No,Travel_Rarely,Research & Development,2,1,Medical,513,Female,3,Research Scientist,Divorced,49410,9.0,13,2,23.0,2,2,2,2,2,3,4.0,4.0,3.0,234,7.396068376068377,3
54,No,Travel_Rarely,Research & Development,5,3,Medical,514,Female,2,Manufacturing Director,Married,24780,6.0,11,0,13.0,0,9,7,0,3,3,3.0,3.0,3.0,237,7.571803797468355,3
56,No,Travel_Frequently,Research & Development,1,2,Life Sciences,515,Female,2,Manufacturing Director,Married,52280,2.0,11,0,18.0,4,5,0,3,3,3,1.0,3.0,3.0,233,6.912598950882209,3
36,No,Travel_Rarely,Research & Development,4,2,Life Sciences,516,Female,2,Human Resources,Single,44780,0.0,18,1,15.0,3,14,7,8,3,3,4.0,4.0,2.0,232,6.6080651340996175,3
55,No,Non-Travel,Research & Development,2,3,Medical,517,Female,2,Manager,Single,75470,7.0,16,0,31.0,2,9,6,2,2,3,3.0,1.0,4.0,227,6.108080029368575,3
43,No,Travel_Rarely,Sales,25,2,Life Sciences,518,Male,3,Research Scientist,Divorced,50550,5.0,22,0,18.0,2,1,0,0,2,4,3.0,4.0,3.0,241,7.925064545873672,4
20,Yes,Travel_Frequently,Sales,8,3,Marketing,519,Male,3,Sales Executive,Single,34640,1.0,20,0,2.0,3,2,0,2,2,4,4.0,4.0,3.0,243,9.111901005944215,3
21,Yes,Travel_Rarely,Research & Development,1,4,Life Sciences,520,Male,1,Manager,Single,57750,1.0,18,0,1.0,2,1,1,0,3,3,3.0,1.0,2.0,229,6.6217576419214,3
46,No,Travel_Rarely,Sales,12,3,Marketing,521,Female,3,Healthcare Representative,Divorced,89430,8.0,12,1,19.0,6,16,1,7,3,3,4.0,1.0,3.0,239,10.988871455137136,3
51,Yes,Travel_Rarely,Sales,23,3,Medical,522,Female,2,Research Scientist,Married,192720,9.0,20,0,18.0,2,10,2,7,3,4,1.0,3.0,4.0,242,8.716918044077142,3
28,Yes,Non-Travel,Research & Development,19,4,Life Sciences,523,Female,4,Laboratory Technician,Single,52380,1.0,17,1,10.0,4,10,1,9,2,3,2.0,1.0,2.0,233,7.419935622317596,3
26,No,Travel_Rarely,Research & Development,5,4,Medical,524,Female,2,Sales Executive,Married,46820,1.0,11,1,6.0,3,5,1,3,1,3,1.0,1.0,3.0,231,7.517420634920634,3
30,No,Travel_Rarely,Research & Development,8,3,Medical,525,Female,1,Sales Executive,Married,183000,0.0,14,0,7.0,6,6,0,2,3,3,3.0,1.0,2.0,243,6.251273433927756,3
41,No,Travel_Rarely,Sales,1,4,Life Sciences,526,Female,1,Research Director,Married,52570,1.0,14,0,10.0,2,10,0,8,4,3,2.0,3.0,3.0,237,7.878476324425687,3
38,No,Travel_Rarely,Research & Development,5,3,Technical Degree,527,Male,1,Sales Executive,Married,63490,0.0,11,0,20.0,3,19,1,9,3,3,3.0,3.0,2.0,230,7.293590579710142,3
40,No,Travel_Rarely,Sales,1,4,Marketing,528,Male,1,Sales Executive,Married,48690,4.0,12,0,14.0,2,11,11,1,3,3,1.0,4.0,3.0,238,7.923936741363213,3
27,No,Non-Travel,Sales,11,3,Technical Degree,529,Female,2,Laboratory Technician,Married,99850,1.0,14,1,3.0,3,3,1,2,2,3,1.0,3.0,3.0,243,8.00761088248742,3
55,No,Travel_Frequently,Research & Development,23,5,Life Sciences,530,Male,3,Laboratory Technician,Married,36970,3.0,13,1,23.0,1,3,1,2,3,3,4.0,2.0,3.0,231,6.733892496392498,3
28,No,Travel_Rarely,Research & Development,1,3,Life Sciences,531,Male,2,Healthcare Representative,Single,74570,3.0,11,2,10.0,1,8,1,7,4,3,3.0,3.0,4.0,243,6.612759487882943,3
44,Yes,Travel_Rarely,Research & Development,18,4,Life Sciences,532,Female,2,Sales Executive,Married,21190,9.0,15,0,24.0,3,20,3,6,3,3,2.0,1.0,3.0,241,6.190119870908254,4
33,No,Travel_Rarely,Sales,23,4,Marketing,533,Female,4,Sales Executive,Divorced,39830,4.0,12,0,9.0,3,3,1,2,3,3,4.0,4.0,3.0,233,6.412309251311406,3
35,Yes,Travel_Rarely,Sales,7,4,Life Sciences,534,Male,3,Sales Representative,Single,61180,0.0,21,1,9.0,3,8,4,7,2,4,4.0,1.0,3.0,234,9.812394349477682,3
33,Yes,Travel_Frequently,Research & Development,1,2,Life Sciences,535,Female,1,Sales Executive,Single,62140,1.0,19,2,14.0,3,13,3,8,3,3,1.0,3.0,3.0,229,7.795180737506063,3
28,No,Travel_Rarely,Human Resources,1,1,Human Resources,536,Male,2,Research Scientist,Divorced,63470,1.0,15,1,4.0,2,4,2,2,3,3,1.0,3.0,2.0,246,6.665248419150861,3
34,No,Travel_Frequently,Sales,29,4,Marketing,537,Male,1,Research Scientist,Single,115100,0.0,14,1,7.0,5,6,0,4,3,3,1.0,4.0,2.0,234,6.688168328584995,3
37,No,Travel_Rarely,Research & Development,7,4,Life Sciences,538,Male,4,Sales Executive,Divorced,71430,2.0,21,0,8.0,6,1,0,0,2,4,4.0,4.0,3.0,245,10.582439909297051,3
25,Yes,Travel_Rarely,Human Resources,25,4,Human Resources,539,Female,2,Research Scientist,Married,82680,1.0,12,0,7.0,3,7,5,6,2,3,4.0,4.0,4.0,240,10.899974537037034,3
26,Yes,Travel_Rarely,Sales,8,2,Marketing,540,Male,2,Sales Executive,Divorced,80950,1.0,15,0,1.0,3,1,0,0,4,3,1.0,3.0,2.0,233,7.8106437768240315,3
33,Yes,Travel_Rarely,Research & Development,8,2,Life Sciences,541,Male,4,Manufacturing Director,Single,29040,4.0,13,0,5.0,2,2,2,2,3,3,1.0,2.0,3.0,234,10.211385327635336,3
42,No,Travel_Rarely,Research & Development,11,1,Life Sciences,542,Male,4,Research Scientist,Married,60320,0.0,14,0,23.0,2,22,13,7,2,3,4.0,1.0,3.0,244,6.781549408014578,3
28,Yes,Travel_Frequently,Research & Development,7,3,Life Sciences,543,Male,2,Manager,Divorced,29760,1.0,14,0,1.0,3,1,0,0,3,3,1.0,2.0,3.0,235,6.296936170212766,3
50,Yes,Travel_Frequently,Research & Development,1,4,Medical,544,Male,2,Research Scientist,Single,159920,3.0,14,0,5.0,3,0,0,0,3,3,4.0,3.0,3.0,246,10.463207994579944,3
33,No,Travel_Frequently,Sales,9,3,Medical,545,Female,2,Research Scientist,Married,46490,0.0,12,0,4.0,2,3,0,2,2,3,4.0,2.0,3.0,243,8.041233424782815,3
34,No,Non-Travel,Sales,1,1,Marketing,546,Female,2,Research Director,Married,26960,3.0,23,0,6.0,3,0,0,0,3,4,3.0,4.0,3.0,229,7.120342066957789,3
48,No,Non-Travel,Sales,2,1,Life Sciences,547,Male,2,Sales Executive,Single,23700,2.0,11,0,27.0,3,5,2,1,3,3,1.0,4.0,2.0,228,6.210528752436649,3
45,No,Non-Travel,Research & Development,1,3,Medical,548,Female,2,Human Resources,Married,125040,1.0,12,1,15.0,2,15,4,12,3,3,2.0,3.0,3.0,232,6.01561302681992,3
52,No,Travel_Rarely,Sales,1,3,Life Sciences,549,Male,1,Sales Executive,Single,59740,7.0,18,1,18.0,6,8,4,0,3,3,2.0,2.0,3.0,242,7.982319788797063,3
38,No,Travel_Rarely,Research & Development,6,2,Medical,550,Male,1,Research Scientist,Divorced,47360,0.0,11,1,9.0,3,8,2,7,2,3,3.0,3.0,3.0,247,10.697828385065227,3
29,No,Travel_Rarely,Research & Development,8,3,Medical,551,Female,4,Research Scientist,Divorced,52960,4.0,14,0,11.0,3,7,1,7,4,3,3.0,4.0,3.0,230,6.323727053140092,3
28,No,Travel_Rarely,Human Resources,1,3,Human Resources,552,Female,4,Laboratory Technician,Divorced,67810,0.0,15,1,10.0,2,9,1,7,3,3,4.0,2.0,2.0,237,6.896527191748708,3
46,No,Travel_Rarely,Research & Development,6,4,Medical,553,Male,3,Sales Executive,Married,21740,3.0,11,1,23.0,3,12,4,9,3,3,1.0,3.0,3.0,238,6.399091970121382,3
38,No,Travel_Rarely,Research & Development,7,4,Medical,554,Male,1,Sales Executive,Single,66530,7.0,20,1,10.0,2,1,0,0,3,4,4.0,2.0,3.0,232,7.389816810344827,3
43,No,Travel_Frequently,Research & Development,5,3,Medical,555,Female,2,Laboratory Technician,Married,96990,8.0,19,1,18.0,3,8,0,1,3,3,3.0,1.0,3.0,244,7.119895264116579,3
39,Yes,Travel_Frequently,Sales,1,3,Marketing,556,Male,2,Healthcare Representative,Divorced,67550,7.0,14,1,21.0,2,18,11,5,3,3,1.0,4.0,3.0,233,7.199784215546017,3
40,No,Travel_Rarely,Research & Development,1,1,Life Sciences,557,Male,1,Healthcare Representative,Single,22130,1.0,17,0,21.0,4,20,4,9,3,3,3.0,3.0,4.0,243,5.983684270690438,3
21,No,Travel_Rarely,Research & Development,1,4,Life Sciences,558,Female,1,Research Scientist,Single,26100,1.0,11,1,2.0,3,2,2,2,2,3,4.0,2.0,4.0,236,10.51871351224106,3
39,No,Non-Travel,Research & Development,6,3,Life Sciences,559,Male,1,Laboratory Technician,Single,28510,9.0,15,0,9.0,2,5,0,3,3,3,3.0,2.0,2.0,233,6.19507391511683,4
36,No,Non-Travel,Research & Development,1,3,Medical,560,Male,3,Sales Representative,Single,34520,2.0,13,3,18.0,4,11,0,9,4,3,1.0,4.0,3.0,230,7.19574758454106,3
31,No,Travel_Frequently,Research & Development,7,3,Life Sciences,561,Male,1,Sales Executive,Married,52580,0.0,14,3,3.0,5,2,2,2,3,3,3.0,4.0,3.0,228,6.606262183235862,3
28,No,Travel_Rarely,Sales,2,4,Marketing,562,Male,1,Sales Executive,Married,93550,0.0,11,0,6.0,4,5,0,4,3,3,1.0,2.0,1.0,228,7.483979044834312,5
35,No,Travel_Frequently,Research & Development,9,2,Other,563,Female,1,Manufacturing Director,Divorced,104960,1.0,13,1,5.0,2,5,0,2,3,3,4.0,4.0,3.0,229,6.5963852498787015,3
49,No,Travel_Rarely,Sales,2,2,Medical,564,Female,1,Sales Executive,Married,63800,6.0,23,1,22.0,1,9,2,3,2,4,4.0,2.0,3.0,230,7.172206521739128,3
34,No,Travel_Frequently,Sales,9,1,Technical Degree,565,Male,2,Sales Executive,Single,26570,2.0,13,1,5.0,3,3,0,2,2,3,4.0,3.0,2.0,230,8.026111111111105,3
29,No,Travel_Frequently,Research & Development,1,4,Medical,566,Male,3,Research Scientist,Divorced,27160,0.0,18,0,8.0,2,7,1,1,1,3,4.0,2.0,2.0,232,7.102371886973181,4
42,No,Travel_Rarely,Sales,21,2,Life Sciences,567,Female,1,Healthcare Representative,Single,22010,4.0,12,1,16.0,3,1,0,0,4,3,2.0,4.0,3.0,246,7.202196251129173,3
29,No,Travel_Rarely,Sales,4,2,Other,568,Female,2,Healthcare Representative,Married,65400,1.0,22,0,10.0,2,10,1,2,1,4,2.0,4.0,2.0,245,10.898558956916107,3
38,No,Travel_Rarely,Research & Development,1,3,Medical,569,Female,1,Human Resources,Married,38160,1.0,13,2,7.0,2,7,5,0,2,3,3.0,3.0,4.0,226,6.523463618485747,3
28,No,Travel_Frequently,Sales,6,4,Life Sciences,570,Male,1,Manager,Divorced,52530,1.0,15,0,3.0,2,3,0,2,3,3,3.0,3.0,3.0,236,10.684742231638415,3
18,Yes,Non-Travel,Research & Development,2,4,Medical,571,Male,3,Laboratory Technician,Single,109650,1.0,18,0,0.0,5,0,0,0,4,3,3.0,3.0,3.0,234,6.993391500474827,3
33,Yes,Travel_Rarely,Research & Development,3,2,Life Sciences,572,Male,1,Sales Executive,Single,49360,0.0,14,0,6.0,2,5,0,3,2,3,1.0,1.0,3.0,234,8.983830721747387,3
41,No,Travel_Rarely,Research & Development,4,2,Medical,573,Male,2,Research Scientist,Married,25430,3.0,12,0,6.0,3,1,0,0,3,3,2.0,4.0,3.0,238,8.124268207282913,3
31,Yes,Travel_Frequently,Sales,10,3,Technical Degree,574,Female,1,Research Director,Married,53040,1.0,17,0,2.0,3,2,2,2,4,3,3.0,3.0,2.0,231,7.129567099567101,3
37,No,Travel_Rarely,Research & Development,23,3,Life Sciences,575,Male,3,Manufacturing Director,Divorced,166590,7.0,16,1,10.0,2,6,1,3,3,3,3.0,4.0,3.0,244,8.00203096539162,3
27,No,Travel_Rarely,Research & Development,6,2,Medical,576,Female,1,Healthcare Representative,Married,42600,1.0,11,2,4.0,2,4,2,2,3,3,4.0,3.0,3.0,233,7.415027420123987,3
34,No,Travel_Rarely,Sales,1,1,Marketing,577,Female,2,Laboratory Technician,Married,24760,1.0,19,0,6.0,2,6,1,3,3,3,2.0,3.0,2.0,230,7.086783816425122,3
35,No,Travel_Rarely,Research & Development,6,3,Life Sciences,578,Female,3,Laboratory Technician,Single,31020,1.0,13,1,6.0,3,5,1,4,2,3,3.0,3.0,1.0,242,6.802122359963263,3
29,Yes,Travel_Rarely,Research & Development,6,3,Life Sciences,579,Male,1,Sales Executive,Married,22440,1.0,12,3,11.0,5,11,3,10,1,3,4.0,1.0,1.0,239,6.7926662017666155,3
40,No,Travel_Frequently,Research & Development,2,4,Medical,580,Male,4,Human Resources,Single,75960,9.0,11,0,20.0,0,18,2,13,1,3,2.0,3.0,2.0,234,6.714373219373221,3
42,Yes,Travel_Frequently,Sales,2,4,Life Sciences,581,Male,1,Laboratory Technician,Single,22850,0.0,16,0,22.0,3,21,13,14,1,3,3.0,1.0,2.0,231,8.018587061087063,3
42,No,Travel_Rarely,Research & Development,1,2,Life Sciences,582,Male,4,Laboratory Technician,Single,30340,7.0,21,1,9.0,3,6,1,5,2,4,2.0,1.0,4.0,231,7.69498917748918,4
35,No,Travel_Rarely,Research & Development,5,3,Medical,583,Male,1,Healthcare Representative,Married,57150,6.0,24,2,10.0,0,8,1,7,3,4,4.0,3.0,3.0,227,7.065130934899657,3
24,No,Travel_Rarely,Sales,7,4,Life Sciences,584,Female,1,Laboratory Technician,Single,25760,8.0,17,3,6.0,3,4,1,2,3,3,4.0,2.0,3.0,228,7.908282163742686,3
28,Yes,Travel_Rarely,Research & Development,15,4,Life Sciences,585,Male,2,Sales Executive,Married,41970,1.0,13,0,1.0,3,1,0,0,1,3,3.0,4.0,2.0,238,10.29105742296918,3
26,No,Travel_Rarely,Research & Development,1,4,Life Sciences,586,Male,2,Sales Representative,Married,143360,1.0,21,1,8.0,3,8,0,7,3,4,1.0,4.0,3.0,243,7.521268861454047,3
30,No,Travel_Rarely,Research & Development,7,2,Life Sciences,587,Female,1,Manufacturing Director,Married,34480,1.0,11,0,10.0,3,10,1,4,3,3,3.0,4.0,3.0,241,7.689250806823416,3
40,No,Travel_Frequently,Research & Development,26,4,Life Sciences,588,Male,2,Research Scientist,Married,194060,3.0,20,3,16.0,2,1,0,0,3,4,3.0,4.0,1.0,241,10.515668510834482,3
35,No,Travel_Rarely,Research & Development,18,5,Medical,589,Female,2,Research Scientist,Divorced,65380,2.0,16,1,15.0,3,7,6,4,3,3,3.0,2.0,4.0,237,6.898151664322545,4
34,No,Travel_Frequently,Research & Development,6,2,Life Sciences,590,Male,1,Research Director,Single,43060,0.0,11,0,14.0,2,13,4,9,3,3,4.0,1.0,3.0,243,7.492503429355276,3
35,No,Travel_Frequently,Research & Development,3,3,Medical,591,Female,2,Laboratory Technician,Married,22580,1.0,11,1,2.0,2,2,2,2,3,3,4.0,4.0,4.0,240,7.9864849537037,3
43,Yes,Travel_Rarely,Sales,5,3,Marketing,592,Female,3,Research Scientist,Single,45220,8.0,15,1,7.0,3,4,1,3,3,3,1.0,3.0,2.0,242,7.510137741046828,3
32,No,Non-Travel,Research & Development,11,2,Other,593,Female,2,Research Scientist,Divorced,44870,1.0,11,0,1.0,5,1,0,0,2,3,3.0,1.0,3.0,228,6.594826998050681,3
56,No,Travel_Rarely,Research & Development,3,2,Other,594,Male,2,Healthcare Representative,Divorced,44490,4.0,15,0,28.0,3,5,4,2,1,3,4.0,1.0,3.0,226,6.2822836774827895,4
29,No,Travel_Rarely,Research & Development,26,1,Life Sciences,595,Male,1,Laboratory Technician,Married,22180,1.0,24,1,10.0,1,10,0,8,3,4,2.0,4.0,3.0,238,7.468521241830064,3
19,No,Travel_Rarely,Research & Development,23,4,Life Sciences,596,Male,2,Laboratory Technician,Single,191970,1.0,12,0,1.0,2,1,0,0,3,3,3.0,1.0,3.0,239,7.285244072524412,3
45,No,Travel_Rarely,Research & Development,22,3,Life Sciences,597,Female,2,Sales Representative,Married,132120,4.0,13,0,7.0,4,3,0,2,3,3,1.0,3.0,2.0,244,8.797695810564667,3
37,No,Travel_Rarely,Research & Development,14,4,Life Sciences,598,Male,3,Research Scientist,Married,65770,1.0,13,0,14.0,1,14,3,11,1,3,4.0,4.0,2.0,243,6.775005715592139,3
20,No,Travel_Rarely,Research & Development,6,3,Medical,599,Male,5,Research Director,Single,83920,1.0,17,0,2.0,5,2,1,2,3,3,1.0,3.0,2.0,234,6.6995500949667575,3
44,Yes,Travel_Rarely,Human Resources,6,2,Human Resources,600,Male,3,Sales Executive,Single,45580,1.0,13,1,6.0,2,6,0,2,1,3,3.0,3.0,3.0,231,10.402478354978353,3
53,No,Travel_Rarely,Research & Development,6,4,Life Sciences,601,Male,1,Research Director,Divorced,40310,3.0,12,1,26.0,3,7,4,7,2,3,4.0,3.0,3.0,243,5.996221993598531,3
29,No,Travel_Rarely,Research & Development,23,3,Medical,602,Male,1,Sales Executive,Married,79690,0.0,14,0,6.0,3,5,1,3,3,3,2.0,4.0,2.0,237,8.894559306141588,3
22,Yes,Travel_Frequently,Research & Development,22,4,Medical,603,Male,1,Sales Representative,Married,26540,0.0,24,0,1.0,5,0,0,0,2,4,3.0,4.0,3.0,237,9.878622831692443,3
46,No,Travel_Rarely,Research & Development,2,3,Life Sciences,604,Male,2,Research Scientist,Married,165550,8.0,14,2,28.0,4,26,15,9,3,3,3.0,1.0,3.0,236,5.993167372881351,3
44,No,Non-Travel,Research & Development,20,3,Life Sciences,605,Male,1,Sales Representative,Single,45560,2.0,13,0,6.0,4,0,0,0,3,3,4.0,3.0,3.0,232,6.17086566091954,3
33,No,Travel_Rarely,Research & Development,28,4,Life Sciences,606,Female,1,Manager,Married,60910,1.0,15,0,5.0,6,5,1,4,1,3,2.0,3.0,3.0,237,7.82051336146273,3
41,Yes,Non-Travel,Research & Development,12,3,Life Sciences,607,Male,2,Sales Representative,Divorced,195660,6.0,16,0,5.0,2,1,0,0,4,3,1.0,1.0,1.0,240,7.181788194444441,4
30,No,Travel_Rarely,Sales,20,3,Marketing,608,Male,3,Sales Executive,Divorced,48100,8.0,18,0,8.0,3,4,0,3,2,3,3.0,1.0,3.0,234,7.494121557454892,3
40,No,Travel_Frequently,Sales,9,3,Medical,609,Male,1,Manufacturing Director,Married,45230,5.0,16,1,5.0,5,0,0,0,4,3,2.0,2.0,3.0,226,6.791671583087516,4
50,No,Travel_Frequently,Research & Development,25,4,Life Sciences,610,Female,2,Healthcare Representative,Married,32020,2.0,24,1,32.0,2,2,2,2,3,4,4.0,1.0,3.0,239,7.2283275220827505,3
28,No,Travel_Rarely,Research & Development,6,3,Technical Degree,611,Male,2,Research Scientist,Married,23510,1.0,16,0,6.0,4,6,3,3,3,3,4.0,1.0,3.0,226,7.196454031465092,5
46,No,Travel_Rarely,Research & Development,8,4,Other,612,Male,3,Manager,Married,17020,5.0,21,0,25.0,2,4,0,3,3,4,4.0,2.0,3.0,237,7.289913267698075,4
35,No,Travel_Rarely,Sales,4,4,Marketing,613,Male,1,Laboratory Technician,Married,180410,3.0,20,1,15.0,3,7,1,7,2,4,3.0,1.0,3.0,236,8.49840042372881,3
24,Yes,Travel_Rarely,Human Resources,28,4,Human Resources,614,Male,3,Manufacturing Director,Married,28860,1.0,19,1,1.0,5,1,0,0,3,3,4.0,2.0,1.0,227,6.562475526186982,3
33,No,Travel_Frequently,Research & Development,9,2,Medical,615,Female,1,Sales Executive,Married,20970,1.0,14,2,10.0,5,10,0,1,2,3,2.0,3.0,2.0,226,6.017825712881019,3
36,No,Travel_Rarely,Research & Development,9,2,Medical,616,Male,2,Sales Executive,Divorced,119350,1.0,11,3,7.0,6,7,1,7,4,3,3.0,3.0,3.0,229,6.5835213488597715,3
30,No,Travel_Rarely,Sales,29,3,Marketing,617,Male,1,Sales Executive,Divorced,25460,1.0,14,1,10.0,2,10,8,9,3,3,3.0,3.0,2.0,242,6.008942837465561,3
44,No,Travel_Rarely,Research & Development,3,4,Medical,618,Male,2,Research Scientist,Single,25640,1.0,12,3,20.0,3,20,13,17,1,3,4.0,4.0,3.0,237,7.5908509142053475,3
20,No,Travel_Rarely,Research & Development,18,4,Medical,619,Male,1,Human Resources,Single,84120,1.0,13,0,2.0,2,2,2,2,2,3,3.0,4.0,3.0,238,6.281038748832864,3
46,No,Travel_Rarely,Sales,9,1,Medical,620,Female,1,Sales Executive,Divorced,141180,2.0,22,0,12.0,3,6,1,4,3,4,4.0,4.0,2.0,230,6.215752415458936,4
42,No,Non-Travel,Research & Development,5,4,Medical,621,Male,5,Sales Executive,Married,170460,7.0,11,0,10.0,3,4,0,3,2,3,4.0,1.0,4.0,240,7.501866898148147,3
60,No,Travel_Rarely,Sales,2,2,Life Sciences,622,Male,2,Sales Executive,Divorced,25640,0.0,14,1,12.0,3,11,1,9,3,3,2.0,4.0,3.0,239,8.617627847512788,3
32,No,Travel_Frequently,Sales,10,3,Life Sciences,623,Female,1,Sales Executive,Married,102660,1.0,11,0,2.0,3,2,2,2,3,3,3.0,2.0,3.0,235,7.265763593380613,3
32,No,Travel_Frequently,Research & Development,9,3,Life Sciences,624,Female,2,Research Scientist,Single,50700,4.0,12,1,10.0,6,8,0,7,3,3,4.0,3.0,3.0,234,8.392867996201328,3
36,No,Travel_Rarely,Sales,3,2,Marketing,625,Male,4,Healthcare Representative,Divorced,178610,2.0,18,0,17.0,2,7,7,7,2,3,3.0,1.0,3.0,238,8.036303688141926,3
33,No,Travel_Rarely,Sales,26,2,Marketing,626,Male,1,Research Scientist,Married,42300,0.0,12,0,15.0,0,14,4,10,3,3,1.0,4.0,3.0,234,6.055536562203226,3
40,No,Travel_Rarely,Research & Development,1,3,Medical,627,Female,2,Research Scientist,Divorced,37800,7.0,12,0,7.0,2,5,1,3,1,3,2.0,2.0,4.0,230,7.2911014492753665,3
25,No,Travel_Rarely,Research & Development,6,2,Medical,628,Female,1,Laboratory Technician,Single,27680,0.0,22,1,5.0,0,4,1,1,3,4,3.0,4.0,3.0,244,8.014339708561021,3
30,No,Travel_Rarely,Sales,9,3,Marketing,629,Female,1,Research Scientist,Married,90710,0.0,19,1,12.0,2,11,5,7,2,3,4.0,2.0,3.0,238,9.183357843137257,3
42,No,Travel_Frequently,Human Resources,8,2,Medical,630,Male,1,Sales Executive,Married,106480,3.0,13,1,20.0,1,1,0,0,3,3,1.0,1.0,3.0,245,9.528811791383223,3
35,No,Non-Travel,Research & Development,1,1,Life Sciences,631,Male,2,Sales Executive,Married,136100,4.0,22,2,16.0,4,13,4,12,2,4,3.0,4.0,2.0,244,9.8076400273224,3
27,No,Travel_Rarely,Research & Development,7,3,Life Sciences,632,Male,3,Manufacturing Director,Married,34080,1.0,24,0,9.0,2,9,6,8,3,4,1.0,1.0,2.0,233,9.176214830710544,4
54,No,Travel_Frequently,Research & Development,9,2,Medical,633,Male,2,Sales Representative,Divorced,29830,7.0,14,1,33.0,2,5,1,4,2,3,4.0,3.0,1.0,239,6.318405392840545,3
44,No,Travel_Rarely,Human Resources,4,4,Life Sciences,634,Male,5,Laboratory Technician,Married,76320,1.0,21,0,10.0,3,10,7,7,3,4,1.0,4.0,3.0,234,6.005806030389361,5
19,Yes,Non-Travel,Sales,2,2,Other,635,Male,3,Healthcare Representative,Single,98240,1.0,18,0,1.0,2,1,0,0,3,3,1.0,2.0,4.0,236,8.388885357815436,3
29,No,Travel_Rarely,Research & Development,19,4,Life Sciences,636,Male,1,Manufacturing Director,Divorced,99500,1.0,20,0,3.0,3,3,1,2,3,4,1.0,4.0,3.0,230,7.376378019323668,3
54,No,Travel_Rarely,Research & Development,9,4,Life Sciences,637,Male,2,Sales Executive,Married,20930,3.0,19,0,36.0,2,10,0,9,3,3,4.0,4.0,3.0,244,7.671983151183978,3
31,No,Travel_Rarely,Research & Development,21,3,Life Sciences,638,Male,2,Laboratory Technician,Married,99800,1.0,12,0,6.0,1,6,0,1,3,3,3.0,1.0,2.0,240,8.59181828703704,3
31,No,Travel_Rarely,Sales,24,1,Marketing,639,Female,1,Sales Executive,Single,38940,1.0,12,0,10.0,3,10,1,8,4,3,3.0,1.0,3.0,236,7.271392419962332,3
59,No,Travel_Rarely,Research & Development,3,4,Technical Degree,640,Male,1,Research Scientist,Single,40510,5.0,16,3,13.0,3,6,0,5,3,3,3.0,4.0,3.0,240,7.37045717592593,3
43,No,Travel_Rarely,Research & Development,11,2,Life Sciences,641,Male,3,Laboratory Technician,Married,168350,3.0,17,1,25.0,3,8,0,7,3,3,3.0,4.0,3.0,238,6.593010037348274,3
49,No,Travel_Rarely,Sales,14,4,Life Sciences,642,Male,2,Research Scientist,Married,62300,2.0,14,0,23.0,2,1,0,0,2,3,1.0,3.0,4.0,229,6.701772197962152,3
36,No,Travel_Frequently,Sales,5,2,Marketing,643,Female,1,Laboratory Technician,Married,47170,1.0,19,1,12.0,3,11,0,7,3,3,3.0,2.0,2.0,243,6.08672610882487,3
48,No,Travel_Rarely,Research & Development,1,4,Life Sciences,644,Female,2,Laboratory Technician,Single,132370,5.0,13,1,7.0,2,1,0,0,4,3,4.0,2.0,2.0,242,6.085262855831037,3
27,No,Travel_Rarely,Research & Development,6,4,Life Sciences,645,Male,2,Laboratory Technician,Divorced,37550,1.0,19,0,5.0,2,5,0,3,3,3,1.0,3.0,3.0,231,7.984060846560845,3
29,No,Travel_Rarely,Sales,17,4,Medical,646,Male,1,Laboratory Technician,Divorced,65820,1.0,19,1,6.0,3,6,1,0,3,3,3.0,4.0,3.0,245,8.795437641723359,3
48,No,Travel_Rarely,Sales,1,1,Marketing,647,Male,2,Manufacturing Director,Single,74060,6.0,14,2,25.0,2,1,0,0,3,3,4.0,4.0,4.0,241,6.180496772706313,3
29,No,Travel_Rarely,Research & Development,3,3,Technical Degree,648,Female,2,Healthcare Representative,Divorced,48050,2.0,16,1,9.0,2,7,1,7,3,3,4.0,4.0,2.0,238,6.917482492997203,3
34,No,Travel_Rarely,Sales,9,4,Medical,649,Female,2,Laboratory Technician,Married,27410,0.0,15,1,2.0,3,1,0,0,3,3,3.0,3.0,2.0,238,5.984335901027079,3
44,No,Travel_Rarely,Research & Development,4,3,Life Sciences,650,Female,1,Laboratory Technician,Married,42620,7.0,18,0,26.0,2,22,3,10,3,3,2.0,2.0,3.0,233,7.0229673342870775,3
33,No,Travel_Rarely,Research & Development,8,2,Life Sciences,651,Female,2,Research Scientist,Divorced,161840,0.0,13,1,10.0,2,9,0,8,4,3,4.0,3.0,3.0,234,11.03096035137702,3
19,No,Travel_Rarely,Sales,2,4,Marketing,652,Male,3,Laboratory Technician,Single,115570,1.0,22,0,1.0,0,1,0,1,3,4,2.0,4.0,3.0,233,10.783780400572244,3
23,No,Travel_Rarely,Sales,2,3,Medical,653,Male,3,Laboratory Technician,Married,18780,1.0,13,1,1.0,2,1,0,1,3,3,4.0,3.0,3.0,227,7.4851700930004865,3
25,Yes,Travel_Frequently,Research & Development,1,1,Life Sciences,654,Male,1,Manufacturing Director,Single,109320,1.0,11,1,1.0,3,1,1,0,3,3,3.0,4.0,3.0,244,9.204768897996356,3
26,No,Travel_Rarely,Human Resources,9,3,Life Sciences,655,Male,2,Research Scientist,Single,68110,1.0,11,1,8.0,4,8,2,2,3,3,3.0,4.0,2.0,245,8.68797278911564,3
45,Yes,Travel_Rarely,Human Resources,12,3,Human Resources,656,Male,2,Laboratory Technician,Single,43060,2.0,11,2,26.0,3,24,1,11,3,3,1.0,2.0,3.0,231,9.87869047619047,3
55,No,Non-Travel,Research & Development,27,3,Life Sciences,657,Female,2,Manager,Divorced,48590,1.0,24,1,34.0,3,33,15,0,4,4,4.0,2.0,3.0,240,9.622883101851848,3
21,Yes,Travel_Frequently,Research & Development,20,2,Medical,658,Female,4,Research Scientist,Single,53370,1.0,14,1,2.0,2,2,2,2,3,3,1.0,3.0,1.0,241,7.594680728446287,5
46,No,Travel_Rarely,Research & Development,1,4,Life Sciences,659,Male,1,Manufacturing Director,Married,23400,2.0,13,1,26.0,2,11,0,8,1,3,4.0,2.0,3.0,238,6.901101774042949,3
34,No,Travel_Rarely,Sales,13,4,Medical,660,Male,3,Sales Representative,Single,74910,0.0,14,1,4.0,3,3,0,2,2,3,3.0,1.0,3.0,240,8.918751157407405,3
51,No,Travel_Frequently,Research & Development,14,3,Life Sciences,661,Male,2,Research Director,Divorced,105270,4.0,14,0,31.0,3,29,11,10,3,3,4.0,2.0,2.0,246,10.986178861788622,3
59,No,Travel_Rarely,Research & Development,4,2,Life Sciences,662,Male,2,Research Scientist,Single,165950,6.0,21,1,25.0,2,9,5,4,3,4,4.0,4.0,2.0,234,6.592285137701812,3
34,No,Travel_Frequently,Sales,14,4,Medical,663,Female,3,Research Scientist,Divorced,88340,4.0,13,1,15.0,1,11,5,10,3,3,3.0,2.0,4.0,240,6.795719907407405,3
28,No,Travel_Frequently,Research & Development,2,3,Other,664,Female,1,Manager,Single,55770,0.0,19,0,5.0,3,4,0,2,3,3,4.0,3.0,2.0,230,10.374410628019325,3
44,No,Travel_Rarely,Research & Development,3,4,Life Sciences,665,Male,2,Research Scientist,Divorced,47070,1.0,17,0,26.0,4,25,14,13,1,3,3.0,1.0,2.0,235,7.8081950354609875,3
34,No,Travel_Frequently,Sales,1,3,Life Sciences,666,Male,2,Sales Executive,Married,24000,4.0,18,1,14.0,3,10,1,8,3,3,3.0,2.0,4.0,235,7.497001182033097,3
35,No,Travel_Rarely,Research & Development,9,3,Life Sciences,667,Male,4,Healthcare Representative,Married,98240,0.0,19,0,4.0,2,3,2,2,3,3,3.0,3.0,3.0,246,10.482086720867207,3
42,No,Travel_Rarely,Research & Development,23,4,Life Sciences,668,Female,1,Manager,Married,64470,6.0,13,0,18.0,3,1,0,0,3,3,2.0,2.0,3.0,234,9.421422127255465,3
43,No,Travel_Rarely,Research & Development,7,2,Medical,669,Female,1,Laboratory Technician,Single,195020,3.0,18,2,23.0,3,21,15,17,4,3,4.0,4.0,4.0,231,6.413299663299666,3
36,No,Travel_Rarely,Research & Development,2,4,Medical,670,Male,1,Healthcare Representative,Single,27250,9.0,21,1,18.0,4,16,5,12,2,4,3.0,2.0,3.0,247,10.608310841205576,3
44,Yes,Travel_Rarely,Research & Development,21,4,Life Sciences,671,Female,2,Laboratory Technician,Married,62720,1.0,19,1,10.0,3,10,0,5,3,3,1.0,4.0,3.0,237,5.9810314111579945,3
28,No,Travel_Frequently,Research & Development,2,3,Life Sciences,672,Female,2,Sales Representative,Married,21270,1.0,14,0,2.0,3,2,2,2,3,3,4.0,4.0,3.0,232,9.709561781609192,3
51,No,Travel_Frequently,Sales,21,4,Medical,673,Male,2,Research Scientist,Single,182000,0.0,17,0,8.0,3,7,7,7,3,3,2.0,3.0,2.0,229,6.9883248423095585,3
30,No,Non-Travel,Research & Development,2,4,Other,674,Male,1,Research Scientist,Single,20960,7.0,11,3,10.0,2,8,1,7,3,3,3.0,3.0,3.0,244,9.513817167577411,3
29,Yes,Travel_Rarely,Research & Development,29,4,Technical Degree,675,Female,1,Sales Representative,Divorced,28860,3.0,13,0,10.0,4,7,7,7,3,3,2.0,3.0,3.0,234,8.406775878442547,4
28,No,Travel_Rarely,Sales,1,4,Life Sciences,676,Female,2,Sales Representative,Single,20330,2.0,15,1,5.0,5,3,1,2,3,3,4.0,1.0,2.0,233,6.799669766332852,3
25,No,Travel_Rarely,Research & Development,18,2,Life Sciences,677,Male,1,Research Scientist,Single,36220,1.0,25,0,2.0,0,2,2,1,3,4,4.0,2.0,2.0,232,7.9832914272030635,4
32,No,Travel_Rarely,Research & Development,10,4,Other,678,Female,1,Sales Executive,Married,42330,1.0,11,0,10.0,5,10,0,8,3,3,3.0,4.0,4.0,227,6.805245961820853,3
45,No,Travel_Frequently,Research & Development,19,3,Medical,679,Male,3,Laboratory Technician,Single,36810,3.0,17,1,22.0,2,0,0,0,3,3,3.0,2.0,3.0,241,6.023483171968647,4
39,No,Travel_Rarely,Sales,29,1,Marketing,680,Female,1,Laboratory Technician,Divorced,54600,6.0,13,2,21.0,3,19,15,2,3,3,3.0,2.0,3.0,244,8.39013433515483,4
58,No,Travel_Rarely,Research & Development,27,3,Other,681,Male,2,Laboratory Technician,Divorced,21870,1.0,18,1,2.0,1,2,2,2,1,3,1.0,3.0,3.0,228,6.0355056042884945,3
32,Yes,Travel_Rarely,Research & Development,5,3,Technical Degree,682,Female,1,Sales Executive,Married,96020,1.0,13,1,10.0,3,10,1,1,3,3,4.0,3.0,3.0,238,6.4912324929972,3
39,Yes,Travel_Rarely,Research & Development,18,2,Life Sciences,683,Male,2,Laboratory Technician,Single,28360,0.0,20,0,6.0,3,5,0,3,2,4,3.0,1.0,3.0,242,7.722481634527087,3
30,No,Travel_Rarely,Sales,9,1,Marketing,684,Male,4,Research Director,Married,40890,0.0,18,0,10.0,2,9,6,7,4,3,1.0,4.0,3.0,237,6.2263818565400815,3
36,No,Travel_Rarely,Sales,1,3,Marketing,685,Male,2,Sales Executive,Married,166270,3.0,12,0,10.0,5,7,1,7,2,3,4.0,3.0,3.0,240,6.722831018518514,3
46,No,Travel_Rarely,Sales,4,3,Medical,686,Male,1,Research Scientist,Single,26190,6.0,12,1,10.0,3,7,5,7,2,3,4.0,1.0,4.0,236,7.708216807909609,3
28,No,Non-Travel,Research & Development,1,3,Medical,687,Male,5,Sales Executive,Married,56790,0.0,13,0,10.0,2,9,7,5,2,3,3.0,4.0,3.0,237,8.013723628691984,3
50,No,Travel_Rarely,Research & Development,20,2,Medical,688,Female,5,Laboratory Technician,Married,154020,4.0,21,0,25.0,3,3,1,2,2,4,4.0,1.0,3.0,233,10.404741297091086,3
40,Yes,Travel_Rarely,Sales,8,1,Other,689,Male,1,Laboratory Technician,Single,59850,2.0,13,3,9.0,1,5,1,0,2,3,4.0,2.0,3.0,239,9.801315667131572,3
52,Yes,Travel_Rarely,Research & Development,3,2,Technical Degree,690,Male,3,Laboratory Technician,Single,25790,9.0,19,1,10.0,1,8,7,7,3,3,2.0,2.0,2.0,238,9.97450046685341,3
30,No,Travel_Rarely,Research & Development,6,4,Medical,691,Female,1,Sales Executive,Married,30410,1.0,11,1,9.0,2,9,0,8,2,3,2.0,1.0,3.0,244,10.406511839708555,3
39,No,Travel_Rarely,Research & Development,26,1,Medical,692,Male,2,Healthcare Representative,Single,34470,0.0,14,0,9.0,5,8,1,7,3,3,1.0,3.0,3.0,244,6.005927823315116,4
31,No,Non-Travel,Research & Development,1,2,Medical,693,Male,1,Sales Executive,Divorced,195130,1.0,12,1,10.0,1,10,9,6,2,3,4.0,3.0,2.0,230,10.098737922705315,3
41,No,Non-Travel,Sales,6,3,Life Sciences,694,Female,1,Research Director,Single,27730,1.0,11,0,19.0,3,19,11,9,3,3,3.0,2.0,3.0,232,7.825096982758625,3
31,Yes,Travel_Frequently,Research & Development,3,1,Life Sciences,695,Male,1,Sales Executive,Single,71040,1.0,14,1,3.0,3,3,2,2,3,3,4.0,2.0,4.0,235,9.07882151300236,3
44,Yes,Travel_Rarely,Sales,5,3,Life Sciences,696,Male,1,Laboratory Technician,Married,63220,4.0,11,1,10.0,2,3,1,2,3,3,1.0,1.0,4.0,229,5.9845693837942715,3
42,No,Non-Travel,Research & Development,4,3,Life Sciences,697,Male,2,Laboratory Technician,Married,20830,0.0,12,2,21.0,3,20,2,10,2,3,3.0,3.0,2.0,239,9.682367503486748,4
55,No,Travel_Rarely,Sales,11,3,Technical Degree,698,Male,2,Manufacturing Director,Married,83810,4.0,15,1,23.0,3,19,9,11,3,3,4.0,3.0,3.0,228,6.600917397660818,3
56,No,Travel_Rarely,Sales,3,2,Medical,699,Female,3,Manufacturing Director,Single,26910,6.0,16,1,36.0,6,7,7,7,3,3,4.0,2.0,3.0,232,8.004705459770117,3
40,No,Non-Travel,Research & Development,1,1,Life Sciences,700,Male,1,Laboratory Technician,Divorced,42860,9.0,15,0,6.0,6,4,0,0,3,3,3.0,3.0,3.0,240,7.306210648148146,3
34,No,Travel_Rarely,Research & Development,3,2,Technical Degree,701,Male,2,Research Director,Divorced,26590,0.0,24,3,10.0,2,9,1,6,3,4,4.0,4.0,2.0,239,7.377629009762897,3
40,No,Travel_Rarely,Sales,4,3,Medical,702,Male,2,Sales Executive,Single,94340,1.0,13,1,9.0,3,9,8,8,2,3,3.0,4.0,3.0,244,5.978105646630234,3
41,No,Travel_Frequently,Sales,1,4,Other,703,Female,2,Healthcare Representative,Divorced,55610,0.0,11,0,10.0,2,9,1,7,2,3,3.0,1.0,3.0,235,7.67068794326241,3
35,No,Travel_Frequently,Sales,1,2,Technical Degree,704,Male,2,Manager,Single,66460,1.0,13,1,9.0,2,9,1,1,2,3,3.0,3.0,3.0,234,9.504919278252613,3
51,No,Travel_Rarely,Sales,18,2,Life Sciences,705,Male,4,Manufacturing Director,Divorced,77250,1.0,13,1,33.0,2,33,0,10,3,3,3.0,2.0,3.0,238,9.523341503267964,3
38,No,Travel_Rarely,Sales,2,4,Life Sciences,706,Female,1,Research Scientist,Divorced,107250,3.0,18,0,11.0,5,7,1,7,2,3,2.0,1.0,3.0,237,6.590448898265355,3
34,No,Travel_Rarely,Sales,4,3,Life Sciences,707,Male,2,Research Scientist,Single,88470,1.0,16,0,10.0,3,10,9,6,4,3,3.0,1.0,4.0,229,7.25198932557011,3
25,No,Travel_Rarely,Research & Development,6,2,Medical,708,Female,4,Research Scientist,Married,20450,3.0,19,0,7.0,3,3,1,2,3,3,4.0,4.0,2.0,227,6.313608663729813,3
58,Yes,Travel_Rarely,Sales,1,4,Technical Degree,709,Male,2,Sales Executive,Married,10090,7.0,13,2,31.0,3,10,5,9,4,3,3.0,1.0,2.0,229,8.509759825327514,4
40,No,Travel_Rarely,Research & Development,14,4,Medical,710,Female,1,Research Scientist,Married,33480,3.0,22,0,7.0,2,4,0,3,1,4,2.0,2.0,3.0,228,6.1067409844054605,3
36,No,Travel_Frequently,Sales,16,2,Life Sciences,711,Male,1,Research Scientist,Married,12810,2.0,11,0,17.0,2,15,6,13,3,3,1.0,1.0,2.0,234,6.106379392212727,3
48,No,Travel_Rarely,Research & Development,2,1,Life Sciences,712,Male,2,Research Scientist,Single,28190,1.0,20,0,11.0,2,10,0,8,2,4,4.0,4.0,3.0,242,7.62439049586777,3
27,No,Travel_Rarely,Research & Development,2,3,Life Sciences,713,Female,2,Laboratory Technician,Married,48510,8.0,18,0,5.0,2,1,0,0,3,3,3.0,4.0,3.0,239,7.117143189214319,3
51,No,Travel_Rarely,Research & Development,4,1,Medical,714,Female,3,Manufacturing Director,Single,40280,3.0,14,0,29.0,3,5,0,3,3,3,4.0,2.0,2.0,227,7.4693465491923625,3
18,No,Non-Travel,Research & Development,1,4,Medical,715,Male,2,Sales Executive,Single,27200,1.0,22,1,0.0,2,0,0,0,3,4,4.0,4.0,4.0,244,7.890327868852458,3
35,No,Travel_Rarely,Research & Development,1,4,Other,716,Female,2,Research Director,Married,81200,0.0,13,0,10.0,2,9,0,0,2,3,4.0,4.0,3.0,229,7.175936438622029,4
27,No,Travel_Frequently,Research & Development,26,4,Medical,717,Female,1,Research Director,Single,46470,3.0,17,0,8.0,3,6,0,0,4,3,4.0,4.0,3.0,237,7.358958040318802,3
55,Yes,Travel_Rarely,Research & Development,19,3,Technical Degree,718,Male,1,Human Resources,Single,46800,6.0,14,3,24.0,0,19,3,8,4,3,1.0,3.0,2.0,243,8.70984110653864,3
56,No,Travel_Rarely,Research & Development,24,4,Life Sciences,719,Male,2,Laboratory Technician,Married,32210,4.0,15,2,33.0,2,19,15,9,3,3,4.0,2.0,3.0,235,10.39650945626477,3
34,No,Non-Travel,Sales,1,2,Life Sciences,720,Male,2,Research Scientist,Divorced,86210,1.0,17,1,5.0,1,5,0,0,3,3,1.0,3.0,3.0,234,6.400724121557456,3
40,No,Travel_Rarely,Research & Development,3,3,Life Sciences,721,Male,2,Sales Executive,Divorced,45770,5.0,11,1,15.0,3,12,11,8,2,3,2.0,3.0,3.0,236,6.503203860640302,3
34,No,Travel_Rarely,Research & Development,5,3,Life Sciences,722,Male,1,Research Scientist,Married,45530,4.0,18,1,10.0,2,8,7,7,4,3,2.0,3.0,3.0,234,7.22785018993352,3
31,Yes,Travel_Frequently,Research & Development,2,2,Medical,723,Female,2,Manufacturing Director,Single,53960,7.0,17,1,3.0,2,1,0,0,1,3,3.0,4.0,4.0,238,7.686837068160601,3
35,Yes,Travel_Frequently,Research & Development,1,2,Medical,724,Male,1,Manufacturing Director,Married,67960,0.0,13,0,5.0,2,4,3,2,3,3,4.0,3.0,2.0,241,9.136408483171962,3
38,No,Travel_Frequently,Research & Development,7,3,Medical,725,Female,2,Sales Representative,Divorced,76250,1.0,15,0,4.0,2,4,0,3,2,3,4.0,3.0,3.0,226,6.3929461651917405,3
34,No,Travel_Rarely,Research & Development,10,4,Other,726,Female,2,Laboratory Technician,Single,74120,1.0,24,0,14.0,4,14,4,11,3,4,3.0,4.0,4.0,233,7.911889604196476,3
28,No,Travel_Rarely,Research & Development,2,3,Life Sciences,727,Female,2,Healthcare Representative,Married,111590,1.0,12,0,5.0,2,5,0,4,3,3,3.0,1.0,3.0,234,6.722281576448244,3
31,Yes,Travel_Rarely,Research & Development,15,2,Life Sciences,728,Male,2,Sales Executive,Married,49600,1.0,15,0,10.0,3,10,6,7,2,3,4.0,3.0,2.0,239,10.895542770804271,4
39,No,Travel_Rarely,Research & Development,17,4,Technical Degree,729,Female,2,Healthcare Representative,Married,104750,3.0,11,1,8.0,3,5,1,4,3,3,1.0,4.0,4.0,247,10.252200854700856,3
51,No,Travel_Frequently,Research & Development,20,3,Medical,730,Male,2,Sales Executive,Married,148140,2.0,11,1,14.0,2,4,3,2,2,3,2.0,2.0,3.0,229,7.111849830179529,3
41,No,Travel_Frequently,Research & Development,1,3,Life Sciences,731,Male,4,Sales Executive,Divorced,191410,3.0,12,1,12.0,2,6,3,3,3,3,4.0,4.0,2.0,238,10.68077731092437,3
37,No,Travel_Rarely,Research & Development,2,2,Medical,732,Female,1,Healthcare Representative,Married,54050,7.0,15,0,8.0,3,6,1,3,4,3,3.0,3.0,3.0,238,10.397079831932773,3
33,No,Travel_Frequently,Research & Development,2,3,Medical,733,Female,1,Sales Executive,Married,87930,6.0,17,0,8.0,2,5,1,2,3,3,2.0,4.0,4.0,240,7.779559027777776,3
32,No,Travel_Rarely,Research & Development,1,4,Medical,734,Male,5,Research Director,Married,191890,0.0,12,1,4.0,3,3,1,2,3,3,3.0,2.0,2.0,232,10.406151819923378,3
39,No,Non-Travel,Research & Development,29,2,Life Sciences,735,Male,2,Sales Executive,Married,38750,3.0,15,0,13.0,3,6,0,5,3,3,3.0,3.0,3.0,239,6.61360762436076,3
25,No,Travel_Rarely,Research & Development,7,4,Life Sciences,736,Male,1,Sales Executive,Married,22160,2.0,13,3,6.0,2,3,1,2,2,3,1.0,3.0,3.0,241,7.226058091286308,3
52,No,Travel_Frequently,Research & Development,2,1,Life Sciences,737,Male,2,Sales Executive,Married,117130,2.0,14,0,24.0,2,5,0,2,3,3,4.0,3.0,2.0,237,9.105581340834503,3
43,No,Travel_Rarely,Research & Development,2,2,Medical,738,Male,1,Laboratory Technician,Single,78610,1.0,14,2,20.0,1,20,1,8,3,3,1.0,3.0,1.0,238,9.720646591970128,3
27,No,Travel_Rarely,Research & Development,2,4,Life Sciences,739,Male,1,Human Resources,Married,37080,1.0,16,2,6.0,2,6,4,4,3,3,4.0,4.0,3.0,231,10.324486531986533,3
27,Yes,Travel_Rarely,Research & Development,2,5,Life Sciences,740,Female,1,Research Scientist,Single,137700,1.0,18,1,8.0,3,8,7,7,4,3,4.0,3.0,3.0,241,9.997716689718764,3
26,No,Travel_Rarely,Research & Development,2,2,Other,741,Male,3,Laboratory Technician,Single,53040,0.0,20,1,5.0,2,4,1,1,3,4,1.0,4.0,3.0,225,6.296890123456786,4
42,No,Travel_Rarely,Sales,23,3,Marketing,742,Female,3,Research Scientist,Married,26420,0.0,13,1,21.0,3,20,0,9,3,3,3.0,1.0,3.0,237,6.075256680731363,3
52,No,Travel_Rarely,Research & Development,5,2,Life Sciences,743,Female,1,Healthcare Representative,Married,27590,9.0,18,1,12.0,6,5,0,4,3,3,3.0,1.0,1.0,235,6.478247044917258,3
37,No,Travel_Rarely,Research & Development,20,5,Life Sciences,744,Male,2,Manager,Single,68040,4.0,13,1,8.0,1,3,0,2,3,3,1.0,3.0,3.0,230,7.522206521739128,3
35,No,Travel_Frequently,Research & Development,6,4,Medical,745,Female,2,Research Director,Single,61420,2.0,15,1,10.0,2,2,2,2,3,3,3.0,4.0,3.0,230,7.686039855072464,3
25,No,Travel_Rarely,Research & Development,1,4,Medical,746,Male,2,Sales Executive,Married,25000,4.0,14,2,7.0,2,3,0,2,1,3,1.0,4.0,2.0,228,7.972668128654974,3
26,No,Travel_Rarely,Research & Development,29,4,Life Sciences,747,Male,1,Research Scientist,Single,63890,0.0,22,0,8.0,2,7,0,7,2,4,3.0,1.0,3.0,229,6.805875788452205,4
29,No,Travel_Rarely,Sales,9,3,Life Sciences,748,Male,1,Laboratory Technician,Single,111030,1.0,12,0,10.0,5,10,0,9,2,3,2.0,1.0,2.0,241,6.21792761641309,3
49,Yes,Travel_Frequently,Sales,6,5,Medical,749,Female,2,Healthcare Representative,Single,23420,3.0,18,0,20.0,2,4,1,3,3,3,1.0,1.0,3.0,238,7.083067226890764,3
29,Yes,Travel_Frequently,Sales,3,2,Marketing,750,Female,2,Laboratory Technician,Single,68110,0.0,15,1,9.0,2,8,7,7,3,3,3.0,4.0,3.0,229,8.584576661814651,3
54,No,Travel_Rarely,Sales,1,3,Medical,751,Female,2,Manager,Single,22970,6.0,18,2,29.0,2,20,12,7,2,3,4.0,4.0,2.0,230,6.19813768115942,3
58,No,Travel_Rarely,Sales,22,3,Life Sciences,752,Female,2,Laboratory Technician,Married,24500,3.0,12,1,32.0,2,9,1,5,3,3,4.0,1.0,3.0,246,10.612399503161695,3
55,No,Travel_Rarely,Research & Development,7,3,Life Sciences,753,Female,3,Research Scientist,Divorced,50930,2.0,16,1,31.0,3,7,0,0,3,3,2.0,4.0,4.0,233,7.483309489747257,3
36,No,Travel_Rarely,Research & Development,1,3,Medical,754,Male,2,Sales Executive,Single,53090,3.0,13,0,15.0,5,5,0,1,3,3,1.0,2.0,3.0,234,9.401894586894583,4
31,Yes,Travel_Frequently,Sales,4,3,Life Sciences,755,Male,2,Manager,Single,30570,1.0,19,0,1.0,3,1,0,0,3,3,2.0,3.0,3.0,240,7.303473379629633,3
30,No,Travel_Rarely,Sales,3,3,Life Sciences,756,Male,3,Sales Executive,Divorced,51210,7.0,13,0,8.0,4,3,0,2,3,3,4.0,1.0,3.0,245,7.538799319727897,4
31,No,Travel_Rarely,Research & Development,1,3,Medical,757,Male,1,Laboratory Technician,Single,168560,3.0,12,1,9.0,3,3,1,0,3,3,1.0,2.0,4.0,236,7.291433615819203,3
34,No,Travel_Frequently,Sales,2,1,Marketing,758,Female,5,Manager,Divorced,26860,5.0,11,0,10.0,3,4,1,3,4,3,4.0,1.0,3.0,228,7.6031566764132545,3
31,Yes,Travel_Rarely,Sales,20,3,Technical Degree,759,Male,1,Research Scientist,Single,61800,1.0,14,1,1.0,2,1,0,0,1,3,1.0,2.0,4.0,234,8.038707264957264,3
27,No,Travel_Rarely,Human Resources,11,4,Medical,760,Male,4,Sales Executive,Married,66320,0.0,16,0,6.0,3,5,1,4,3,3,2.0,1.0,4.0,243,7.189699359853681,3
36,No,Travel_Rarely,Sales,1,3,Marketing,761,Male,2,Research Scientist,Single,35050,1.0,12,2,10.0,2,10,1,8,2,3,1.0,4.0,2.0,238,6.329309056956121,3
36,No,Travel_Rarely,Research & Development,24,3,Other,762,Female,3,Research Director,Married,63970,4.0,14,1,11.0,3,3,0,2,3,3,3.0,1.0,2.0,245,7.31613265306123,3
47,No,Travel_Rarely,Research & Development,23,4,Life Sciences,763,Female,2,Sales Executive,Married,62740,7.0,14,2,17.0,0,6,1,2,3,3,1.0,4.0,2.0,237,7.789321378340362,3
25,Yes,Travel_Rarely,Sales,16,4,Life Sciences,764,Male,2,Research Scientist,Married,198590,3.0,19,0,6.0,3,3,2,2,2,3,1.0,1.0,3.0,237,7.221421706516642,3
37,No,Non-Travel,Sales,8,4,Medical,765,Male,1,Healthcare Representative,Single,75870,0.0,22,1,7.0,5,6,1,3,3,4,3.0,3.0,1.0,233,7.603537195994279,3
56,No,Travel_Rarely,Research & Development,10,4,Other,766,Male,2,Sales Representative,Married,42580,2.0,16,0,5.0,2,3,1,0,3,3,1.0,1.0,4.0,232,6.6234063697317955,3
47,No,Travel_Rarely,Research & Development,3,2,Medical,767,Male,2,Laboratory Technician,Married,43640,3.0,11,1,26.0,3,20,5,6,3,3,1.0,3.0,4.0,241,6.29967381281697,3
24,No,Travel_Rarely,Research & Development,5,1,Other,768,Male,1,Manufacturing Director,Married,43350,1.0,15,1,5.0,5,5,0,3,3,3,4.0,3.0,3.0,236,9.675379001883242,3
32,No,Travel_Rarely,Sales,4,3,Marketing,769,Male,1,Research Scientist,Married,53260,4.0,14,1,7.0,2,4,0,3,3,3,4.0,4.0,2.0,237,7.4851652601969025,3
34,No,Travel_Rarely,Research & Development,9,2,Medical,770,Male,1,Sales Executive,Married,32800,5.0,13,0,7.0,3,5,0,2,3,3,4.0,2.0,2.0,227,6.101879588839944,4
41,No,Travel_Rarely,Research & Development,26,3,Medical,771,Female,3,Sales Executive,Married,54850,2.0,17,2,7.0,2,4,0,3,3,3,2.0,3.0,2.0,243,10.499181527206222,3
40,No,Non-Travel,Sales,3,2,Life Sciences,772,Male,1,Sales Executive,Divorced,43420,3.0,11,1,11.0,6,8,0,7,2,3,3.0,3.0,4.0,230,6.390747584541061,3
31,No,Travel_Rarely,Research & Development,16,3,Medical,773,Male,2,Human Resources,Divorced,27820,1.0,19,1,13.0,5,13,9,9,3,3,1.0,4.0,3.0,241,6.676340479483635,3
46,Yes,Travel_Rarely,Research & Development,18,1,Medical,774,Male,1,Manufacturing Director,Divorced,59800,4.0,11,1,28.0,2,7,4,3,3,3,1.0,4.0,4.0,238,6.6671405228758145,3
39,Yes,Non-Travel,Research & Development,2,4,Medical,775,Male,2,Manufacturing Director,Single,43810,2.0,15,2,11.0,1,1,0,0,2,3,1.0,1.0,4.0,243,9.412597165066297,3
31,Yes,Travel_Frequently,Sales,2,3,Medical,776,Male,2,Sales Executive,Single,25720,1.0,13,3,10.0,3,10,4,7,3,3,3.0,2.0,3.0,229,6.807770499757397,3
45,No,Travel_Rarely,Sales,10,2,Marketing,777,Male,1,Sales Executive,Divorced,38330,2.0,14,0,24.0,1,7,0,7,3,3,2.0,1.0,3.0,235,10.501073286052014,3
31,No,Travel_Rarely,Research & Development,16,4,Life Sciences,778,Male,3,Human Resources,Single,42440,9.0,13,0,8.0,3,3,0,2,3,3,4.0,2.0,3.0,226,6.649557522123896,3
31,Yes,Travel_Frequently,Research & Development,7,4,Life Sciences,779,Male,1,Laboratory Technician,Married,65000,6.0,23,1,7.0,5,2,2,2,3,4,2.0,4.0,1.0,243,10.308444215820762,3
45,No,Travel_Rarely,Research & Development,1,2,Life Sciences,780,Female,1,Research Scientist,Married,184300,4.0,12,1,10.0,5,3,1,2,3,3,2.0,4.0,4.0,234,10.611550332383663,3
48,No,Travel_Rarely,Research & Development,24,3,Technical Degree,781,Male,2,Research Scientist,Divorced,16010,4.0,12,0,15.0,3,2,2,2,3,3,3.0,1.0,3.0,235,7.119044917257682,3
34,Yes,Travel_Rarely,Research & Development,7,4,Medical,782,Male,2,Research Scientist,Married,26940,1.0,16,1,2.0,3,2,2,2,3,3,1.0,3.0,3.0,234,7.4056623931623955,3
40,No,Non-Travel,Research & Development,25,4,Other,783,Female,1,Sales Executive,Divorced,31490,2.0,15,1,16.0,1,9,4,8,2,3,4.0,2.0,3.0,242,8.033875114784205,3
28,No,Travel_Rarely,Research & Development,1,2,Technical Degree,784,Female,1,Research Scientist,Single,176390,0.0,13,1,6.0,0,5,1,3,3,3,4.0,1.0,3.0,233,6.488941344778253,3
44,No,Non-Travel,Research & Development,5,3,Life Sciences,785,Male,1,Laboratory Technician,Single,23190,3.0,18,0,7.0,4,5,0,3,2,3,3.0,3.0,3.0,230,6.603619565217386,4
53,No,Travel_Rarely,Research & Development,2,4,Technical Degree,786,Male,2,Manager,Single,116910,4.0,20,0,35.0,2,9,8,8,3,4,4.0,2.0,2.0,234,6.909737654320988,3
49,No,Travel_Rarely,Research & Development,7,3,Life Sciences,787,Male,3,Laboratory Technician,Married,53240,2.0,19,0,20.0,2,3,1,2,1,3,1.0,3.0,2.0,241,6.783873905025361,3
40,No,Travel_Rarely,Research & Development,2,4,Life Sciences,788,Male,3,Laboratory Technician,Divorced,167520,2.0,18,1,8.0,3,3,1,2,3,3,3.0,3.0,4.0,240,6.513810185185187,3
44,No,Travel_Rarely,Research & Development,5,1,Other,789,Male,3,Research Scientist,Single,52280,1.0,13,0,6.0,2,5,1,3,4,3,4.0,2.0,2.0,244,6.923727231329687,3
33,No,Travel_Frequently,Human Resources,10,3,Medical,790,Female,2,Sales Executive,Married,27000,0.0,14,3,5.0,2,4,0,3,3,3,4.0,1.0,3.0,238,7.288434873949582,3
34,No,Travel_Rarely,Research & Development,10,4,Life Sciences,791,Female,1,Sales Representative,Single,192460,3.0,15,1,15.0,5,13,3,12,3,3,4.0,1.0,3.0,236,6.880241290018828,3
30,No,Travel_Rarely,Sales,1,2,Technical Degree,792,Male,1,Laboratory Technician,Married,25060,8.0,22,0,4.0,3,2,2,2,3,4,4.0,3.0,2.0,239,6.058786610878664,3
42,No,Travel_Frequently,Research & Development,8,4,Medical,793,Female,1,Sales Executive,Single,60620,1.0,22,2,12.0,2,12,5,8,3,4,1.0,4.0,3.0,227,7.300039158100835,4
44,No,Travel_Frequently,Research & Development,5,3,Life Sciences,794,Female,5,Manufacturing Director,Married,43820,7.0,16,2,11.0,2,1,0,0,3,3,1.0,3.0,2.0,234,7.579750712250712,3
30,No,Non-Travel,Research & Development,8,3,Life Sciences,795,Male,1,Manufacturing Director,Divorced,21430,1.0,17,1,1.0,2,1,0,0,3,3,3.0,3.0,2.0,230,6.094781400966184,3
57,No,Travel_Rarely,Sales,2,1,Life Sciences,796,Male,3,Research Scientist,Married,61620,0.0,14,0,13.0,5,12,2,8,2,3,2.0,3.0,2.0,230,7.580286231884055,3
49,No,Travel_Rarely,Research & Development,7,3,Technical Degree,797,Female,2,Sales Executive,Divorced,50940,3.0,15,0,29.0,5,8,0,7,3,3,3.0,2.0,3.0,236,6.893671139359698,3
34,No,Travel_Frequently,Research & Development,2,4,Medical,798,Female,2,Sales Representative,Divorced,68770,7.0,20,0,16.0,3,14,6,9,3,4,2.0,1.0,2.0,229,6.305397865114023,3
28,Yes,Travel_Frequently,Research & Development,2,3,Medical,799,Male,1,Research Scientist,Married,22740,3.0,20,1,5.0,5,3,1,2,3,4,1.0,3.0,4.0,244,6.538028233151188,3
29,Yes,Travel_Frequently,Research & Development,28,3,Medical,800,Female,5,Research Scientist,Single,44340,2.0,17,3,7.0,1,5,0,0,3,3,1.0,2.0,1.0,243,7.796020804755372,3
34,Yes,Travel_Rarely,Research & Development,7,1,Medical,801,Male,1,Research Scientist,Single,62880,0.0,15,1,16.0,2,15,10,10,3,3,1.0,2.0,4.0,242,8.512823691460056,3
35,No,Travel_Rarely,Sales,7,4,Other,802,Female,4,Healthcare Representative,Married,25530,1.0,14,1,1.0,4,1,0,0,2,3,4.0,3.0,3.0,227,6.602291972589329,4
24,Yes,Travel_Frequently,Sales,3,3,Life Sciences,803,Male,2,Research Scientist,Single,76540,2.0,17,1,4.0,3,0,0,0,2,3,2.0,1.0,2.0,233,8.521810920362425,3
24,No,Non-Travel,Research & Development,10,3,Life Sciences,804,Female,2,Manager,Married,51600,1.0,17,1,1.0,3,1,0,0,1,3,4.0,2.0,3.0,239,7.350506741050671,3
44,No,Travel_Frequently,Research & Development,5,2,Medical,805,Female,2,Research Scientist,Single,171590,5.0,22,1,16.0,1,2,2,2,2,4,2.0,3.0,2.0,243,10.29264174668495,3
29,No,Travel_Rarely,Sales,10,2,Life Sciences,806,Female,1,Sales Executive,Divorced,128080,1.0,13,0,10.0,6,10,0,4,3,3,3.0,3.0,3.0,243,7.0301909007773205,3
30,No,Travel_Rarely,Research & Development,1,2,Life Sciences,807,Male,3,Sales Executive,Divorced,102210,0.0,19,1,6.0,2,5,1,3,3,3,3.0,3.0,4.0,242,6.101496786042237,3
55,No,Travel_Rarely,Sales,20,3,Marketing,808,Male,2,Research Scientist,Married,47790,0.0,14,1,4.0,6,3,1,2,3,3,4.0,3.0,3.0,235,10.691157210401894,4
33,No,Travel_Rarely,Research & Development,7,2,Life Sciences,809,Male,2,Research Scientist,Married,37370,8.0,22,2,8.0,2,5,0,2,3,4,1.0,2.0,3.0,244,7.898539389799638,3
47,No,Travel_Rarely,Research & Development,8,4,Medical,810,Female,2,Sales Representative,Married,23660,3.0,17,0,11.0,5,5,1,2,2,3,3.0,3.0,2.0,240,10.849712962962963,3
28,Yes,Travel_Frequently,Sales,1,3,Marketing,811,Male,2,Laboratory Technician,Single,17060,7.0,12,0,8.0,3,0,0,0,3,3,3.0,1.0,2.0,244,7.588862704918029,3
28,No,Travel_Rarely,Sales,8,4,Marketing,812,Male,1,Laboratory Technician,Divorced,163070,1.0,16,0,1.0,3,1,0,0,2,3,1.0,3.0,1.0,240,6.122644675925928,3
28,No,Travel_Frequently,Research & Development,9,3,Life Sciences,813,Female,2,Sales Executive,Single,59330,0.0,11,0,5.0,3,4,1,3,3,3,3.0,1.0,3.0,227,6.962416789035734,3
49,No,Travel_Rarely,Research & Development,5,4,Life Sciences,814,Female,1,Research Scientist,Married,34240,4.0,11,0,10.0,3,3,1,2,3,3,3.0,1.0,3.0,233,6.40001192179304,3
29,No,Travel_Frequently,Research & Development,8,1,Medical,815,Male,1,Research Scientist,Married,40370,0.0,14,0,4.0,2,3,0,2,1,3,4.0,2.0,3.0,244,7.121506147540988,3
28,No,Travel_Rarely,Research & Development,5,1,Technical Degree,816,Male,2,Laboratory Technician,Married,25590,1.0,11,0,8.0,3,8,1,7,2,3,3.0,2.0,2.0,230,5.973506038647339,3
33,No,Travel_Rarely,Research & Development,15,4,Life Sciences,817,Female,1,Sales Executive,Single,62010,2.0,15,3,14.0,2,0,0,0,2,3,4.0,3.0,3.0,231,8.459304954304955,3
32,No,Travel_Rarely,Research & Development,7,3,Life Sciences,818,Female,3,Laboratory Technician,Single,44030,2.0,20,0,10.0,3,5,0,0,2,4,3.0,4.0,4.0,239,7.4242108321710765,3
54,No,Travel_Frequently,Sales,10,3,Life Sciences,819,Female,4,Research Scientist,Divorced,37610,3.0,12,0,26.0,3,14,1,12,2,3,2.0,4.0,3.0,228,7.000416666666667,3
29,Yes,Travel_Rarely,Research & Development,5,3,Life Sciences,820,Female,2,Research Scientist,Single,109340,6.0,17,2,11.0,2,9,0,7,3,3,1.0,1.0,1.0,241,6.523200783771321,3
44,No,Travel_Rarely,Sales,26,1,Marketing,821,Male,1,Sales Representative,Married,107610,3.0,11,1,24.0,5,20,14,17,2,3,4.0,1.0,4.0,229,7.88176128093159,4
39,No,Travel_Rarely,Sales,6,1,Technical Degree,822,Female,2,Laboratory Technician,Single,51750,4.0,17,1,9.0,2,2,2,2,4,3,2.0,2.0,3.0,228,7.125110867446392,3
46,No,Travel_Rarely,Research & Development,4,2,Life Sciences,823,Male,3,Manufacturing Director,Married,138260,8.0,11,0,23.0,1,13,5,1,2,3,3.0,2.0,4.0,241,7.023544260027661,3
35,No,Travel_Rarely,Research & Development,23,4,Life Sciences,824,Male,2,Research Scientist,Single,63340,1.0,14,0,11.0,2,11,3,3,4,3,4.0,2.0,1.0,229,6.203768801552647,3
23,No,Travel_Rarely,Research & Development,2,4,Medical,825,Female,2,Manager,Single,49360,0.0,19,1,5.0,2,4,1,2,2,3,1.0,3.0,3.0,234,7.709598765432096,3
40,Yes,Travel_Rarely,Research & Development,2,3,Medical,826,Male,2,Research Director,Single,47750,3.0,15,1,15.0,3,5,1,0,4,3,4.0,1.0,1.0,230,7.620850241545897,3
34,No,Travel_Rarely,Human Resources,2,3,Human Resources,827,Male,2,Manufacturing Director,Married,28180,1.0,13,1,10.0,2,10,8,6,3,3,4.0,3.0,3.0,234,10.289966761633416,3
31,Yes,Travel_Frequently,Research & Development,29,3,Life Sciences,828,Female,2,Healthcare Representative,Single,25150,1.0,14,0,7.0,3,7,7,7,2,3,4.0,3.0,1.0,230,6.364603864734303,4
50,No,Travel_Frequently,Research & Development,6,3,Medical,829,Male,1,Manager,Single,23420,1.0,12,1,32.0,2,32,13,9,2,3,3.0,4.0,3.0,236,9.98371468926554,3
34,No,Travel_Rarely,Sales,25,5,Marketing,830,Female,1,Research Scientist,Married,41940,0.0,17,2,12.0,3,11,5,7,3,3,2.0,3.0,3.0,232,10.494251676245211,3
42,No,Travel_Rarely,Research & Development,1,3,Life Sciences,831,Female,1,Manufacturing Director,Married,106850,4.0,11,3,4.0,2,1,0,0,3,3,3.0,2.0,3.0,240,6.595753472222227,3
37,No,Travel_Rarely,Research & Development,2,2,Medical,832,Male,1,Research Scientist,Married,20220,1.0,12,0,10.0,1,10,3,7,3,3,1.0,4.0,3.0,231,8.006495911495911,4
29,No,Travel_Rarely,Research & Development,1,3,Medical,833,Female,1,Manager,Married,23140,3.0,13,0,9.0,5,7,0,7,4,3,3.0,1.0,3.0,238,6.202246732026148,3
33,No,Travel_Rarely,Research & Development,1,1,Life Sciences,834,Male,1,Research Scientist,Single,42560,1.0,13,3,5.0,1,5,0,2,3,3,4.0,2.0,3.0,233,7.208550309966623,3
45,No,Travel_Rarely,Sales,3,3,Life Sciences,835,Male,3,Laboratory Technician,Married,35800,4.0,20,1,8.0,1,5,0,3,2,4,4.0,4.0,3.0,239,6.044753602975363,3
42,No,Travel_Frequently,Human Resources,1,4,Technical Degree,836,Male,2,Manufacturing Director,Married,31620,2.0,17,2,24.0,1,20,13,9,3,3,4.0,4.0,1.0,244,8.067896174863385,3
40,No,Travel_Rarely,Sales,10,1,Life Sciences,837,Female,1,Manufacturing Director,Married,65240,0.0,13,1,9.0,2,8,7,1,4,3,1.0,1.0,4.0,243,6.3231149977137635,3
33,No,Travel_Rarely,Research & Development,9,3,Medical,838,Female,2,Manufacturing Director,Married,28990,1.0,17,0,15.0,3,15,5,7,2,3,2.0,3.0,3.0,242,10.617287649219472,3
40,No,Travel_Rarely,Sales,5,5,Life Sciences,839,Male,1,Manufacturing Director,Single,52310,1.0,12,2,21.0,4,21,7,7,3,3,3.0,4.0,3.0,244,8.432153916211286,3
24,No,Travel_Rarely,Sales,10,2,Marketing,840,Male,1,Manufacturing Director,Divorced,23560,0.0,13,0,2.0,5,1,0,0,3,3,3.0,1.0,3.0,242,6.096182277318638,3
40,No,Non-Travel,Research & Development,7,3,Medical,841,Male,1,Research Scientist,Divorced,28000,3.0,12,2,8.0,0,2,2,2,2,3,4.0,4.0,3.0,242,8.382793847566573,3
45,No,Travel_Rarely,Research & Development,4,3,Medical,842,Female,3,Laboratory Technician,Divorced,118360,1.0,22,0,10.0,2,10,7,7,4,4,1.0,2.0,3.0,237,6.594626113455231,3
35,No,Travel_Rarely,Research & Development,10,1,Life Sciences,843,Male,1,Healthcare Representative,Married,109030,0.0,11,0,6.0,3,5,4,2,4,3,2.0,3.0,3.0,232,7.772340756704984,3
32,No,Travel_Rarely,Research & Development,22,4,Medical,844,Male,1,Sales Executive,Married,29730,3.0,22,0,12.0,0,7,2,5,4,4,4.0,2.0,3.0,241,7.27428999538958,3
36,No,Travel_Rarely,Sales,9,3,Marketing,845,Female,4,Research Scientist,Single,142750,3.0,18,1,7.0,5,3,1,2,2,3,3.0,4.0,2.0,244,9.089532103825137,3
48,No,Travel_Rarely,Research & Development,12,4,Medical,846,Male,1,Laboratory Technician,Divorced,55620,8.0,13,1,18.0,2,8,7,7,3,3,3.0,3.0,3.0,237,7.859650726676039,3
29,No,Travel_Rarely,Research & Development,23,4,Life Sciences,847,Female,2,Healthcare Representative,Married,45370,6.0,18,1,5.0,5,1,0,0,4,3,3.0,3.0,2.0,241,7.759097510373445,3
33,No,Travel_Rarely,Research & Development,9,1,Medical,848,Male,1,Healthcare Representative,Married,76420,2.0,20,1,8.0,2,2,2,2,2,4,1.0,1.0,1.0,234,7.108776115859445,3
30,Yes,Travel_Rarely,Research & Development,1,3,Other,849,Male,3,Sales Executive,Married,179240,1.0,13,2,10.0,2,10,6,7,3,3,2.0,1.0,3.0,229,7.376322173702088,3
38,No,Travel_Frequently,Sales,9,3,Marketing,850,Male,1,Manufacturing Director,Married,52040,3.0,13,1,10.0,2,6,1,2,3,3,3.0,3.0,3.0,239,6.928822640632269,3
35,No,Travel_Rarely,Sales,7,2,Life Sciences,851,Male,1,Sales Executive,Single,22770,1.0,12,1,3.0,2,3,1,2,3,3,4.0,1.0,3.0,244,6.808158014571953,3
30,No,Travel_Rarely,Research & Development,14,3,Technical Degree,852,Male,5,Research Director,Married,27950,3.0,13,0,9.0,4,4,1,3,3,3,3.0,2.0,3.0,233,6.500898903195035,3
35,Yes,Travel_Rarely,Research & Development,2,3,Medical,853,Female,1,Research Scientist,Divorced,25320,1.0,13,0,1.0,2,1,0,0,1,3,1.0,1.0,3.0,232,9.684859913793106,4
53,Yes,Travel_Rarely,Research & Development,19,3,Life Sciences,854,Male,2,Manager,Married,25590,0.0,25,0,34.0,2,33,1,9,3,4,3.0,4.0,3.0,244,6.508081739526416,3
38,Yes,Travel_Rarely,Research & Development,2,3,Medical,855,Female,3,Sales Executive,Married,49080,4.0,19,1,7.0,3,5,1,4,2,3,3.0,2.0,3.0,243,7.600153177869226,3
32,No,Non-Travel,Research & Development,10,4,Life Sciences,856,Female,5,Research Scientist,Married,23800,4.0,13,0,9.0,5,6,1,2,3,3,4.0,1.0,2.0,234,7.381282051282057,5
48,No,Travel_Rarely,Research & Development,2,5,Life Sciences,857,Male,1,Sales Executive,Married,47650,8.0,12,1,10.0,4,8,7,6,3,3,3.0,1.0,2.0,232,7.112005507662833,4
34,No,Travel_Rarely,Research & Development,3,3,Life Sciences,858,Male,2,Sales Executive,Single,20440,1.0,11,0,1.0,2,1,0,0,3,3,1.0,4.0,1.0,239,7.422164109716412,3
55,No,Travel_Rarely,Research & Development,11,1,Medical,859,Female,1,Laboratory Technician,Married,26930,1.0,18,0,36.0,6,36,2,13,2,3,3.0,4.0,3.0,234,6.372202041785379,3
34,No,Travel_Rarely,Research & Development,2,2,Life Sciences,860,Male,2,Research Scientist,Married,65860,9.0,18,1,9.0,3,2,2,1,3,3,2.0,4.0,2.0,228,6.133991228070173,3
26,No,Travel_Rarely,Research & Development,4,3,Life Sciences,861,Male,1,Research Director,Married,32940,1.0,11,0,1.0,6,1,0,0,3,3,1.0,4.0,3.0,239,7.3015701999070215,3
38,No,Travel_Rarely,Sales,14,2,Marketing,862,Female,1,Sales Executive,Married,41710,0.0,23,0,10.0,4,9,7,7,4,4,3.0,2.0,3.0,236,7.006115819209039,3
38,No,Travel_Rarely,Research & Development,2,3,Life Sciences,863,Female,1,Manufacturing Director,Single,27780,2.0,13,0,8.0,5,3,1,2,2,3,2.0,2.0,4.0,232,7.245010775862071,4
36,No,Travel_Rarely,Human Resources,1,3,Human Resources,864,Male,1,Research Scientist,Single,23770,6.0,13,2,15.0,3,1,0,0,3,3,2.0,3.0,3.0,231,7.427548100048103,3
29,No,Travel_Rarely,Research & Development,10,3,Life Sciences,865,Male,1,Sales Representative,Single,24040,1.0,17,0,10.0,3,10,1,5,2,3,2.0,1.0,3.0,237,8.108851383028604,3
35,No,Travel_Rarely,Sales,12,2,Life Sciences,866,Female,2,Sales Executive,Single,23180,3.0,19,0,10.0,4,5,0,4,4,3,1.0,3.0,3.0,228,9.29944200779727,3
39,No,Travel_Rarely,Sales,2,2,Medical,867,Female,1,Sales Executive,Married,20080,2.0,12,0,11.0,3,7,7,6,3,3,4.0,3.0,3.0,245,7.768857142857141,3
29,No,Travel_Frequently,Research & Development,5,1,Medical,868,Female,1,Research Scientist,Divorced,62440,1.0,22,0,6.0,3,6,1,3,3,4,1.0,4.0,4.0,237,6.832889123300521,4
50,No,Travel_Rarely,Research & Development,4,2,Medical,869,Female,1,Laboratory Technician,Married,27990,4.0,12,1,27.0,0,1,0,0,1,3,3.0,3.0,3.0,240,9.38732638888889,3
23,No,Travel_Rarely,Research & Development,7,2,Life Sciences,870,Female,3,Manager,Married,105520,2.0,11,0,4.0,2,2,2,2,3,3,4.0,3.0,3.0,240,6.664042824074074,3
36,No,Travel_Frequently,Sales,21,3,Life Sciences,871,Male,2,Human Resources,Married,23290,3.0,15,0,9.0,2,3,0,2,3,3,1.0,1.0,3.0,235,9.216660756501188,3
42,No,Travel_Rarely,Research & Development,8,2,Life Sciences,872,Female,5,Manager,Single,40140,8.0,13,1,24.0,3,1,0,1,3,3,4.0,4.0,3.0,243,5.996898719707359,3
35,No,Travel_Rarely,Sales,4,3,Medical,873,Female,2,Laboratory Technician,Married,74030,1.0,12,1,10.0,4,10,6,8,3,3,2.0,3.0,2.0,244,6.391757741347907,3
34,No,Travel_Frequently,Research & Development,25,1,Life Sciences,874,Female,1,Manager,Married,22590,1.0,14,0,8.0,2,8,7,7,3,3,4.0,3.0,2.0,232,5.995439415708814,3
40,No,Travel_Rarely,Research & Development,1,4,Life Sciences,875,Male,2,Laboratory Technician,Married,69320,1.0,13,0,5.0,5,5,1,2,3,3,4.0,1.0,3.0,235,6.491637115839244,3
43,No,Travel_Rarely,Research & Development,1,1,Other,876,Male,1,Manager,Divorced,46780,5.0,25,1,8.0,0,6,0,2,4,4,4.0,2.0,3.0,228,7.030567738791425,3
35,No,Travel_Rarely,Sales,6,3,Marketing,877,Female,3,Sales Representative,Married,135820,1.0,17,1,1.0,3,1,0,1,2,3,3.0,4.0,2.0,233,7.320544825941822,3
46,No,Travel_Rarely,Research & Development,12,4,Technical Degree,878,Male,1,Laboratory Technician,Single,23320,1.0,11,0,27.0,2,26,0,12,3,3,4.0,1.0,1.0,241,6.599134393729827,3
28,Yes,Travel_Rarely,Human Resources,1,3,Medical,879,Female,2,Laboratory Technician,Married,24130,1.0,16,1,1.0,2,1,0,0,3,3,3.0,2.0,3.0,237,8.417341772151902,3
22,No,Non-Travel,Sales,17,2,Marketing,880,Male,3,Sales Executive,Married,97050,1.0,18,2,4.0,3,4,1,3,2,3,2.0,3.0,2.0,237,8.882230426629159,3
50,No,Travel_Frequently,Research & Development,3,3,Other,881,Male,2,Research Scientist,Married,42940,2.0,20,0,32.0,2,30,12,13,2,4,2.0,3.0,3.0,243,9.4252320530407,3
32,No,Travel_Rarely,Research & Development,3,2,Life Sciences,882,Male,3,Research Scientist,Married,47210,3.0,14,1,6.0,3,3,0,2,3,3,2.0,4.0,3.0,232,6.344614463601533,3
44,No,Travel_Rarely,Research & Development,10,3,Technical Degree,883,Male,3,Manager,Divorced,25190,0.0,21,2,23.0,2,22,1,10,3,4,2.0,4.0,2.0,243,8.78037494284408,3
30,No,Travel_Rarely,Research & Development,4,3,Medical,884,Female,1,Research Director,Married,21210,1.0,13,1,6.0,2,6,1,1,3,3,2.0,2.0,2.0,233,6.562242489270386,3
45,No,Travel_Rarely,Sales,29,2,Technical Degree,885,Female,2,Research Scientist,Single,29730,1.0,12,0,10.0,2,10,1,4,3,3,3.0,1.0,3.0,246,8.875014679313457,3
45,No,Non-Travel,Sales,2,4,Life Sciences,886,Male,2,Manufacturing Director,Married,58550,1.0,14,1,10.0,3,10,4,5,2,3,1.0,1.0,3.0,233,7.908878159275157,4
31,No,Travel_Frequently,Research & Development,7,3,Medical,887,Male,2,Research Scientist,Single,36170,7.0,21,1,10.0,5,5,0,3,3,4,4.0,1.0,3.0,233,7.144681688125891,3
36,No,Travel_Rarely,Research & Development,18,1,Medical,888,Male,2,Manufacturing Director,Married,67250,9.0,17,1,7.0,3,3,1,1,3,3,3.0,3.0,3.0,245,10.916893424036282,3
34,No,Travel_Frequently,Sales,28,4,Marketing,889,Male,5,Manufacturing Director,Divorced,103250,1.0,11,1,9.0,3,9,7,2,2,3,3.0,4.0,3.0,239,6.10216178521618,3
49,No,Travel_Rarely,Research & Development,1,4,Life Sciences,890,Male,3,Healthcare Representative,Married,69490,1.0,14,1,10.0,2,9,1,4,3,3,3.0,1.0,2.0,239,7.295703161320311,3
39,No,Travel_Rarely,Research & Development,6,2,Life Sciences,891,Male,3,Research Scientist,Married,106090,2.0,17,1,10.0,2,7,7,7,3,3,2.0,1.0,3.0,230,6.56734299516908,3
27,No,Travel_Rarely,Research & Development,2,1,Life Sciences,892,Male,4,Research Scientist,Divorced,44470,1.0,13,0,7.0,4,7,0,7,3,3,4.0,1.0,3.0,243,6.090469821673527,3
35,No,Travel_Rarely,Research & Development,2,3,Medical,893,Female,2,Sales Executive,Married,21570,1.0,25,0,16.0,1,16,1,10,2,4,2.0,1.0,3.0,235,7.60310401891253,3
28,No,Travel_Rarely,Research & Development,23,3,Life Sciences,894,Male,3,Manufacturing Director,Divorced,46010,0.0,15,2,6.0,2,5,0,0,3,3,2.0,1.0,2.0,240,7.384281249999999,3
21,No,Travel_Rarely,Research & Development,3,1,Life Sciences,895,Female,1,Laboratory Technician,Single,170990,1.0,14,1,3.0,2,2,2,2,3,3,3.0,4.0,3.0,235,7.880823877068557,3
18,Yes,Travel_Frequently,Research & Development,3,5,Medical,896,Male,1,Research Director,Single,24790,1.0,12,1,0.0,2,0,0,0,2,3,2.0,4.0,4.0,243,8.397640603566531,3
47,No,Travel_Rarely,Research & Development,25,4,Medical,897,Male,2,Research Scientist,Married,148520,3.0,19,3,27.0,3,5,1,0,2,3,4.0,3.0,3.0,242,6.039741735537194,3
39,No,Travel_Rarely,Sales,2,4,Life Sciences,898,Male,1,Laboratory Technician,Divorced,72640,0.0,17,0,11.0,5,10,0,7,3,3,3.0,3.0,3.0,226,6.870003687315634,3
40,No,Travel_Rarely,Research & Development,22,1,Life Sciences,899,Male,1,Laboratory Technician,Married,56660,1.0,14,1,18.0,2,18,14,12,3,3,1.0,3.0,3.0,230,7.586946859903377,3
35,No,Non-Travel,Research & Development,29,3,Medical,900,Female,2,Sales Executive,Married,78230,1.0,13,1,15.0,3,14,2,9,3,3,3.0,3.0,3.0,230,6.191809178743959,4
37,No,Travel_Rarely,Research & Development,29,4,Technical Degree,901,Male,1,Laboratory Technician,Married,78800,3.0,12,1,9.0,2,4,0,2,4,3,3.0,3.0,2.0,239,7.993996978149696,4
39,No,Travel_Frequently,Research & Development,2,3,Technical Degree,902,Female,2,Manager,Single,131940,0.0,11,0,10.0,2,9,3,8,3,3,1.0,3.0,1.0,232,6.660409482758622,4
45,No,Travel_Rarely,Research & Development,28,3,Life Sciences,903,Female,2,Laboratory Technician,Divorced,50670,1.0,11,2,10.0,3,10,3,9,2,3,4.0,4.0,3.0,242,7.31715105601469,3
38,No,Travel_Rarely,Research & Development,2,4,Life Sciences,904,Female,3,Sales Executive,Married,50790,3.0,11,0,10.0,3,5,0,2,3,3,4.0,3.0,4.0,233,9.588505007153074,4
35,Yes,Travel_Rarely,Research & Development,2,3,Life Sciences,905,Male,3,Healthcare Representative,Married,23210,9.0,12,1,15.0,0,13,6,0,3,3,4.0,1.0,3.0,240,5.96661226851852,3
37,No,Travel_Rarely,Research & Development,22,3,Life Sciences,906,Female,2,Healthcare Representative,Married,174440,1.0,14,0,8.0,4,8,7,7,3,3,2.0,2.0,1.0,231,7.942092352092344,3
40,No,Travel_Rarely,Research & Development,8,3,Technical Degree,907,Female,2,Healthcare Representative,Single,24040,6.0,17,0,18.0,2,4,3,3,2,3,3.0,4.0,2.0,240,9.179383101851851,3
44,No,Travel_Frequently,Sales,2,2,Marketing,908,Male,1,Laboratory Technician,Married,34520,4.0,11,1,14.0,2,10,0,2,2,3,1.0,4.0,3.0,232,8.59349856321839,3
48,No,Travel_Frequently,Sales,10,4,Marketing,909,Female,3,Manager,Married,22700,2.0,14,3,23.0,2,2,2,2,3,3,3.0,4.0,3.0,228,7.1117251461988324,3
35,Yes,Travel_Rarely,Research & Development,9,3,Life Sciences,910,Male,2,Manager,Divorced,173990,6.0,12,0,7.0,3,2,2,2,1,3,3.0,4.0,2.0,236,10.698715866290021,3
24,No,Travel_Frequently,Research & Development,15,3,Life Sciences,911,Male,2,Research Scientist,Single,54880,1.0,22,1,6.0,6,6,1,3,3,4,1.0,4.0,3.0,239,8.687724314272431,3
27,No,Travel_Rarely,Sales,10,4,Life Sciences,912,Male,3,Sales Executive,Married,194190,7.0,14,1,5.0,2,3,0,2,1,3,2.0,3.0,3.0,230,7.1704118357487925,3
27,No,Travel_Frequently,Research & Development,7,3,Life Sciences,913,Male,1,Research Scientist,Single,28110,2.0,20,0,6.0,3,4,1,2,3,4,4.0,4.0,2.0,243,6.4101211705532695,3
40,Yes,Travel_Rarely,Sales,16,4,Marketing,914,Male,1,Research Director,Single,36330,3.0,16,2,10.0,0,4,0,3,3,3,1.0,1.0,1.0,244,10.48674863387978,3
29,No,Travel_Rarely,Research & Development,20,1,Medical,915,Female,2,Manager,Single,41630,9.0,15,1,8.0,4,5,1,4,2,3,3.0,3.0,3.0,235,7.294751773049644,3
36,No,Travel_Rarely,Research & Development,23,3,Life Sciences,916,Female,3,Sales Executive,Married,21320,4.0,20,0,9.0,1,3,0,2,2,4,2.0,1.0,3.0,233,7.88170243204578,3
25,No,Travel_Frequently,Sales,5,1,Marketing,917,Male,4,Manufacturing Director,Divorced,139730,1.0,14,0,7.0,3,7,0,7,2,3,4.0,3.0,3.0,233,6.098032904148782,3
39,No,Travel_Rarely,Sales,10,3,Marketing,918,Female,2,Research Director,Married,26840,4.0,12,0,7.0,2,5,1,0,3,3,4.0,2.0,3.0,233,6.773751788268954,3
49,No,Travel_Rarely,Sales,4,2,Life Sciences,919,Male,2,Research Director,Married,108450,3.0,24,0,27.0,4,4,1,2,2,4,1.0,2.0,3.0,239,7.800969316596935,3
50,No,Travel_Rarely,Research & Development,2,2,Medical,920,Male,3,Sales Executive,Divorced,43770,5.0,12,1,19.0,2,14,1,11,2,3,4.0,1.0,3.0,240,7.788531250000001,3
20,No,Travel_Rarely,Research & Development,18,4,Medical,921,Female,2,Sales Executive,Single,37430,1.0,13,1,2.0,2,2,2,2,3,3,3.0,3.0,3.0,233,6.625714115402963,3
34,No,Travel_Rarely,Research & Development,10,3,Medical,922,Male,3,Laboratory Technician,Divorced,41480,1.0,11,0,11.0,3,11,7,9,3,3,4.0,2.0,3.0,233,7.706878874582737,3
36,No,Travel_Rarely,Research & Development,1,3,Life Sciences,923,Female,2,Healthcare Representative,Single,10510,2.0,14,0,15.0,2,4,1,3,3,3,1.0,2.0,3.0,228,5.9864875730994145,3
49,No,Travel_Rarely,Human Resources,6,2,Life Sciences,924,Female,2,Research Scientist,Married,107390,2.0,11,3,30.0,3,15,2,12,3,3,3.0,3.0,3.0,242,8.499204545454544,4
36,No,Non-Travel,Research & Development,8,4,Life Sciences,925,Male,4,Laboratory Technician,Married,103880,0.0,14,0,4.0,2,3,1,2,3,3,4.0,3.0,3.0,241,7.954062932226828,3
36,No,Travel_Rarely,Research & Development,2,2,Medical,926,Female,2,Healthcare Representative,Divorced,114160,6.0,16,0,13.0,2,5,0,4,3,3,4.0,1.0,3.0,238,6.310086367880486,3
54,No,Travel_Rarely,Sales,24,3,Marketing,927,Male,1,Laboratory Technician,Married,26000,3.0,14,0,36.0,5,10,4,7,3,3,2.0,3.0,3.0,230,7.584176328502416,3
43,No,Travel_Rarely,Research & Development,2,4,Life Sciences,928,Female,1,Research Scientist,Married,24220,1.0,11,1,14.0,2,14,6,11,3,3,3.0,3.0,3.0,242,7.632412764003677,4
35,Yes,Travel_Frequently,Research & Development,17,4,Medical,929,Male,1,Research Director,Single,54720,3.0,11,1,13.0,3,11,6,7,2,3,4.0,4.0,4.0,230,8.416370772946863,3
38,No,Travel_Frequently,Research & Development,19,2,Life Sciences,930,Male,2,Research Scientist,Married,24510,7.0,12,1,19.0,3,13,2,9,3,3,4.0,4.0,4.0,242,7.198089990817265,3
29,No,Travel_Rarely,Research & Development,1,2,Medical,931,Male,2,Sales Representative,Divorced,42400,1.0,14,0,10.0,2,10,0,9,2,3,1.0,2.0,2.0,243,10.704748513946042,3
33,No,Travel_Rarely,Research & Development,7,3,Medical,932,Male,5,Sales Executive,Divorced,109990,1.0,18,3,6.0,3,6,0,4,2,3,4.0,4.0,3.0,227,6.4121267743514485,3
32,No,Travel_Rarely,Research & Development,5,4,Technical Degree,933,Male,5,Research Scientist,Divorced,50030,2.0,13,0,10.0,5,9,1,6,3,3,4.0,2.0,2.0,228,6.599085038986353,3
31,No,Travel_Rarely,Research & Development,28,4,Technical Degree,934,Female,2,Sales Executive,Married,127420,1.0,11,0,10.0,4,10,0,2,2,3,1.0,4.0,3.0,242,7.39062327823691,3
49,No,Travel_Rarely,Research & Development,2,4,Medical,935,Male,1,Laboratory Technician,Divorced,42270,4.0,18,0,17.0,3,2,2,2,2,3,4.0,1.0,2.0,235,9.695243498817964,3
38,No,Travel_Frequently,Sales,29,2,Medical,936,Female,1,Sales Executive,Single,39170,1.0,15,3,4.0,2,4,3,3,3,3,4.0,2.0,3.0,241,7.806726602120786,3
47,No,Travel_Rarely,Research & Development,1,4,Medical,937,Male,3,Laboratory Technician,Divorced,183030,6.0,22,1,29.0,2,3,1,2,2,4,2.0,2.0,3.0,234,6.711067188983855,3
49,No,Travel_Rarely,Research & Development,21,3,Medical,938,Male,2,Manufacturing Director,Single,23800,4.0,13,0,23.0,3,8,0,0,1,3,3.0,3.0,3.0,238,6.3870588235294115,3
41,No,Travel_Rarely,Research & Development,24,4,Life Sciences,939,Female,4,Manager,Single,137260,3.0,12,0,21.0,6,2,0,2,4,3,4.0,3.0,3.0,241,10.959115952051635,3
20,No,Travel_Rarely,Research & Development,1,3,Life Sciences,940,Male,1,Sales Representative,Single,47770,1.0,18,1,2.0,3,2,0,2,3,3,4.0,1.0,3.0,241,7.703551175656983,3
33,No,Non-Travel,Research & Development,18,2,Medical,941,Female,2,Healthcare Representative,Divorced,63850,1.0,13,0,7.0,6,6,1,2,2,3,3.0,4.0,3.0,237,9.487822315986874,3
36,No,Travel_Rarely,Research & Development,2,2,Technical Degree,942,Male,3,Sales Executive,Married,199730,6.0,12,0,10.0,2,3,0,2,3,3,1.0,3.0,2.0,228,5.958735380116961,3
44,No,Travel_Rarely,Research & Development,9,3,Technical Degree,943,Female,3,Healthcare Representative,Divorced,68610,4.0,12,0,8.0,2,2,2,2,2,3,3.0,4.0,3.0,233,8.52645922746781,3
23,Yes,Travel_Rarely,Human Resources,6,3,Life Sciences,944,Female,3,Laboratory Technician,Single,49690,1.0,12,0,5.0,3,5,1,2,3,3,4.0,3.0,3.0,240,8.093856481481486,3
38,No,Travel_Rarely,Research & Development,11,2,Life Sciences,945,Male,1,Sales Executive,Married,198450,7.0,11,1,7.0,3,0,0,0,3,3,4.0,3.0,2.0,239,7.388344955834499,3
53,No,Travel_Rarely,Research & Development,24,3,Life Sciences,946,Male,4,Research Director,Married,133200,3.0,11,0,11.0,2,4,1,2,3,3,2.0,4.0,3.0,234,8.024024216524218,4
48,Yes,Travel_Frequently,Sales,10,2,Marketing,947,Male,1,Healthcare Representative,Married,63470,2.0,12,1,19.0,3,9,7,7,1,3,4.0,3.0,3.0,237,9.882666432255041,3
32,Yes,Travel_Rarely,Sales,1,3,Life Sciences,948,Male,2,Research Scientist,Single,27430,1.0,19,1,1.0,2,1,0,0,3,3,4.0,2.0,3.0,241,7.527459658828955,4
26,No,Non-Travel,Research & Development,18,2,Medical,949,Male,1,Human Resources,Single,108800,1.0,23,1,7.0,5,7,5,7,3,4,4.0,4.0,3.0,245,7.190238095238098,3
55,No,Travel_Rarely,Research & Development,23,1,Life Sciences,950,Male,5,Laboratory Technician,Divorced,23420,5.0,11,2,8.0,2,4,1,2,3,3,1.0,2.0,3.0,246,7.7003748870822,3
34,No,Travel_Rarely,Sales,28,3,Life Sciences,951,Female,2,Research Scientist,Married,176500,1.0,19,1,15.0,6,15,4,13,1,3,2.0,4.0,4.0,232,7.96886733716475,3
60,No,Travel_Rarely,Sales,17,4,Medical,952,Male,1,Manager,Divorced,40250,3.0,13,1,19.0,5,1,0,0,2,3,3.0,4.0,4.0,233,6.235646161182641,3
33,No,Travel_Rarely,Sales,3,3,Life Sciences,953,Male,3,Manager,Married,97250,1.0,11,0,14.0,0,14,2,13,3,3,2.0,2.0,3.0,231,7.787044252044254,3
37,No,Travel_Frequently,Research & Development,13,3,Life Sciences,954,Male,1,Laboratory Technician,Divorced,119040,1.0,12,1,6.0,4,6,1,3,3,3,3.0,4.0,2.0,243,6.513645404663921,3
34,No,Travel_Rarely,Research & Development,7,2,Life Sciences,955,Male,1,Healthcare Representative,Married,21770,1.0,13,0,10.0,5,10,8,7,3,3,2.0,4.0,3.0,232,7.057042624521075,3
23,Yes,Travel_Rarely,Research & Development,12,2,Medical,956,Male,2,Research Scientist,Divorced,75250,1.0,14,2,3.0,2,3,0,2,3,3,3.0,4.0,3.0,245,9.220522675736962,3
44,No,Travel_Rarely,Human Resources,1,3,Life Sciences,957,Male,1,Research Scientist,Married,48340,1.0,14,0,9.0,1,8,6,7,4,3,3.0,4.0,3.0,239,8.505449790794984,4
35,No,Travel_Frequently,Research & Development,13,3,Life Sciences,958,Male,3,Sales Executive,Single,20420,0.0,16,0,6.0,2,5,1,4,3,3,1.0,4.0,4.0,233,8.161027658559847,3
43,No,Travel_Rarely,Research & Development,25,4,Life Sciences,959,Male,2,Sales Executive,Married,22200,1.0,11,0,10.0,2,10,8,8,1,3,4.0,4.0,3.0,240,8.093515046296295,3
24,No,Travel_Rarely,Research & Development,6,3,Life Sciences,960,Male,3,Sales Executive,Married,10520,1.0,13,0,5.0,3,5,0,4,3,3,3.0,3.0,3.0,239,6.711200604370065,4
41,No,Travel_Rarely,Sales,6,4,Marketing,961,Male,1,Research Scientist,Single,28210,1.0,17,0,10.0,3,10,8,7,3,3,4.0,3.0,3.0,231,7.034598364598366,3
29,No,Travel_Rarely,Research & Development,2,2,Life Sciences,962,Male,2,Research Scientist,Married,192370,9.0,11,1,9.0,2,5,1,2,3,3,4.0,3.0,3.0,231,7.925632515632515,4
36,No,Travel_Rarely,Human Resources,1,4,Life Sciences,963,Female,3,Research Scientist,Single,41070,3.0,11,1,17.0,2,13,6,7,1,3,3.0,4.0,2.0,231,6.286331168831167,3
45,No,Non-Travel,Sales,2,3,Life Sciences,964,Female,2,Manufacturing Director,Married,83960,3.0,15,2,25.0,3,23,14,4,2,3,3.0,3.0,2.0,237,6.2971847163619294,3
24,Yes,Travel_Rarely,Sales,6,2,Medical,965,Female,2,Manager,Married,20070,1.0,12,0,1.0,2,1,0,0,2,3,4.0,3.0,3.0,237,6.382531645569625,3
47,Yes,Travel_Frequently,Research & Development,1,3,Medical,966,Female,2,Sales Executive,Married,196270,7.0,11,2,25.0,1,23,14,10,3,3,3.0,3.0,1.0,237,6.786419362400377,3
26,No,Travel_Rarely,Research & Development,9,1,Medical,967,Male,1,Sales Executive,Married,106860,1.0,14,1,3.0,2,3,0,2,3,3,4.0,3.0,4.0,245,7.719782312925167,3
45,No,Travel_Rarely,Research & Development,1,4,Life Sciences,968,Male,1,Research Director,Single,29420,1.0,22,1,21.0,4,21,8,6,3,4,4.0,2.0,3.0,227,6.57845570239843,3
32,No,Travel_Frequently,Sales,1,1,Marketing,969,Male,2,Laboratory Technician,Married,88580,6.0,16,1,10.0,2,5,1,3,3,3,1.0,3.0,2.0,226,6.908069075712877,3
31,No,Travel_Rarely,Research & Development,14,2,Life Sciences,970,Male,1,Sales Executive,Married,167560,1.0,11,2,6.0,5,5,0,3,3,3,2.0,3.0,4.0,228,7.190400828460045,3
41,No,Non-Travel,Sales,2,2,Medical,971,Male,2,Research Scientist,Married,107980,6.0,14,2,10.0,5,3,1,2,1,3,3.0,2.0,3.0,231,7.722730880230882,4
40,No,Travel_Rarely,Research & Development,22,2,Technical Degree,972,Male,1,Healthcare Representative,Married,23230,2.0,16,1,18.0,2,1,0,0,3,3,2.0,1.0,3.0,237,9.783942803563063,3
24,No,Travel_Rarely,Research & Development,3,3,Life Sciences,973,Female,1,Research Scientist,Divorced,14160,1.0,15,1,6.0,3,6,1,2,2,3,2.0,1.0,4.0,232,5.991006944444447,3
46,No,Travel_Rarely,Research & Development,6,3,Medical,974,Male,4,Sales Executive,Single,46150,6.0,12,0,19.0,3,10,0,9,2,3,3.0,2.0,3.0,244,7.57574567395264,3
35,No,Travel_Rarely,Sales,8,4,Life Sciences,975,Male,1,Laboratory Technician,Married,24610,2.0,20,1,17.0,4,7,0,7,3,4,4.0,3.0,3.0,226,7.379968043264501,3
30,No,Travel_Rarely,Sales,9,4,Marketing,976,Male,1,Laboratory Technician,Married,87220,1.0,17,1,10.0,3,10,0,8,3,3,2.0,4.0,2.0,229,7.276453178068898,3
47,No,Non-Travel,Research & Development,3,2,Life Sciences,977,Female,2,Sales Executive,Married,39550,7.0,12,1,4.0,5,1,0,0,3,3,3.0,2.0,1.0,235,7.688438534278953,3
46,No,Travel_Rarely,Research & Development,1,4,Technical Degree,978,Female,3,Sales Executive,Divorced,99570,4.0,20,0,13.0,1,10,0,3,3,4,3.0,4.0,2.0,231,9.799356661856661,3
36,Yes,Travel_Rarely,Research & Development,1,3,Medical,979,Male,2,Manufacturing Director,Divorced,33760,5.0,20,0,16.0,3,2,2,2,3,4,2.0,1.0,3.0,239,10.37702115295211,3
32,Yes,Travel_Rarely,Research & Development,26,3,Medical,980,Female,2,Research Director,Single,88230,6.0,13,2,10.0,3,0,0,0,3,3,1.0,2.0,3.0,242,7.014081726354454,3
23,No,Travel_Rarely,Sales,6,4,Life Sciences,981,Male,3,Manufacturing Director,Single,103220,1.0,14,2,3.0,2,3,1,2,3,3,3.0,2.0,1.0,235,6.026296690307327,3
31,No,Travel_Frequently,Sales,3,3,Marketing,982,Male,2,Sales Executive,Single,46210,2.0,18,1,9.0,3,5,1,4,3,3,4.0,4.0,2.0,238,6.461306022408961,3
39,No,Non-Travel,Research & Development,3,3,Life Sciences,983,Female,2,Manufacturing Director,Married,109760,1.0,11,0,9.0,3,9,5,8,2,3,4.0,4.0,3.0,247,10.198464912280699,3
32,No,Travel_Rarely,Research & Development,6,3,Technical Degree,984,Male,1,Research Scientist,Married,36600,3.0,11,2,10.0,0,4,0,2,2,3,4.0,3.0,1.0,245,7.5986780045351425,3
40,No,Travel_Rarely,Sales,6,3,Life Sciences,985,Male,3,Manufacturing Director,Single,104820,1.0,11,1,21.0,6,21,12,8,2,3,2.0,2.0,2.0,243,7.906652949245545,3
45,No,Travel_Rarely,Research & Development,19,4,Medical,986,Male,1,Sales Representative,Married,71190,4.0,15,0,9.0,2,5,0,3,3,3,3.0,3.0,4.0,240,7.7862974537037095,3
30,No,Travel_Frequently,Sales,9,3,Life Sciences,987,Male,1,Research Director,Single,95820,0.0,12,1,10.0,2,9,0,7,3,3,4.0,1.0,3.0,237,6.223947491795589,3
24,No,Travel_Frequently,Sales,3,4,Marketing,988,Male,1,Sales Executive,Married,45080,0.0,11,1,3.0,5,2,2,1,3,3,1.0,4.0,3.0,235,5.950861702127659,3
30,Yes,Travel_Frequently,Research & Development,10,3,Life Sciences,989,Female,1,Human Resources,Divorced,22070,6.0,14,0,6.0,4,4,1,2,3,3,3.0,4.0,2.0,230,6.7176980676328535,4
31,No,Travel_Rarely,Research & Development,3,2,Life Sciences,990,Male,3,Laboratory Technician,Married,77560,1.0,15,2,6.0,3,5,0,2,4,3,1.0,3.0,3.0,230,7.609416666666665,3
27,No,Travel_Rarely,Sales,3,3,Life Sciences,991,Male,1,Manager,Single,66940,1.0,13,1,6.0,2,6,1,4,2,3,3.0,4.0,2.0,229,6.303799126637555,3
29,Yes,Travel_Rarely,Sales,4,3,Marketing,992,Male,5,Research Scientist,Single,36910,1.0,13,0,2.0,3,2,2,2,3,3,2.0,2.0,3.0,229,6.805719311014075,3
29,No,Travel_Frequently,Research & Development,8,4,Life Sciences,993,Female,1,Sales Executive,Single,23770,8.0,21,1,10.0,2,3,0,2,3,4,4.0,3.0,4.0,240,8.804921296296301,3
30,No,Travel_Rarely,Sales,7,3,Life Sciences,994,Male,3,Sales Executive,Divorced,23130,2.0,11,0,12.0,5,7,1,7,3,3,3.0,1.0,3.0,231,8.030652958152956,3
34,No,Travel_Rarely,Research & Development,1,2,Medical,995,Female,2,Healthcare Representative,Married,176650,0.0,11,0,6.0,5,5,1,2,2,3,4.0,4.0,3.0,237,9.935644631973743,3
33,No,Non-Travel,Research & Development,2,4,Medical,996,Male,1,Sales Representative,Single,25960,8.0,14,1,13.0,4,11,1,7,3,3,4.0,2.0,2.0,228,7.3862597465886894,3
49,No,Travel_Rarely,Sales,3,4,Marketing,997,Male,1,Sales Executive,Single,47280,3.0,11,1,8.0,4,5,0,4,3,3,4.0,4.0,4.0,246,7.697562104787717,3
33,Yes,Travel_Rarely,Research & Development,10,3,Life Sciences,998,Male,1,Sales Executive,Single,43020,2.0,13,0,11.0,3,0,0,0,1,3,1.0,1.0,2.0,228,8.278268762183238,3
38,No,Travel_Frequently,Research & Development,28,3,Medical,999,Male,1,Healthcare Representative,Married,29790,4.0,12,1,9.0,3,6,0,5,3,3,3.0,2.0,2.0,245,7.878654195011344,3
31,Yes,Travel_Rarely,Human Resources,9,4,Human Resources,1000,Male,2,Laboratory Technician,Married,168850,2.0,14,2,10.0,2,1,0,0,3,3,1.0,3.0,3.0,242,6.192529843893482,3
29,No,Travel_Rarely,Research & Development,3,4,Other,1001,Female,2,Sales Representative,Divorced,55930,1.0,13,1,1.0,3,1,0,0,3,3,4.0,1.0,3.0,226,6.292075958702067,4
30,No,Travel_Rarely,Research & Development,2,1,Medical,1002,Male,1,Sales Representative,Married,104450,3.0,18,1,10.0,3,7,1,7,3,3,3.0,3.0,3.0,239,6.826139005113902,3
32,No,Non-Travel,Research & Development,10,4,Life Sciences,1003,Female,1,Laboratory Technician,Single,87400,2.0,11,1,12.0,2,7,0,7,3,3,2.0,2.0,3.0,228,6.016168372319685,3
38,No,Travel_Rarely,Research & Development,8,2,Technical Degree,1004,Female,1,Manufacturing Director,Married,25140,3.0,11,0,15.0,2,1,1,0,2,3,2.0,4.0,3.0,235,9.01943262411348,4
43,Yes,Travel_Frequently,Research & Development,1,4,Other,1005,Male,3,Sales Executive,Married,76550,9.0,12,1,6.0,3,1,0,0,3,3,3.0,3.0,3.0,240,8.407244212962963,3
42,No,Travel_Rarely,Human Resources,1,3,Other,1006,Female,1,Healthcare Representative,Divorced,174650,8.0,13,1,7.0,3,5,0,4,3,3,2.0,2.0,2.0,234,6.683682336182335,4
55,No,Travel_Rarely,Research & Development,3,2,Life Sciences,1007,Female,1,Sales Executive,Married,73510,8.0,20,1,34.0,3,1,0,0,3,4,3.0,1.0,3.0,232,7.606161398467433,4
33,No,Non-Travel,Research & Development,14,3,Other,1008,Male,1,Research Scientist,Divorced,108200,5.0,12,0,11.0,2,9,1,7,3,3,4.0,2.0,2.0,232,6.713771551724134,3
41,No,Travel_Rarely,Research & Development,5,3,Medical,1009,Male,1,Sales Representative,Divorced,121690,1.0,19,0,5.0,2,5,0,4,3,3,3.0,1.0,3.0,239,6.261173872617388,3
34,No,Non-Travel,Research & Development,7,4,Medical,1010,Female,1,Research Scientist,Divorced,196260,1.0,21,0,15.0,5,15,0,7,2,4,4.0,3.0,3.0,239,8.17460018596002,3
53,No,Non-Travel,Research & Development,10,4,Medical,1011,Male,2,Healthcare Representative,Married,20700,4.0,13,2,27.0,2,3,0,2,4,3,1.0,3.0,2.0,232,8.10757423371648,3
43,No,Travel_Rarely,Sales,16,2,Marketing,1012,Female,1,Laboratory Technician,Single,67820,0.0,16,1,10.0,2,9,1,8,3,3,2.0,4.0,3.0,234,6.088437796771129,3
34,No,Travel_Rarely,Sales,10,2,Life Sciences,1013,Female,5,Sales Executive,Single,77790,5.0,12,1,6.0,2,2,2,2,3,3,4.0,4.0,3.0,244,7.703430100182151,3
21,Yes,Travel_Rarely,Sales,1,2,Marketing,1014,Male,5,Healthcare Representative,Single,27910,1.0,14,0,1.0,3,1,1,0,4,3,2.0,2.0,3.0,235,7.487674940898337,3
38,No,Travel_Rarely,Research & Development,8,2,Life Sciences,1015,Female,2,Sales Executive,Married,32010,1.0,11,1,5.0,3,5,0,4,2,3,4.0,3.0,3.0,236,6.379568032015071,3
22,Yes,Travel_Rarely,Research & Development,1,3,Other,1016,Male,4,Research Scientist,Married,49680,1.0,14,0,1.0,3,1,0,0,3,3,3.0,1.0,3.0,243,8.877802926383174,3
31,No,Travel_Rarely,Research & Development,8,5,Life Sciences,1017,Male,5,Sales Executive,Married,131200,1.0,12,2,13.0,6,12,5,7,2,3,1.0,4.0,3.0,232,7.294315134099618,3
51,No,Travel_Rarely,Research & Development,1,4,Life Sciences,1018,Female,1,Manager,Married,40330,2.0,14,0,15.0,2,2,2,2,3,3,1.0,3.0,3.0,237,6.720105485232068,3
37,No,Travel_Rarely,Research & Development,24,1,Life Sciences,1019,Male,2,Sales Executive,Married,32910,1.0,16,3,5.0,2,5,0,3,2,3,2.0,2.0,3.0,242,7.974443296602386,4
46,No,Travel_Rarely,Sales,3,4,Marketing,1020,Female,1,Sales Representative,Divorced,42720,7.0,13,0,24.0,3,2,2,2,4,3,3.0,4.0,3.0,245,10.019207482993199,3
36,No,Travel_Rarely,Research & Development,27,3,Technical Degree,1021,Female,4,Research Scientist,Married,50560,7.0,12,0,15.0,2,12,5,7,2,3,4.0,1.0,3.0,240,9.546405092592599,3
44,Yes,Travel_Frequently,Sales,10,4,Life Sciences,1022,Male,1,Research Scientist,Divorced,28440,1.0,12,0,6.0,2,5,2,3,4,3,3.0,2.0,2.0,230,9.284885265700483,3
37,No,Travel_Rarely,Research & Development,19,2,Technical Degree,1023,Male,2,Sales Executive,Divorced,27030,2.0,14,0,19.0,2,10,4,7,3,3,3.0,2.0,2.0,228,6.111245126705655,3
35,Yes,Travel_Rarely,Research & Development,15,4,Life Sciences,1024,Male,2,Research Scientist,Single,19040,1.0,22,1,10.0,4,10,7,7,3,4,3.0,4.0,3.0,229,8.59096918971373,3
33,No,Travel_Rarely,Research & Development,8,5,Medical,1025,Male,2,Laboratory Technician,Married,82240,6.0,19,0,14.0,3,10,7,6,3,3,4.0,1.0,3.0,245,8.001345804988661,3
28,No,Travel_Rarely,Sales,9,3,Medical,1026,Female,2,Sales Executive,Married,47660,1.0,12,0,5.0,3,5,0,3,3,3,3.0,4.0,4.0,229,7.398159873847647,4
39,No,Travel_Rarely,Sales,3,4,Marketing,1027,Female,2,Laboratory Technician,Single,26100,7.0,12,0,9.0,2,4,2,2,2,3,3.0,3.0,3.0,239,6.896431892143191,3
46,No,Non-Travel,Research & Development,9,2,Life Sciences,1028,Male,2,Manufacturing Director,Single,57310,8.0,17,0,6.0,2,2,2,2,3,3,2.0,2.0,3.0,243,6.6930086877000425,3
40,No,Travel_Rarely,Research & Development,2,2,Medical,1029,Male,1,Research Director,Married,25390,4.0,12,1,7.0,3,4,0,2,3,3,3.0,1.0,2.0,230,6.599432367149759,3
42,No,Travel_Rarely,Research & Development,7,4,Other,1030,Female,2,Laboratory Technician,Married,57140,5.0,11,0,10.0,2,0,0,0,3,3,2.0,1.0,2.0,231,6.597798220298219,3
35,No,Non-Travel,Sales,10,1,Life Sciences,1031,Female,2,Research Director,Divorced,43230,2.0,18,3,15.0,3,7,1,7,3,3,2.0,4.0,3.0,237,6.6771460384435075,3
38,No,Non-Travel,Sales,6,4,Marketing,1032,Male,3,Sales Executive,Divorced,73360,5.0,11,0,13.0,3,11,3,8,3,3,1.0,2.0,3.0,244,7.8026946721311505,3
34,Yes,Travel_Frequently,Research & Development,2,1,Life Sciences,1033,Male,1,Manufacturing Director,Married,134990,4.0,23,2,11.0,2,7,0,7,4,4,4.0,1.0,2.0,230,7.893937198067632,3
37,Yes,Travel_Rarely,Research & Development,24,3,Life Sciences,1034,Male,1,Laboratory Technician,Single,137580,1.0,11,1,10.0,5,10,0,8,3,3,4.0,1.0,1.0,243,6.208432784636485,3
39,No,Travel_Frequently,Research & Development,2,1,Medical,1035,Male,2,Healthcare Representative,Divorced,51550,2.0,18,1,7.0,3,2,2,2,2,3,3.0,4.0,3.0,239,6.198692468619246,3
43,No,Non-Travel,Human Resources,8,5,Medical,1036,Female,3,Sales Executive,Single,22580,4.0,18,0,7.0,2,3,1,2,3,3,1.0,3.0,2.0,226,7.418051868239922,3
41,No,Travel_Rarely,Research & Development,3,3,Life Sciences,1037,Male,3,Research Scientist,Single,35970,3.0,13,1,11.0,2,3,1,2,1,3,2.0,2.0,1.0,235,7.800170212765962,3
41,No,Travel_Rarely,Research & Development,1,1,Technical Degree,1038,Male,3,Laboratory Technician,Divorced,25150,0.0,18,0,23.0,2,22,13,5,2,3,3.0,3.0,4.0,244,10.323418715846996,3
30,No,Travel_Rarely,Sales,26,3,Marketing,1039,Female,2,Manager,Single,44200,9.0,11,0,9.0,3,7,0,2,3,3,1.0,3.0,3.0,241,7.069740663900412,3
26,Yes,Travel_Rarely,Human Resources,2,1,Technical Degree,1040,Female,3,Sales Executive,Married,65780,0.0,15,2,6.0,3,5,1,4,2,3,4.0,2.0,3.0,230,8.694336956521736,3
46,Yes,Travel_Rarely,Research & Development,10,3,Medical,1041,Male,1,Sales Executive,Married,44220,4.0,11,1,13.0,2,9,3,7,3,3,4.0,2.0,4.0,245,7.967791383219954,3
40,No,Travel_Rarely,Sales,27,2,Medical,1042,Female,3,Sales Executive,Divorced,102740,4.0,18,0,12.0,3,5,0,3,3,3,3.0,4.0,3.0,233,6.59138888888889,3
34,No,Travel_Rarely,Research & Development,2,3,Life Sciences,1043,Male,2,Laboratory Technician,Married,53430,1.0,14,0,10.0,5,10,4,8,2,3,2.0,3.0,3.0,232,7.373935584291188,4
58,No,Non-Travel,Research & Development,2,4,Medical,1044,Male,1,Laboratory Technician,Divorced,23760,4.0,12,1,37.0,3,16,14,14,3,3,2.0,2.0,2.0,243,6.604357567443989,3
35,No,Travel_Rarely,Research & Development,8,1,Technical Degree,1045,Female,3,Manufacturing Director,Married,53460,0.0,14,0,6.0,3,5,0,3,2,3,2.0,3.0,4.0,228,7.40420687134503,4
47,No,Travel_Rarely,Research & Development,19,5,Medical,1046,Female,2,Research Scientist,Divorced,28270,8.0,14,1,28.0,3,22,14,10,3,3,3.0,2.0,3.0,235,10.709711583924346,3
40,No,Travel_Rarely,Research & Development,1,4,Life Sciences,1047,Male,2,Manager,Divorced,199430,2.0,13,1,15.0,3,7,7,7,3,3,2.0,1.0,3.0,237,7.227238631036099,3
54,No,Travel_Rarely,Sales,27,4,Medical,1048,Male,1,Research Scientist,Married,31310,4.0,14,0,14.0,3,7,1,7,2,3,4.0,4.0,2.0,229,7.084196991751578,3
31,No,Travel_Frequently,Sales,8,4,Other,1049,Female,3,Manufacturing Director,Married,25520,2.0,18,0,9.0,2,3,2,2,3,3,1.0,1.0,3.0,235,7.490906619385344,3
28,No,Travel_Rarely,Sales,1,2,Life Sciences,1050,Male,3,Manager,Married,44770,1.0,15,0,3.0,6,3,1,2,3,3,3.0,1.0,3.0,230,7.55244202898551,3
38,No,Travel_Rarely,Research & Development,19,3,Medical,1051,Female,2,Manufacturing Director,Married,64740,2.0,13,2,20.0,3,4,0,3,1,3,2.0,4.0,2.0,238,9.511932773109246,3
26,No,Travel_Rarely,Sales,8,3,Marketing,1052,Female,1,Healthcare Representative,Single,30330,1.0,12,0,5.0,2,5,1,2,2,3,3.0,4.0,3.0,239,6.121894467689452,3
58,No,Travel_Frequently,Research & Development,10,4,Technical Degree,1053,Female,1,Sales Representative,Married,29360,2.0,13,1,23.0,3,2,2,2,3,3,1.0,3.0,3.0,240,9.58872222222222,3
18,No,Non-Travel,Research & Development,2,3,Life Sciences,1054,Male,3,Sales Representative,Single,186060,1.0,24,2,0.0,4,0,0,0,3,4,2.0,3.0,1.0,235,7.652531914893618,4
31,Yes,Travel_Rarely,Research & Development,2,3,Life Sciences,1055,Male,3,Laboratory Technician,Married,21680,0.0,14,1,2.0,2,1,0,0,3,3,4.0,1.0,3.0,235,6.110721040189125,4
29,Yes,Travel_Rarely,Research & Development,8,2,Medical,1056,Male,1,Manager,Divorced,28530,4.0,14,1,4.0,5,2,2,0,2,3,1.0,1.0,3.0,243,8.695968221307732,3
45,No,Non-Travel,Sales,1,4,Technical Degree,1057,Male,1,Research Scientist,Married,170480,4.0,15,0,10.0,3,8,5,7,2,3,3.0,3.0,4.0,232,7.2031800766283505,3
36,No,Travel_Rarely,Sales,2,3,Technical Degree,1058,Female,5,Laboratory Technician,Married,22900,4.0,11,0,15.0,5,1,0,0,3,3,4.0,2.0,3.0,235,10.658820330969265,3
43,No,Travel_Frequently,Sales,8,3,Medical,1059,Male,1,Research Director,Married,36000,1.0,23,0,7.0,2,7,7,7,3,4,1.0,4.0,3.0,230,6.996897342995171,3
27,No,Travel_Frequently,Sales,8,4,Life Sciences,1060,Male,5,Research Scientist,Single,21070,0.0,13,0,6.0,2,5,0,2,3,3,4.0,4.0,2.0,242,10.206041092745643,3
29,No,Travel_Frequently,Research & Development,6,2,Medical,1061,Male,1,Human Resources,Married,41150,1.0,11,0,11.0,1,11,3,10,3,3,4.0,4.0,4.0,237,7.693395452414439,3
32,No,Travel_Frequently,Sales,9,4,Life Sciences,1062,Male,4,Sales Executive,Single,43270,8.0,13,0,4.0,4,0,0,0,3,3,4.0,4.0,4.0,230,7.601602657004834,3
42,No,Non-Travel,Research & Development,11,3,Medical,1063,Male,1,Manager,Married,178560,3.0,18,0,10.0,2,6,3,3,3,3,3.0,3.0,2.0,237,6.490872011251749,4
47,No,Travel_Rarely,Sales,2,2,Life Sciences,1064,Female,5,Manager,Single,31960,4.0,14,1,7.0,3,2,2,0,2,3,2.0,3.0,3.0,226,6.100282694198624,3
46,No,Travel_Rarely,Human Resources,1,3,Life Sciences,1065,Female,1,Laboratory Technician,Divorced,190810,3.0,21,0,12.0,2,9,4,7,3,4,4.0,4.0,2.0,238,7.237116013071893,3
28,No,Non-Travel,Research & Development,7,3,Life Sciences,1066,Male,1,Sales Executive,Divorced,89660,1.0,16,1,3.0,3,3,2,2,2,3,3.0,4.0,3.0,233,7.69469122556032,3
29,No,Travel_Rarely,Research & Development,16,3,Medical,1067,Female,1,Manufacturing Director,Divorced,22100,8.0,11,1,11.0,4,7,1,6,3,3,4.0,3.0,3.0,231,7.998587061087062,3
42,No,Travel_Rarely,Sales,2,4,Medical,1068,Female,2,Research Director,Single,45390,4.0,17,1,8.0,5,0,0,0,3,3,4.0,3.0,3.0,241,6.593369064084833,3
32,Yes,Travel_Rarely,Research & Development,1,1,Medical,1069,Male,2,Laboratory Technician,Single,27410,7.0,11,0,7.0,3,2,2,2,3,3,3.0,2.0,2.0,237,10.411639709329586,3
46,No,Travel_Rarely,Research & Development,23,1,Life Sciences,1070,Male,2,Laboratory Technician,Divorced,34910,2.0,14,0,25.0,0,19,2,8,3,3,1.0,1.0,3.0,238,7.870749299719886,3
27,No,Travel_Rarely,Sales,2,3,Life Sciences,1071,Female,5,Research Scientist,Married,45410,1.0,14,2,9.0,4,9,5,8,4,3,2.0,3.0,3.0,229,7.082472100921886,3
29,No,Travel_Rarely,Research & Development,1,2,Medical,1072,Male,3,Sales Executive,Married,26780,1.0,25,1,1.0,3,1,0,0,3,4,4.0,2.0,3.0,235,7.980670212765953,3
43,No,Travel_Rarely,Research & Development,1,3,Life Sciences,1073,Male,1,Manufacturing Director,Married,73790,7.0,13,2,21.0,3,16,6,14,2,3,1.0,3.0,3.0,242,6.301853764921951,3
48,No,Travel_Rarely,Research & Development,2,3,Life Sciences,1074,Female,2,Manager,Married,62720,4.0,14,0,29.0,3,22,12,9,2,3,4.0,2.0,3.0,237,6.104008438818566,3
29,Yes,Travel_Frequently,Research & Development,13,2,Life Sciences,1075,Female,1,Laboratory Technician,Single,52200,1.0,17,0,1.0,3,1,1,0,2,3,4.0,4.0,2.0,234,8.589410018993355,3
46,Yes,Travel_Rarely,Research & Development,4,4,Medical,1076,Female,2,Sales Representative,Married,27430,5.0,25,1,14.0,1,8,0,7,4,4,3.0,2.0,3.0,230,7.884351449275371,3
27,No,Travel_Frequently,Research & Development,16,4,Medical,1077,Male,3,Healthcare Representative,Married,49980,0.0,20,2,8.0,3,7,7,3,3,4,4.0,1.0,2.0,238,7.683338001867419,3
39,No,Travel_Rarely,Research & Development,2,3,Technical Degree,1078,Male,3,Healthcare Representative,Divorced,102520,8.0,13,1,7.0,3,2,2,2,3,3,3.0,4.0,3.0,240,6.520391203703704,3
55,No,Travel_Rarely,Research & Development,2,3,Life Sciences,1079,Female,1,Human Resources,Married,27810,8.0,13,1,19.0,2,5,0,4,3,3,2.0,4.0,4.0,236,6.2342949623352135,3
28,No,Travel_Rarely,Research & Development,29,2,Life Sciences,1080,Male,2,Laboratory Technician,Married,68520,1.0,18,1,1.0,2,1,0,0,4,3,2.0,2.0,3.0,227,7.032183064121392,3
30,Yes,Travel_Rarely,Sales,12,4,Life Sciences,1081,Female,2,Sales Executive,Single,49500,1.0,12,2,1.0,3,1,0,0,3,3,2.0,4.0,2.0,228,7.692906920077967,3
22,Yes,Travel_Rarely,Research & Development,16,2,Life Sciences,1082,Female,2,Laboratory Technician,Single,35790,1.0,19,3,1.0,3,1,0,0,3,3,4.0,2.0,3.0,243,10.503807727480563,3
36,No,Travel_Rarely,Research & Development,11,3,Life Sciences,1083,Male,1,Sales Executive,Married,131910,1.0,14,1,10.0,2,10,1,7,2,3,2.0,3.0,3.0,232,9.495159243295019,3
31,No,Travel_Rarely,Research & Development,2,4,Life Sciences,1084,Female,5,Manager,Divorced,103770,1.0,14,0,10.0,2,10,0,2,3,3,2.0,3.0,3.0,236,7.479487994350282,3
34,No,Travel_Rarely,Sales,14,2,Technical Degree,1085,Female,1,Sales Executive,Married,22350,2.0,14,1,9.0,2,5,1,0,3,3,3.0,4.0,3.0,231,8.122622655122662,3
29,No,Travel_Rarely,Research & Development,5,5,Life Sciences,1086,Female,1,Sales Executive,Single,105020,3.0,12,0,11.0,4,3,1,2,2,3,4.0,1.0,3.0,234,7.120189933523265,3
37,No,Travel_Rarely,Research & Development,7,2,Medical,1087,Male,1,Manufacturing Director,Married,20110,5.0,13,0,16.0,4,5,0,4,4,3,4.0,1.0,3.0,233,8.666963519313303,3
35,No,Travel_Rarely,Sales,2,1,Technical Degree,1088,Male,2,Laboratory Technician,Married,18590,0.0,25,1,4.0,2,3,0,2,2,4,4.0,2.0,3.0,243,10.470496113397347,3
45,No,Travel_Rarely,Research & Development,3,3,Medical,1089,Female,2,Sales Executive,Married,37600,0.0,14,1,10.0,2,9,3,8,2,3,2.0,4.0,2.0,242,7.106643709825523,4
36,No,Travel_Frequently,Research & Development,5,3,Medical,1090,Female,4,Manufacturing Director,Single,177790,1.0,17,1,10.0,5,10,0,8,1,3,2.0,4.0,2.0,227,6.496840430739112,3
40,No,Travel_Rarely,Research & Development,3,3,Other,1091,Male,1,Sales Executive,Divorced,68330,2.0,13,0,22.0,3,19,11,16,3,3,1.0,1.0,3.0,244,6.775284608378874,3
26,No,Travel_Rarely,Research & Development,26,2,Life Sciences,1092,Male,2,Human Resources,Married,68120,1.0,13,0,1.0,2,1,1,0,2,3,2.0,3.0,2.0,238,9.301751867413628,3
27,No,Travel_Rarely,Research & Development,4,3,Technical Degree,1093,Male,2,Manufacturing Director,Single,51710,0.0,20,1,9.0,1,8,0,7,2,4,1.0,3.0,3.0,231,7.590319865319863,3
48,No,Travel_Frequently,Research & Development,2,3,Life Sciences,1094,Male,2,Research Director,Divorced,197400,3.0,14,0,24.0,2,22,4,7,4,3,4.0,4.0,3.0,243,7.232274805669871,3
44,No,Travel_Rarely,Sales,1,2,Medical,1095,Male,4,Manager,Married,187110,2.0,12,1,10.0,0,2,2,2,3,3,2.0,1.0,3.0,241,7.077287920700785,3
34,Yes,Non-Travel,Research & Development,27,2,Life Sciences,1096,Female,1,Sales Representative,Married,36920,1.0,12,1,5.0,5,5,3,0,3,3,4.0,1.0,3.0,235,10.187851063829791,3
56,Yes,Travel_Rarely,Human Resources,1,2,Medical,1097,Female,5,Sales Executive,Single,25590,1.0,21,0,5.0,3,4,1,0,3,4,1.0,4.0,3.0,231,6.864824434824431,4
36,No,Travel_Rarely,Research & Development,13,3,Technical Degree,1098,Female,3,Healthcare Representative,Married,25170,2.0,14,0,12.0,3,4,1,3,3,3,3.0,2.0,1.0,228,7.289100877192983,3
41,No,Travel_Rarely,Research & Development,5,3,Life Sciences,1099,Female,1,Sales Executive,Married,66230,5.0,18,0,14.0,3,5,1,4,3,3,3.0,2.0,3.0,229,6.413640223192629,3
42,No,Travel_Rarely,Research & Development,7,3,Technical Degree,1100,Female,2,Sales Executive,Married,182650,9.0,12,1,18.0,4,13,5,7,3,3,3.0,1.0,4.0,232,7.383247126436783,3
31,No,Travel_Rarely,Sales,9,4,Life Sciences,1101,Female,1,Sales Executive,Divorced,161240,2.0,23,1,8.0,2,5,1,4,2,4,3.0,4.0,3.0,231,8.327236652236659,3
34,No,Travel_Rarely,Research & Development,8,1,Life Sciences,1102,Female,3,Laboratory Technician,Married,25850,3.0,12,0,9.0,5,4,0,1,3,3,4.0,4.0,2.0,239,9.212509298000928,4
31,No,Travel_Rarely,Sales,25,2,Life Sciences,1103,Female,3,Manufacturing Director,Divorced,182130,8.0,21,2,4.0,3,2,2,2,4,4,1.0,3.0,2.0,236,6.801304143126181,3
26,No,Travel_Frequently,Sales,16,2,Life Sciences,1104,Male,2,Healthcare Representative,Married,83800,2.0,14,0,8.0,3,7,7,7,4,3,3.0,4.0,3.0,228,6.07454678362573,3
45,No,Travel_Frequently,Research & Development,8,4,Life Sciences,1105,Female,2,Manager,Single,29940,4.0,18,1,12.0,2,4,0,3,3,3,2.0,3.0,3.0,238,7.784967320261441,4
33,No,Travel_Rarely,Sales,1,3,Life Sciences,1106,Female,5,Sales Executive,Single,12230,1.0,13,1,10.0,3,10,0,9,3,3,2.0,3.0,2.0,229,6.450172246482293,3
28,No,Travel_Frequently,Sales,8,3,Life Sciences,1107,Male,4,Research Scientist,Married,11180,1.0,11,0,7.0,3,7,0,7,3,3,3.0,4.0,3.0,237,10.603598218471635,3
29,Yes,Travel_Frequently,Human Resources,2,4,Human Resources,1108,Male,2,Sales Executive,Single,28750,1.0,11,0,1.0,3,1,0,0,3,3,3.0,1.0,3.0,230,6.806472222222227,3
39,No,Non-Travel,Research & Development,8,5,Medical,1109,Female,2,Sales Representative,Married,188240,6.0,19,1,10.0,4,3,1,2,3,3,1.0,3.0,3.0,230,6.294956521739131,3
27,No,Travel_Rarely,Sales,3,2,Technical Degree,1110,Male,2,Healthcare Representative,Married,135770,1.0,12,1,6.0,2,5,1,2,3,3,2.0,2.0,2.0,228,7.285151072124755,3
34,No,Travel_Frequently,Research & Development,9,4,Life Sciences,1111,Female,2,Manufacturing Director,Married,26250,1.0,12,3,16.0,4,15,6,11,3,3,3.0,4.0,3.0,244,8.92771402550091,3
28,Yes,Travel_Rarely,Research & Development,25,3,Technical Degree,1112,Male,1,Research Director,Single,187890,3.0,16,1,6.0,4,2,2,2,3,3,4.0,3.0,3.0,245,9.425028344671205,3
47,No,Non-Travel,Research & Development,1,4,Medical,1113,Male,1,Research Scientist,Married,45380,8.0,11,0,16.0,3,8,1,7,3,3,3.0,2.0,4.0,232,6.003419540229883,3
56,No,Travel_Rarely,Research & Development,4,3,Technical Degree,1114,Female,2,Sales Executive,Married,198470,4.0,14,0,6.0,6,0,0,0,3,3,4.0,1.0,3.0,231,7.890800865800868,3
39,No,Travel_Rarely,Research & Development,1,3,Other,1115,Female,1,Laboratory Technician,Married,105120,1.0,12,1,10.0,2,10,7,9,3,3,1.0,1.0,3.0,230,6.986115942028981,5
38,No,Travel_Frequently,Research & Development,4,2,Medical,1116,Female,1,Manager,Divorced,44440,1.0,13,0,20.0,2,20,0,7,3,3,4.0,2.0,3.0,246,10.808027326106606,3
58,No,Travel_Rarely,Sales,5,3,Marketing,1117,Male,5,Sales Representative,Married,21540,4.0,21,1,29.0,3,1,0,0,3,4,4.0,4.0,2.0,246,9.888919376693774,3
32,Yes,Travel_Frequently,Research & Development,9,3,Life Sciences,1118,Male,2,Laboratory Technician,Single,191900,3.0,17,1,8.0,2,4,0,3,3,3,1.0,3.0,3.0,235,10.220872340425533,3
38,No,Travel_Rarely,Research & Development,3,4,Life Sciences,1119,Female,1,Sales Representative,Divorced,44900,2.0,21,1,10.0,1,5,0,3,3,4,2.0,4.0,4.0,235,7.620438534278956,3
49,No,Travel_Frequently,Sales,11,4,Life Sciences,1120,Male,2,Research Scientist,Married,35060,3.0,11,1,28.0,4,5,4,3,2,3,2.0,4.0,3.0,235,6.284957446808509,3
42,No,Travel_Rarely,Sales,1,3,Life Sciences,1121,Female,1,Sales Executive,Divorced,23720,3.0,12,1,14.0,3,0,0,0,3,3,2.0,4.0,3.0,243,8.701982167352533,3
27,Yes,Travel_Frequently,Sales,8,1,Life Sciences,1122,Male,4,Laboratory Technician,Married,102310,1.0,13,1,1.0,2,1,0,0,3,3,1.0,2.0,3.0,241,6.502103503918853,3
35,No,Travel_Rarely,Research & Development,25,1,Medical,1123,Male,1,Sales Executive,Married,54100,0.0,18,0,6.0,4,5,0,4,3,3,2.0,1.0,1.0,242,6.612638888888889,3
28,No,Non-Travel,Research & Development,21,1,Medical,1124,Male,3,Research Scientist,Single,79780,1.0,16,2,5.0,2,5,1,4,3,3,3.0,3.0,2.0,232,6.665572318007661,3
31,No,Non-Travel,Sales,23,1,Medical,1125,Male,1,Sales Executive,Divorced,38670,1.0,11,1,4.0,4,4,2,3,4,3,3.0,1.0,4.0,247,9.812982456140354,3
36,No,Non-Travel,Research & Development,1,3,Life Sciences,1126,Male,2,Research Scientist,Married,28380,1.0,19,2,5.0,5,5,0,2,1,3,1.0,2.0,3.0,242,7.101659779614325,3
34,No,Travel_Rarely,Sales,2,3,Marketing,1127,Male,4,Healthcare Representative,Single,46950,1.0,16,1,14.0,2,14,2,1,3,3,1.0,4.0,2.0,234,6.0247934472934475,4
34,No,Travel_Rarely,Research & Development,19,3,Technical Degree,1128,Female,1,Research Director,Divorced,33390,1.0,16,0,9.0,2,8,1,1,2,3,4.0,3.0,2.0,237,6.802054617909045,3
26,No,Travel_Rarely,Research & Development,2,2,Life Sciences,1129,Male,2,Research Scientist,Single,20800,0.0,13,0,8.0,6,7,7,6,4,3,3.0,1.0,2.0,242,6.771128328741969,3
29,No,Travel_Rarely,Research & Development,2,4,Other,1130,Male,2,Laboratory Technician,Married,20960,0.0,22,0,6.0,2,5,0,2,4,4,1.0,1.0,2.0,240,7.720940972222231,3
32,No,Non-Travel,Research & Development,3,1,Life Sciences,1131,Male,3,Manager,Divorced,62090,5.0,17,1,9.0,5,5,1,2,4,3,3.0,4.0,3.0,244,6.592589936247726,3
31,No,Travel_Frequently,Research & Development,25,5,Technical Degree,1132,Female,2,Human Resources,Married,180610,1.0,14,1,10.0,2,10,8,7,3,3,4.0,1.0,3.0,237,6.921297468354428,3
28,Yes,Travel_Rarely,Sales,7,5,Life Sciences,1133,Female,2,Sales Representative,Divorced,171230,5.0,15,1,6.0,2,4,0,3,2,3,3.0,4.0,2.0,227,6.319864170337739,3
38,No,Travel_Rarely,Research & Development,9,2,Technical Degree,1134,Male,3,Sales Representative,Single,23720,4.0,12,0,20.0,3,1,0,0,2,3,1.0,1.0,2.0,243,7.179834247828076,3
35,No,Travel_Rarely,Research & Development,5,3,Life Sciences,1135,Male,2,Sales Representative,Married,48830,1.0,18,1,10.0,1,10,0,9,1,3,3.0,4.0,3.0,230,8.815632850241553,3
27,No,Travel_Rarely,Sales,2,3,Life Sciences,1136,Female,1,Manager,Single,39040,1.0,15,0,7.0,2,7,0,7,3,3,4.0,4.0,3.0,243,7.89116255144033,3
32,No,Travel_Rarely,Research & Development,8,1,Medical,1137,Female,2,Research Scientist,Single,46270,8.0,17,1,8.0,2,1,0,0,2,3,4.0,4.0,3.0,242,7.298776400367312,3
31,Yes,Travel_Frequently,Research & Development,2,1,Other,1138,Male,3,Sales Executive,Married,70940,1.0,14,1,10.0,2,10,0,8,3,3,1.0,4.0,3.0,232,10.317699952107281,3
53,Yes,Travel_Rarely,Research & Development,18,3,Medical,1139,Male,1,Research Scientist,Single,34230,6.0,15,1,15.0,4,2,2,2,3,3,1.0,1.0,2.0,245,10.807994331065762,3
54,No,Travel_Rarely,Research & Development,14,3,Other,1140,Male,3,Research Scientist,Married,66740,3.0,17,1,9.0,2,4,2,3,3,3,1.0,3.0,2.0,230,7.896520531400961,3
33,No,Travel_Frequently,Research & Development,2,4,Medical,1141,Female,4,Sales Executive,Divorced,168800,1.0,14,3,9.0,2,9,2,8,3,3,4.0,3.0,3.0,241,7.898865836791153,3
43,No,Travel_Rarely,Research & Development,3,3,Medical,1142,Male,1,Research Scientist,Married,90940,1.0,12,1,10.0,0,10,0,9,3,3,1.0,3.0,3.0,244,7.480150273224039,3
38,No,Travel_Frequently,Research & Development,2,5,Medical,1143,Female,4,Sales Executive,Married,84460,0.0,14,0,7.0,3,6,1,2,2,3,4.0,2.0,3.0,230,7.9581654589372,3
55,No,Travel_Rarely,Sales,9,3,Marketing,1144,Male,2,Laboratory Technician,Married,119160,4.0,15,1,35.0,3,10,1,4,2,3,3.0,2.0,3.0,235,8.18659101654846,3
31,No,Travel_Rarely,Sales,6,3,Other,1145,Male,1,Manufacturing Director,Divorced,45340,1.0,13,0,1.0,2,1,0,0,3,3,4.0,4.0,3.0,242,10.804730257116619,3
39,No,Travel_Rarely,Research & Development,4,3,Life Sciences,1146,Male,2,Sales Executive,Single,98520,0.0,12,1,21.0,5,20,11,10,2,3,2.0,1.0,3.0,229,6.089092673459484,4
42,No,Non-Travel,Research & Development,10,4,Life Sciences,1147,Female,2,Research Scientist,Single,61510,1.0,13,1,20.0,3,20,3,7,3,3,4.0,3.0,3.0,229,6.591018922852983,3
31,No,Non-Travel,Research & Development,14,2,Life Sciences,1148,Male,2,Healthcare Representative,Married,23020,4.0,14,0,13.0,3,11,4,8,3,3,3.0,3.0,4.0,238,6.103670634920635,3
54,No,Travel_Rarely,Research & Development,1,3,Medical,1149,Female,2,Human Resources,Single,23620,6.0,13,1,9.0,2,5,1,4,4,3,3.0,1.0,3.0,246,10.512341915085823,3
24,No,Travel_Rarely,Research & Development,5,4,Other,1150,Male,1,Manufacturing Director,Single,178610,1.0,11,2,4.0,5,4,1,2,1,3,2.0,3.0,2.0,241,6.875998155832179,3
23,No,Travel_Rarely,Research & Development,7,3,Life Sciences,1151,Male,2,Research Scientist,Single,191870,1.0,11,1,5.0,2,5,1,4,3,3,4.0,4.0,4.0,237,6.994301453352086,4
40,No,Travel_Frequently,Research & Development,21,3,Medical,1152,Female,3,Research Scientist,Married,197170,1.0,21,0,10.0,1,10,9,4,2,4,4.0,3.0,4.0,241,7.811326648224994,3
40,No,Travel_Rarely,Research & Development,8,1,Medical,1153,Female,5,Research Scientist,Married,35440,3.0,18,3,15.0,3,11,5,10,2,3,2.0,2.0,3.0,240,6.160280092592591,3
25,No,Travel_Rarely,Sales,20,5,Medical,1154,Female,2,Laboratory Technician,Married,85000,4.0,12,0,6.0,2,2,1,2,3,3,3.0,2.0,3.0,227,6.20880445423397,3
30,No,Travel_Rarely,Human Resources,20,4,Life Sciences,1155,Male,2,Research Scientist,Married,46610,1.0,11,0,12.0,3,12,1,7,2,3,4.0,2.0,2.0,226,6.082088249754178,3
25,No,Travel_Rarely,Research & Development,7,2,Medical,1156,Male,5,Sales Executive,Divorced,41030,6.0,15,1,7.0,2,2,0,2,3,3,4.0,3.0,2.0,233,10.194130901287549,3
47,No,Travel_Rarely,Research & Development,1,4,Life Sciences,1157,Male,2,Sales Executive,Single,42490,2.0,13,1,25.0,2,17,12,11,2,3,1.0,3.0,3.0,232,7.778402777777778,3
33,No,Non-Travel,Research & Development,1,3,Life Sciences,1158,Male,2,Research Scientist,Divorced,140260,1.0,12,0,1.0,4,1,0,0,3,3,2.0,3.0,2.0,232,6.171750478927207,3
38,No,Travel_Rarely,Research & Development,19,3,Life Sciences,1159,Female,2,Sales Executive,Married,68930,0.0,17,0,16.0,3,15,5,8,3,3,4.0,2.0,3.0,235,7.904476359338063,4
31,No,Travel_Rarely,Research & Development,10,4,Medical,1160,Female,3,Sales Executive,Married,61250,0.0,13,1,3.0,3,2,1,2,3,3,1.0,3.0,3.0,230,7.1808140096618365,3
38,No,Travel_Frequently,Research & Development,1,4,Other,1161,Male,2,Research Scientist,Married,36690,2.0,19,0,10.0,2,8,7,7,3,3,1.0,3.0,3.0,242,6.509626951331491,3
42,No,Travel_Rarely,Research & Development,6,3,Medical,1162,Male,2,Laboratory Technician,Divorced,100080,6.0,19,1,9.0,3,4,1,2,1,3,4.0,1.0,2.0,244,9.767906420765025,3
41,No,Travel_Rarely,Sales,2,2,Medical,1163,Male,1,Healthcare Representative,Married,23870,3.0,17,1,12.0,1,5,1,0,1,3,4.0,4.0,3.0,234,7.698772554605892,3
47,No,Non-Travel,Research & Development,21,2,Medical,1164,Male,1,Sales Executive,Married,46390,0.0,11,1,14.0,2,13,5,12,2,3,3.0,2.0,1.0,242,7.228134756657481,3
35,No,Travel_Rarely,Research & Development,4,3,Life Sciences,1165,Male,2,Healthcare Representative,Married,78980,7.0,15,0,5.0,2,2,2,2,2,3,4.0,3.0,3.0,236,10.398788841807908,3
22,No,Travel_Rarely,Human Resources,12,1,Human Resources,1166,Male,2,Sales Executive,Single,25340,0.0,11,0,4.0,1,3,1,2,3,3,4.0,3.0,4.0,228,6.400190058479536,3
35,No,Travel_Rarely,Research & Development,9,3,Medical,1167,Female,2,Sales Executive,Single,131420,1.0,25,2,10.0,4,10,0,8,3,4,2.0,3.0,3.0,241,8.00488243430152,3
33,No,Travel_Rarely,Sales,3,4,Medical,1168,Male,3,Healthcare Representative,Married,16110,0.0,14,0,10.0,2,9,8,1,2,3,2.0,4.0,3.0,241,9.103674504379894,3
32,No,Travel_Rarely,Research & Development,3,2,Technical Degree,1169,Male,3,Manufacturing Director,Single,53630,1.0,13,0,6.0,4,6,4,1,3,3,3.0,2.0,3.0,244,6.986453779599275,3
40,No,Travel_Rarely,Research & Development,1,4,Medical,1170,Male,2,Research Director,Married,50710,8.0,17,1,8.0,3,1,0,0,2,3,1.0,4.0,2.0,228,6.164745370370367,3
32,No,Travel_Rarely,Research & Development,1,2,Medical,1171,Male,3,Sales Executive,Married,136950,0.0,13,0,3.0,3,2,2,2,3,3,2.0,2.0,3.0,237,6.009841772151896,3
39,No,Travel_Rarely,Research & Development,4,4,Life Sciences,1172,Male,1,Sales Executive,Single,134020,7.0,14,1,18.0,1,7,1,7,3,3,1.0,4.0,3.0,233,8.018078206962327,4
38,No,Travel_Rarely,Sales,20,4,Medical,1173,Female,2,Research Director,Married,20290,3.0,11,1,20.0,3,18,1,11,2,3,2.0,3.0,3.0,230,8.000954106280199,3
32,No,Travel_Rarely,Research & Development,18,3,Life Sciences,1174,Male,2,Manager,Married,63770,1.0,12,2,14.0,3,14,5,7,3,3,3.0,4.0,3.0,235,7.898323877068561,3
37,No,Travel_Rarely,Research & Development,1,3,Life Sciences,1175,Female,4,Sales Executive,Married,54290,1.0,17,1,16.0,3,16,6,8,3,3,3.0,4.0,3.0,241,9.385844859382205,3
25,No,Travel_Rarely,Research & Development,2,4,Medical,1176,Female,2,Manufacturing Director,Divorced,27850,0.0,21,0,6.0,2,5,0,4,3,4,1.0,3.0,2.0,243,7.971588934613624,3
52,No,Non-Travel,Research & Development,2,4,Other,1177,Male,1,Manager,Divorced,46140,2.0,16,1,16.0,3,9,0,0,3,3,1.0,4.0,2.0,244,6.804641393442621,3
44,No,Travel_Rarely,Research & Development,8,1,Life Sciences,1178,Female,1,Sales Representative,Single,26100,6.0,15,0,6.0,2,4,1,2,3,3,2.0,4.0,3.0,232,10.805340038314172,4
21,No,Travel_Rarely,Sales,10,5,Medical,1179,Male,3,Research Scientist,Single,66870,1.0,19,3,2.0,0,2,1,2,3,3,3.0,1.0,3.0,239,8.159645513714548,3
39,No,Non-Travel,Research & Development,3,4,Life Sciences,1180,Female,2,Research Director,Single,47240,2.0,12,1,21.0,4,6,1,3,4,3,4.0,4.0,2.0,244,6.306303506375228,3
23,Yes,Travel_Frequently,Research & Development,2,4,Life Sciences,1181,Female,2,Manufacturing Director,Married,61790,1.0,11,0,1.0,3,1,1,0,3,3,4.0,1.0,2.0,228,8.025331384015596,3
36,No,Travel_Rarely,Research & Development,24,3,Life Sciences,1182,Female,2,Laboratory Technician,Married,61200,0.0,19,0,10.0,2,9,3,4,3,3,1.0,4.0,3.0,243,7.792490855052588,3
36,No,Travel_Frequently,Research & Development,16,1,Medical,1183,Male,2,Sales Executive,Divorced,105960,7.0,15,0,18.0,3,4,0,2,2,3,4.0,2.0,3.0,236,7.844118408662902,3
56,No,Non-Travel,Research & Development,8,1,Life Sciences,1184,Male,1,Sales Executive,Divorced,54670,1.0,20,0,13.0,6,13,1,9,2,4,3.0,3.0,2.0,231,6.5927970177970225,3
29,Yes,Travel_Rarely,Research & Development,9,4,Medical,1185,Male,2,Sales Representative,Married,29960,9.0,25,0,4.0,4,2,2,2,3,4,1.0,4.0,4.0,247,10.90359311740891,3
42,No,Travel_Rarely,Research & Development,17,1,Life Sciences,1186,Male,3,Research Scientist,Married,99980,5.0,24,2,24.0,3,22,4,14,2,4,1.0,3.0,2.0,244,7.398867258652092,3
56,Yes,Travel_Rarely,Sales,10,4,Other,1187,Male,2,Sales Executive,Married,40780,8.0,24,1,14.0,3,10,9,8,3,4,4.0,3.0,1.0,231,6.820679413179411,3
41,No,Travel_Rarely,Research & Development,13,4,Life Sciences,1188,Female,1,Healthcare Representative,Married,109200,0.0,15,1,21.0,3,20,0,10,4,3,1.0,2.0,3.0,235,7.800049645390068,3
34,No,Travel_Rarely,Sales,1,3,Medical,1189,Female,1,Laboratory Technician,Married,62320,1.0,13,1,8.0,3,8,1,7,3,3,4.0,3.0,3.0,230,7.383625603864731,3
36,No,Non-Travel,Sales,1,1,Medical,1190,Female,1,Human Resources,Divorced,132470,1.0,14,0,15.0,3,15,11,11,3,3,4.0,4.0,2.0,229,7.675329936923821,3
41,No,Travel_Rarely,Research & Development,1,5,Medical,1191,Male,1,Healthcare Representative,Divorced,40810,2.0,13,0,14.0,3,5,0,4,3,3,3.0,2.0,3.0,240,7.091824074074072,3
32,No,Travel_Rarely,Sales,9,4,Life Sciences,1192,Female,2,Research Scientist,Single,57690,1.0,11,0,4.0,3,4,1,2,3,3,4.0,1.0,3.0,235,6.725276595744679,3
35,No,Travel_Rarely,Research & Development,16,3,Medical,1193,Female,2,Healthcare Representative,Single,23940,1.0,16,1,9.0,3,9,1,7,3,3,3.0,4.0,3.0,235,10.505156028368791,3
38,No,Travel_Rarely,Research & Development,23,3,Medical,1194,Male,3,Sales Representative,Married,39040,1.0,22,0,10.0,3,10,1,9,2,4,1.0,4.0,3.0,241,6.905967035500227,3
50,Yes,Travel_Frequently,Sales,4,2,Life Sciences,1195,Female,2,Laboratory Technician,Divorced,167990,7.0,14,1,12.0,2,6,0,1,2,3,2.0,3.0,3.0,234,7.2088948243114945,3
36,No,Travel_Rarely,Research & Development,22,4,Life Sciences,1196,Male,1,Healthcare Representative,Married,29500,4.0,14,0,8.0,1,6,0,0,2,3,2.0,4.0,2.0,234,6.27728513770181,3
45,No,Travel_Rarely,Sales,24,3,Life Sciences,1197,Male,1,Laboratory Technician,Single,36290,8.0,16,1,8.0,2,5,0,1,4,3,4.0,3.0,3.0,229,6.076578117418726,3
40,No,Travel_Rarely,Sales,10,4,Life Sciences,1198,Male,1,Research Scientist,Single,93620,2.0,11,1,8.0,6,2,2,2,3,3,3.0,3.0,3.0,236,6.211907956685499,3
35,No,Travel_Frequently,Sales,7,2,Life Sciences,1199,Male,2,Manufacturing Director,Married,32290,1.0,25,0,10.0,2,10,0,2,2,4,3.0,3.0,4.0,233,8.430802336671434,3
40,No,Travel_Rarely,Research & Development,17,4,Life Sciences,1200,Male,1,Manager,Married,35780,2.0,14,1,20.0,2,5,0,2,3,3,3.0,3.0,3.0,235,7.484193853427894,3
35,No,Travel_Rarely,Human Resources,14,1,Life Sciences,1201,Male,2,Research Scientist,Married,79880,1.0,18,0,4.0,3,4,1,1,3,3,3.0,4.0,3.0,238,6.896099439775912,3
29,No,Travel_Rarely,Research & Development,1,3,Medical,1202,Male,3,Sales Executive,Married,42840,4.0,11,0,10.0,5,4,0,3,2,3,4.0,2.0,3.0,242,9.817854683195597,3
29,No,Travel_Rarely,Research & Development,5,3,Medical,1203,Male,2,Sales Representative,Single,75530,1.0,19,0,5.0,3,5,0,4,3,3,4.0,1.0,1.0,242,6.083963498622592,3
50,Yes,Travel_Rarely,Research & Development,17,3,Medical,1204,Male,1,Research Scientist,Divorced,173280,4.0,15,2,20.0,1,3,2,0,3,3,4.0,1.0,3.0,242,9.616168503213952,3
39,No,Travel_Rarely,Sales,25,3,Medical,1205,Male,2,Sales Executive,Married,197010,0.0,11,0,21.0,3,20,9,6,4,3,2.0,4.0,2.0,235,7.508998817966901,3
31,No,Non-Travel,Research & Development,8,4,Life Sciences,1206,Female,4,Sales Executive,Single,147320,0.0,12,0,10.0,3,9,1,7,3,3,2.0,1.0,3.0,235,7.308546099290778,3
26,No,Travel_Rarely,Research & Development,11,4,Medical,1207,Male,2,Manager,Single,92780,0.0,20,0,5.0,3,4,0,0,3,4,4.0,3.0,3.0,239,7.500675267317523,3
36,No,Travel_Frequently,Research & Development,5,1,Technical Degree,1208,Male,1,Sales Executive,Married,13590,4.0,12,0,17.0,2,5,0,3,3,3,3.0,4.0,3.0,240,7.694170138888893,3
39,No,Travel_Rarely,Research & Development,2,1,Medical,1209,Female,1,Research Scientist,Married,47790,4.0,14,2,9.0,3,7,1,7,3,3,4.0,1.0,3.0,236,6.046757297551787,3
27,No,Travel_Rarely,Research & Development,8,2,Medical,1210,Male,1,Laboratory Technician,Married,164220,1.0,20,1,6.0,3,6,0,3,3,4,2.0,2.0,3.0,229,9.28656962639495,3
49,No,Travel_Frequently,Research & Development,6,1,Medical,1211,Male,3,Healthcare Representative,Married,29960,2.0,18,1,17.0,2,9,0,8,2,3,4.0,2.0,2.0,236,6.395888653483996,3
34,No,Travel_Rarely,Sales,4,3,Medical,1212,Female,1,Sales Executive,Married,12610,2.0,14,1,6.0,6,4,1,2,3,3,2.0,3.0,4.0,229,6.4605325084910215,3
41,Yes,Travel_Rarely,Research & Development,7,2,Life Sciences,1213,Female,1,Research Scientist,Single,20990,8.0,12,1,8.0,2,6,0,5,3,3,2.0,4.0,1.0,232,8.626512212643677,3
49,No,Travel_Frequently,Sales,1,4,Life Sciences,1214,Female,2,Manufacturing Director,Married,58100,1.0,21,1,10.0,2,10,1,7,3,4,3.0,2.0,3.0,236,6.713213276836161,3
37,Yes,Travel_Rarely,Research & Development,2,3,Life Sciences,1215,Male,1,Sales Executive,Single,56470,6.0,19,0,7.0,2,0,0,0,3,3,4.0,3.0,3.0,246,8.521203703703703,3
33,No,Travel_Frequently,Research & Development,10,2,Medical,1216,Male,2,Research Scientist,Married,34200,1.0,14,0,8.0,3,8,3,0,3,3,4.0,3.0,3.0,237,9.4826066572902,3
27,No,Travel_Rarely,Sales,5,4,Medical,1217,Female,4,Manufacturing Director,Married,44000,9.0,17,1,6.0,3,2,2,2,2,3,1.0,2.0,3.0,236,6.404782250470813,3
32,No,Travel_Frequently,Research & Development,9,2,Medical,1218,Female,2,Research Scientist,Single,35000,0.0,16,1,8.0,2,7,3,6,2,3,4.0,4.0,2.0,234,7.2769848053181425,3
59,No,Travel_Rarely,Sales,2,2,Marketing,1219,Female,5,Sales Representative,Married,20660,4.0,12,1,12.0,3,1,0,0,3,3,3.0,1.0,2.0,233,10.03518597997139,3
30,No,Travel_Rarely,Research & Development,11,4,Medical,1220,Male,2,Laboratory Technician,Divorced,171690,1.0,17,2,1.0,2,1,0,0,3,3,4.0,3.0,3.0,241,6.389413324112497,3
38,No,Travel_Frequently,Sales,18,4,Life Sciences,1221,Male,2,Healthcare Representative,Single,41620,0.0,15,1,10.0,1,9,1,8,3,3,4.0,3.0,3.0,243,7.99749885688157,3
36,No,Travel_Rarely,Research & Development,7,3,Life Sciences,1222,Male,1,Sales Executive,Married,92040,6.0,23,1,17.0,2,7,7,7,3,4,3.0,3.0,2.0,242,7.8321843434343394,3
35,No,Travel_Rarely,Human Resources,3,4,Human Resources,1223,Male,2,Manager,Married,32940,0.0,11,0,6.0,2,5,0,3,3,3,1.0,2.0,3.0,236,7.498361581920904,3
29,No,Travel_Rarely,Sales,29,4,Life Sciences,1224,Male,2,Laboratory Technician,Single,21270,0.0,11,1,10.0,3,9,0,8,2,3,4.0,3.0,3.0,235,10.724693853427892,3
31,No,Travel_Rarely,Research & Development,2,2,Medical,1225,Male,2,Laboratory Technician,Divorced,39750,1.0,15,1,5.0,3,5,4,3,3,3,3.0,3.0,2.0,227,6.313388399412625,3
34,No,Travel_Rarely,Research & Development,28,3,Technical Degree,1226,Male,1,Laboratory Technician,Divorced,107930,0.0,11,3,3.0,1,2,1,2,2,3,2.0,4.0,3.0,228,7.6140923489278745,3
28,Yes,Travel_Rarely,Research & Development,1,4,Life Sciences,1227,Male,5,Research Director,Single,100960,5.0,13,0,6.0,2,4,0,3,3,3,3.0,3.0,3.0,234,10.483148148148157,3
29,No,Travel_Rarely,Research & Development,16,2,Life Sciences,1228,Female,4,Laboratory Technician,Divorced,36460,1.0,14,0,10.0,3,10,8,8,4,3,2.0,1.0,3.0,231,7.967326839826838,3
32,No,Travel_Rarely,Human Resources,22,3,Human Resources,1229,Female,2,Research Director,Divorced,74460,0.0,19,0,7.0,3,6,0,5,3,3,1.0,2.0,2.0,234,10.695990028490037,3
22,No,Non-Travel,Research & Development,8,3,Life Sciences,1230,Female,3,Sales Executive,Divorced,108510,1.0,16,1,1.0,2,1,0,0,4,3,4.0,4.0,2.0,235,10.002944444444454,3
53,No,Travel_Rarely,Research & Development,11,3,Medical,1231,Male,2,Manager,Married,21090,2.0,13,0,31.0,3,25,3,7,3,3,1.0,4.0,3.0,237,8.015872011251757,3
38,No,Travel_Rarely,Research & Development,29,3,Life Sciences,1232,Female,1,Manufacturing Director,Single,37220,5.0,14,0,6.0,0,3,1,2,3,3,4.0,4.0,3.0,240,9.685173611111113,4
24,No,Non-Travel,Research & Development,1,5,Life Sciences,1233,Male,3,Research Scientist,Divorced,93800,0.0,16,0,5.0,2,4,1,3,2,3,1.0,3.0,2.0,243,6.907967535436673,3
36,Yes,Travel_Rarely,Research & Development,1,3,Life Sciences,1234,Male,1,Research Director,Single,54860,7.0,12,1,10.0,2,5,0,3,3,3,3.0,1.0,3.0,229,6.475342066957787,3
34,No,Travel_Rarely,Sales,24,3,Marketing,1235,Male,4,Research Scientist,Single,27420,0.0,11,1,13.0,2,12,2,11,3,3,1.0,2.0,3.0,238,6.094871615312789,4
21,No,Travel_Rarely,Sales,2,3,Life Sciences,1236,Male,2,Manufacturing Director,Single,137570,1.0,12,1,0.0,3,0,0,0,3,3,3.0,4.0,3.0,229,5.997355652595831,3
34,Yes,Travel_Rarely,Sales,15,2,Marketing,1237,Female,2,Research Scientist,Single,84630,2.0,13,0,8.0,2,4,1,3,1,3,2.0,1.0,3.0,232,7.8150634578544125,3
53,No,Travel_Rarely,Sales,2,1,Life Sciences,1238,Male,5,Human Resources,Divorced,31620,4.0,15,0,26.0,4,14,4,8,3,3,3.0,3.0,2.0,228,7.481158625730993,3
32,Yes,Travel_Frequently,Research & Development,10,3,Medical,1239,Female,2,Manufacturing Director,Single,165980,1.0,13,0,10.0,2,10,6,7,3,3,2.0,1.0,3.0,231,9.495272967772967,3
42,No,Travel_Rarely,Research & Development,10,3,Technical Degree,1240,Male,2,Laboratory Technician,Married,66510,0.0,20,0,10.0,5,9,4,2,2,4,3.0,2.0,3.0,242,6.892245179063355,3
44,No,Travel_Rarely,Research & Development,3,1,Life Sciences,1241,Female,1,Manufacturing Director,Married,23450,3.0,15,2,24.0,0,22,5,17,3,3,1.0,4.0,3.0,241,7.101099585062243,3
46,No,Travel_Rarely,Sales,2,3,Life Sciences,1242,Female,1,Research Scientist,Single,34200,3.0,13,2,22.0,3,2,2,1,1,3,2.0,1.0,2.0,230,8.009119565217391,3
33,No,Travel_Rarely,Sales,3,3,Medical,1243,Male,1,Manufacturing Director,Single,43730,4.0,14,0,7.0,3,1,0,0,3,3,3.0,4.0,3.0,241,6.528365606270175,3
44,No,Travel_Rarely,Human Resources,26,3,Life Sciences,1244,Male,5,Healthcare Representative,Married,47590,2.0,21,0,9.0,2,4,1,3,3,4,4.0,4.0,4.0,241,8.532774319963124,3
30,No,Travel_Rarely,Research & Development,1,4,Technical Degree,1245,Female,1,Research Scientist,Single,53010,1.0,16,1,10.0,3,10,1,8,3,3,4.0,3.0,3.0,243,6.116035665294926,3
39,Yes,Travel_Rarely,Human Resources,1,4,Medical,1246,Male,1,Sales Executive,Married,36730,3.0,14,1,19.0,3,1,0,0,3,3,4.0,4.0,4.0,232,6.523863745210726,3
24,Yes,Travel_Rarely,Human Resources,2,5,Human Resources,1247,Male,3,Sales Executive,Married,47680,2.0,11,1,6.0,2,2,2,0,2,3,2.0,4.0,2.0,244,9.67660063752276,3
43,No,Travel_Rarely,Sales,9,5,Technical Degree,1248,Female,1,Research Director,Divorced,12740,1.0,19,0,6.0,3,5,1,4,2,3,4.0,3.0,2.0,234,6.487590218423554,3
50,Yes,Travel_Rarely,Research & Development,12,4,Medical,1249,Male,1,Research Director,Married,49000,1.0,11,0,3.0,3,3,0,2,2,3,1.0,3.0,3.0,243,8.919851394604487,3
35,No,Travel_Rarely,Sales,2,4,Marketing,1250,Male,3,Manufacturing Director,Married,104660,1.0,13,0,2.0,1,2,2,2,3,3,4.0,4.0,3.0,242,7.086650596877868,3
36,No,Travel_Rarely,Research & Development,25,1,Life Sciences,1251,Female,4,Sales Executive,Married,170070,9.0,12,1,6.0,2,1,0,0,2,3,2.0,1.0,4.0,230,9.07866787439613,3
33,No,Travel_Frequently,Sales,9,2,Marketing,1252,Male,4,Human Resources,Married,29090,2.0,11,0,10.0,2,5,1,3,2,3,3.0,1.0,3.0,238,6.5570331465919685,4
35,No,Travel_Rarely,Research & Development,10,1,Medical,1253,Male,1,Research Scientist,Divorced,57650,1.0,14,1,1.0,2,1,0,0,3,3,3.0,4.0,3.0,239,6.18877033937703,3
27,No,Travel_Rarely,Sales,8,2,Marketing,1254,Female,3,Research Scientist,Divorced,45990,1.0,15,1,1.0,3,1,0,0,2,3,4.0,1.0,3.0,229,7.619807132459971,3
26,Yes,Travel_Rarely,Sales,4,3,Marketing,1255,Male,2,Manager,Single,24040,1.0,12,0,1.0,6,1,0,1,3,3,1.0,3.0,2.0,243,7.6933150434385045,3
27,No,Travel_Frequently,Sales,24,3,Life Sciences,1256,Male,4,Healthcare Representative,Single,31720,1.0,20,1,9.0,1,9,1,7,3,4,4.0,3.0,3.0,239,6.842362854486287,3
30,No,Travel_Frequently,Research & Development,1,4,Medical,1257,Male,1,Research Scientist,Single,20330,1.0,14,1,12.0,3,12,3,7,1,3,3.0,4.0,3.0,229,6.816597525473074,3
41,Yes,Travel_Rarely,Sales,20,4,Marketing,1258,Male,2,Sales Executive,Married,102090,1.0,13,1,23.0,2,22,15,8,3,3,2.0,3.0,3.0,229,5.962092430858809,3
34,No,Non-Travel,Research & Development,7,2,Technical Degree,1259,Female,1,Research Scientist,Single,86200,0.0,13,1,10.0,2,9,8,7,2,3,2.0,3.0,3.0,234,7.820035612535614,4
37,No,Travel_Rarely,Research & Development,17,3,Life Sciences,1260,Female,3,Sales Executive,Married,20640,4.0,16,0,8.0,3,1,0,0,2,3,2.0,2.0,3.0,231,6.10239417989418,3
46,No,Travel_Frequently,Research & Development,20,3,Technical Degree,1261,Male,3,Sales Executive,Single,40350,4.0,14,1,14.0,2,9,0,8,3,3,1.0,4.0,3.0,244,9.318430100182145,3
35,No,Travel_Rarely,Research & Development,8,4,Medical,1262,Female,3,Research Scientist,Married,38380,1.0,16,1,1.0,2,1,0,1,3,3,4.0,4.0,3.0,230,6.9096932367149755,4
48,Yes,Travel_Rarely,Research & Development,2,4,Technical Degree,1263,Female,1,Sales Executive,Single,45910,9.0,16,0,23.0,6,1,0,0,1,3,1.0,3.0,3.0,232,9.295721982758621,3
28,Yes,Travel_Rarely,Research & Development,10,1,Medical,1264,Male,1,Sales Executive,Single,25610,1.0,22,1,2.0,3,2,2,2,3,4,3.0,3.0,2.0,236,10.683428672316385,3
44,No,Travel_Rarely,Research & Development,1,1,Medical,1265,Female,3,Research Scientist,Divorced,15630,5.0,12,2,9.0,3,4,1,3,3,3,2.0,1.0,2.0,238,9.386280345471524,3
35,No,Non-Travel,Research & Development,5,4,Technical Degree,1266,Female,3,Manufacturing Director,Married,48980,2.0,15,2,10.0,2,4,2,3,3,3,3.0,1.0,3.0,237,9.509294421003275,3
26,No,Travel_Rarely,Research & Development,4,4,Life Sciences,1267,Female,3,Sales Executive,Married,47890,7.0,20,1,5.0,2,2,0,0,3,4,3.0,4.0,2.0,241,10.199422544951586,3
33,No,Travel_Frequently,Sales,29,4,Life Sciences,1268,Female,1,Human Resources,Single,31800,1.0,14,1,15.0,2,15,8,12,3,3,1.0,4.0,3.0,245,8.207739229024941,3
35,No,Travel_Frequently,Research & Development,15,3,Medical,1269,Male,3,Manufacturing Director,Married,65490,1.0,20,0,9.0,3,9,1,8,3,4,2.0,1.0,2.0,232,6.473378831417627,3
35,No,Travel_Rarely,Human Resources,3,2,Life Sciences,1270,Female,1,Laboratory Technician,Married,63880,3.0,13,0,4.0,6,2,2,2,2,3,3.0,1.0,3.0,233,8.788953266571294,3
31,No,Travel_Rarely,Sales,10,2,Life Sciences,1271,Female,2,Research Scientist,Divorced,112440,3.0,12,1,10.0,3,7,1,7,3,3,4.0,4.0,2.0,240,6.096067129629634,3
37,No,Travel_Rarely,Sales,4,3,Marketing,1272,Male,4,Human Resources,Divorced,160320,1.0,13,0,7.0,2,7,0,7,3,3,1.0,3.0,4.0,234,7.422623456790124,4
32,No,Travel_Rarely,Research & Development,21,3,Other,1273,Male,2,Sales Executive,Married,23620,1.0,11,0,9.0,2,9,7,8,3,3,1.0,4.0,3.0,229,8.108628093158659,4
38,No,Travel_Frequently,Research & Development,25,3,Medical,1274,Male,2,Manufacturing Director,Single,163280,1.0,17,3,10.0,2,10,9,9,3,3,4.0,4.0,3.0,234,6.241581196581193,4
50,No,Travel_Rarely,Sales,2,4,Marketing,1275,Female,4,Research Scientist,Divorced,83760,5.0,14,3,29.0,2,27,13,8,3,3,2.0,3.0,2.0,234,9.531168091168086,3
59,No,Travel_Rarely,Research & Development,1,3,Technical Degree,1276,Male,1,Laboratory Technician,Single,166060,7.0,11,0,28.0,6,21,7,9,3,3,1.0,1.0,2.0,235,6.9165189125295505,3
36,No,Travel_Rarely,Sales,1,2,Marketing,1277,Female,2,Sales Executive,Divorced,86060,1.0,14,2,17.0,3,17,12,8,3,3,3.0,3.0,3.0,243,6.004865112025601,3
55,No,Travel_Rarely,Research & Development,7,3,Medical,1278,Male,3,Research Scientist,Divorced,22720,2.0,17,1,21.0,2,5,0,2,3,3,4.0,3.0,3.0,242,8.11400137741047,3
36,No,Travel_Frequently,Research & Development,3,3,Life Sciences,1279,Female,2,Laboratory Technician,Single,20180,1.0,13,0,6.0,5,6,0,3,3,3,2.0,2.0,3.0,227,7.215137053352908,3
45,No,Travel_Rarely,Research & Development,1,2,Medical,1280,Female,1,Sales Executive,Divorced,70830,2.0,12,1,25.0,5,1,0,0,3,3,2.0,1.0,3.0,240,6.807199074074076,3
35,No,Travel_Frequently,Human Resources,9,3,Other,1281,Female,2,Sales Representative,Married,40840,4.0,13,1,5.0,3,3,1,2,3,3,2.0,1.0,2.0,241,6.101339326878743,3
36,Yes,Travel_Rarely,Sales,7,2,Life Sciences,1282,Male,4,Laboratory Technician,Married,144110,0.0,18,3,2.0,2,1,0,0,4,3,4.0,3.0,2.0,243,8.892940100594425,3
59,No,Travel_Frequently,Research & Development,10,4,Life Sciences,1283,Male,3,Research Scientist,Single,23080,7.0,19,1,20.0,4,4,1,3,2,3,1.0,3.0,2.0,230,6.78996739130435,3
29,No,Travel_Rarely,Research & Development,28,4,Life Sciences,1284,Female,1,Sales Representative,Married,48410,0.0,11,0,6.0,3,5,0,4,3,3,3.0,2.0,3.0,236,7.82785428436911,3
31,No,Travel_Rarely,Research & Development,3,2,Medical,1285,Female,3,Sales Executive,Single,42850,1.0,21,1,1.0,2,1,1,0,1,4,3.0,2.0,3.0,230,6.300332125603864,3
32,No,Travel_Rarely,Sales,3,4,Life Sciences,1286,Male,2,Manufacturing Director,Married,97150,1.0,15,1,10.0,1,10,0,9,2,3,2.0,2.0,3.0,241,7.522589903181189,3
36,No,Travel_Rarely,Research & Development,2,3,Life Sciences,1287,Male,2,Sales Representative,Married,43200,3.0,17,0,5.0,2,1,0,0,3,3,2.0,4.0,3.0,230,7.179870772946859,3
31,No,Travel_Rarely,Research & Development,27,3,Medical,1288,Female,2,Research Director,Single,21320,1.0,18,0,11.0,3,11,1,8,3,3,3.0,4.0,3.0,242,6.095544077134989,3
35,No,Travel_Rarely,Research & Development,2,4,Medical,1289,Male,2,Healthcare Representative,Single,101240,0.0,14,1,16.0,2,15,2,8,4,3,3.0,1.0,3.0,236,6.019582156308854,3
45,No,Travel_Rarely,Human Resources,14,3,Human Resources,1290,Female,1,Sales Executive,Married,54730,4.0,13,0,17.0,3,0,0,0,1,3,4.0,1.0,4.0,236,8.896670197740118,3
37,No,Travel_Rarely,Research & Development,1,3,Life Sciences,1291,Female,3,Sales Executive,Single,52070,4.0,17,3,16.0,3,5,0,2,3,3,1.0,3.0,4.0,245,6.597208616780044,3
46,No,Travel_Rarely,Research & Development,9,3,Medical,1292,Male,3,Manager,Divorced,164370,8.0,15,1,16.0,0,4,0,2,3,3,2.0,2.0,3.0,238,10.269981325863684,3
30,No,Travel_Rarely,Sales,18,3,Life Sciences,1293,Male,4,Human Resources,Married,22960,1.0,18,1,10.0,2,10,3,0,3,3,4.0,4.0,2.0,234,9.195694444444445,5
35,No,Travel_Rarely,Research & Development,20,4,Life Sciences,1294,Female,3,Human Resources,Single,40690,1.0,13,0,6.0,5,6,0,4,3,3,2.0,3.0,3.0,232,7.903589559386972,3
55,No,Travel_Rarely,Research & Development,2,3,Life Sciences,1295,Female,2,Laboratory Technician,Married,74410,3.0,12,1,24.0,4,1,1,0,3,3,1.0,4.0,3.0,238,6.709723389355748,4
38,No,Non-Travel,Sales,11,1,Marketing,1296,Male,2,Laboratory Technician,Divorced,24300,7.0,13,2,17.0,2,13,1,9,4,3,2.0,4.0,3.0,228,8.811399853801175,3
34,No,Travel_Rarely,Research & Development,8,2,Medical,1297,Male,1,Research Scientist,Married,58780,1.0,14,0,5.0,1,5,1,3,3,3,1.0,2.0,3.0,242,8.008844123048666,3
56,No,Travel_Rarely,Human Resources,2,1,Medical,1298,Male,2,Sales Executive,Single,26440,4.0,11,1,37.0,2,6,0,2,3,3,4.0,4.0,2.0,241,6.312178423236517,3
23,No,Travel_Rarely,Research & Development,10,3,Medical,1299,Male,2,Laboratory Technician,Divorced,64390,3.0,22,3,3.0,2,0,0,0,3,4,3.0,1.0,3.0,229,6.405738719068416,3
51,No,Travel_Rarely,Research & Development,29,4,Life Sciences,1300,Female,5,Manufacturing Director,Married,24510,3.0,17,0,10.0,2,4,0,3,2,3,4.0,4.0,3.0,238,6.759082633053217,3
30,No,Travel_Rarely,Sales,8,2,Technical Degree,1301,Male,1,Sales Representative,Married,63920,1.0,21,1,11.0,2,11,10,8,4,4,3.0,4.0,3.0,243,7.6176108824874245,3
46,Yes,Travel_Rarely,Sales,1,2,Medical,1302,Female,2,Research Scientist,Single,97140,1.0,22,0,9.0,0,9,4,7,3,4,3.0,4.0,3.0,242,6.19746326905418,3
40,No,Travel_Frequently,Research & Development,6,3,Medical,1303,Male,1,Healthcare Representative,Married,60770,1.0,16,2,22.0,2,22,11,11,2,3,3.0,2.0,2.0,230,7.404682367149761,3
51,No,Travel_Rarely,Research & Development,8,4,Life Sciences,1304,Female,5,Sales Representative,Single,24500,0.0,12,1,11.0,2,10,1,0,3,3,3.0,4.0,1.0,236,10.087117467043306,3
30,No,Travel_Rarely,Research & Development,9,3,Life Sciences,1305,Male,1,Manufacturing Director,Divorced,92500,1.0,12,3,11.0,0,11,2,7,3,3,3.0,2.0,2.0,236,8.071362994350277,3
46,No,Travel_Frequently,Research & Development,12,1,Medical,1306,Male,1,Laboratory Technician,Married,20740,2.0,15,1,21.0,3,10,9,5,3,3,3.0,1.0,2.0,236,9.020947504708095,3
32,No,Travel_Rarely,Sales,15,3,Marketing,1307,Male,1,Research Scientist,Single,101690,1.0,14,0,12.0,6,11,5,7,2,3,2.0,3.0,3.0,241,7.31094052558782,3
54,No,Travel_Rarely,Research & Development,25,1,Medical,1308,Female,1,Laboratory Technician,Married,48550,9.0,25,1,16.0,2,4,0,3,2,4,1.0,3.0,1.0,241,7.585544029506686,3
24,No,Travel_Rarely,Sales,6,2,Marketing,1309,Male,2,Research Scientist,Married,40870,0.0,20,3,4.0,1,3,0,2,3,4,1.0,3.0,2.0,235,7.795473995271867,3
28,No,Non-Travel,Sales,9,4,Medical,1310,Male,2,Laboratory Technician,Married,23670,1.0,13,0,5.0,2,5,0,4,2,3,2.0,3.0,4.0,242,5.990938934802568,3
58,No,Travel_Rarely,Research & Development,8,4,Life Sciences,1311,Male,2,Sales Executive,Single,29720,0.0,14,0,38.0,2,37,1,8,4,3,4.0,3.0,2.0,231,7.079403559403562,3
44,No,Non-Travel,Research & Development,23,2,Medical,1312,Female,1,Research Scientist,Married,195860,4.0,16,0,17.0,3,3,1,2,2,3,2.0,2.0,4.0,243,6.732844078646549,3
37,Yes,Travel_Rarely,Human Resources,9,3,Human Resources,1313,Male,2,Healthcare Representative,Divorced,54840,2.0,17,0,7.0,4,3,0,2,3,3,3.0,1.0,3.0,247,10.147261583445793,3
32,No,Travel_Rarely,Human Resources,12,2,Human Resources,1314,Female,1,Sales Representative,Single,20610,1.0,15,1,1.0,2,1,0,0,2,3,4.0,1.0,3.0,234,7.960068850902186,3
20,Yes,Travel_Frequently,Sales,4,4,Life Sciences,1315,Female,2,Healthcare Representative,Single,99240,1.0,22,0,1.0,3,1,1,0,3,4,4.0,4.0,3.0,246,10.712137533875335,3
34,No,Travel_Rarely,Research & Development,1,4,Other,1316,Male,4,Laboratory Technician,Single,41980,1.0,22,1,16.0,2,16,2,10,2,4,1.0,3.0,3.0,237,7.623057899671827,3
37,No,Non-Travel,Sales,24,2,Life Sciences,1317,Male,1,Research Scientist,Divorced,68150,5.0,20,1,17.0,3,1,0,0,3,4,3.0,4.0,4.0,231,7.783722943722943,4
59,No,Non-Travel,Research & Development,12,2,Life Sciences,1318,Male,2,Sales Executive,Married,47230,9.0,14,0,30.0,0,3,2,2,3,3,3.0,4.0,3.0,234,7.212025166191835,3
50,No,Travel_Frequently,Research & Development,3,4,Medical,1319,Male,4,Research Scientist,Married,61420,3.0,13,2,28.0,3,8,0,7,2,3,1.0,2.0,2.0,233,9.584148783977106,3
25,Yes,Travel_Rarely,Sales,10,1,Marketing,1320,Male,2,Research Director,Single,82370,1.0,13,0,6.0,6,6,0,3,2,3,3.0,3.0,3.0,241,8.510076071922542,3
25,No,Travel_Rarely,Research & Development,26,3,Technical Degree,1321,Male,1,Laboratory Technician,Married,88530,1.0,22,1,2.0,3,2,2,1,3,4,4.0,4.0,3.0,241,7.701500691562938,3
22,No,Travel_Rarely,Research & Development,2,1,Life Sciences,1322,Male,1,Sales Representative,Single,193310,1.0,12,1,1.0,2,0,0,0,3,3,2.0,4.0,3.0,242,6.262097107438017,3
51,No,Travel_Frequently,Research & Development,1,3,Life Sciences,1323,Female,1,Sales Executive,Single,20730,3.0,14,1,23.0,4,13,12,8,3,3,1.0,1.0,2.0,239,7.4895734542073455,3
34,Yes,Travel_Frequently,Human Resources,4,4,Life Sciences,1324,Female,5,Sales Executive,Single,55620,1.0,15,0,9.0,3,9,0,6,3,3,1.0,3.0,3.0,238,8.21845588235293,3
54,No,Non-Travel,Research & Development,9,3,Life Sciences,1325,Male,1,Laboratory Technician,Single,196130,2.0,17,0,23.0,5,5,4,4,3,3,4.0,4.0,3.0,230,8.143079710144923,3
24,No,Travel_Rarely,Research & Development,2,1,Life Sciences,1326,Male,2,Laboratory Technician,Married,34070,0.0,13,1,6.0,4,5,1,2,3,3,2.0,3.0,3.0,238,6.488012371615315,3
34,No,Travel_Rarely,Sales,4,3,Marketing,1327,Female,2,Sales Representative,Divorced,50630,6.0,12,1,12.0,2,1,0,0,3,3,3.0,2.0,3.0,237,5.999905063291143,3
37,No,Travel_Rarely,Sales,6,1,Technical Degree,1328,Male,1,Laboratory Technician,Single,46390,2.0,12,2,12.0,3,5,1,3,3,3,3.0,4.0,3.0,232,6.2216930076628385,3
34,No,Travel_Rarely,Sales,9,2,Medical,1329,Male,2,Healthcare Representative,Single,48760,2.0,21,1,14.0,3,11,5,8,3,4,3.0,1.0,3.0,238,7.855724789915963,3
36,No,Travel_Frequently,Human Resources,7,3,Medical,1330,Male,1,Research Scientist,Married,26900,0.0,11,0,10.0,1,9,2,8,3,3,2.0,4.0,3.0,238,7.984710550887022,3
36,No,Travel_Rarely,Research & Development,1,3,Medical,1331,Female,2,Manufacturing Director,Divorced,175670,5.0,13,0,7.0,6,1,0,0,3,3,1.0,4.0,3.0,238,7.499870448179269,4
43,No,Travel_Frequently,Research & Development,3,4,Life Sciences,1332,Male,1,Sales Executive,Married,24080,1.0,12,1,25.0,3,25,4,12,3,3,3.0,4.0,4.0,235,8.702949172576828,3
30,No,Travel_Frequently,Research & Development,10,3,Life Sciences,1333,Female,3,Healthcare Representative,Divorced,28140,1.0,24,0,10.0,2,10,0,9,3,4,1.0,3.0,2.0,231,7.911812169312168,3
33,No,Non-Travel,Sales,7,3,Life Sciences,1334,Male,2,Sales Executive,Married,112450,0.0,21,0,8.0,3,7,0,7,3,4,3.0,2.0,4.0,243,6.708544810242342,3
56,Yes,Travel_Rarely,Research & Development,15,3,Life Sciences,1335,Male,2,Laboratory Technician,Married,33120,9.0,19,0,7.0,1,5,4,3,1,3,2.0,2.0,3.0,232,9.013333333333334,3
51,No,Travel_Rarely,Research & Development,3,2,Other,1336,Female,2,Sales Representative,Single,190490,7.0,14,1,23.0,2,20,15,15,3,3,1.0,3.0,3.0,240,6.686394675925922,3
31,Yes,Travel_Rarely,Research & Development,2,4,Technical Degree,1337,Female,3,Sales Executive,Married,21410,4.0,20,0,12.0,2,7,7,7,3,4,2.0,3.0,2.0,233,8.398167620410106,3
26,No,Travel_Rarely,Sales,17,3,Medical,1338,Female,2,Manager,Married,57690,1.0,19,0,5.0,4,5,4,3,2,3,3.0,2.0,2.0,236,7.685123587570623,3
58,Yes,Travel_Rarely,Sales,2,2,Medical,1339,Female,1,Research Scientist,Married,43850,1.0,13,1,40.0,2,40,15,6,2,3,4.0,4.0,2.0,234,7.5480686134852775,4
19,Yes,Travel_Rarely,Research & Development,5,2,Life Sciences,1340,Male,1,Manager,Single,53320,1.0,23,1,0.0,2,0,0,0,3,4,4.0,3.0,2.0,239,9.36388191538819,3
22,No,Travel_Rarely,Sales,29,4,Technical Degree,1341,Male,1,Sales Executive,Married,46630,0.0,13,1,3.0,1,2,2,1,3,3,3.0,4.0,3.0,236,6.379811676082862,3
49,No,Travel_Rarely,Research & Development,2,3,Life Sciences,1342,Female,1,Sales Executive,Married,47240,1.0,11,1,16.0,3,15,5,11,2,3,3.0,1.0,2.0,240,7.194425925925924,3
43,No,Travel_Frequently,Sales,2,2,Life Sciences,1343,Male,1,Sales Executive,Single,32110,4.0,13,0,18.0,2,3,1,2,4,3,2.0,3.0,3.0,232,7.978614703065139,3
50,No,Travel_Frequently,Research & Development,19,4,Life Sciences,1344,Male,2,Sales Executive,Single,53770,4.0,14,1,16.0,3,2,2,1,4,3,3.0,4.0,3.0,239,7.080387029288701,3
31,Yes,Travel_Rarely,Research & Development,15,1,Medical,1345,Female,2,Sales Executive,Married,40660,3.0,22,0,4.0,2,2,2,2,2,4,2.0,3.0,3.0,245,8.40602267573696,3
41,No,Travel_Rarely,Research & Development,17,2,Other,1346,Male,1,Manufacturing Director,Divorced,52080,3.0,11,3,12.0,2,9,0,7,1,3,3.0,3.0,3.0,229,8.118852498786996,3
26,No,Travel_Rarely,Research & Development,17,4,Life Sciences,1347,Male,2,Sales Executive,Married,48770,1.0,13,1,8.0,5,8,5,7,4,3,3.0,3.0,3.0,238,7.95010854341736,3
36,No,Travel_Rarely,Human Resources,25,1,Human Resources,1348,Male,2,Research Scientist,Divorced,31170,6.0,21,1,7.0,2,3,0,1,4,4,2.0,2.0,3.0,236,6.799012476459518,5
51,Yes,Travel_Frequently,Research & Development,6,3,Life Sciences,1349,Female,1,Manager,Single,15690,2.0,11,0,18.0,2,4,0,3,4,3,1.0,4.0,3.0,240,7.189976851851849,3
39,No,Travel_Rarely,Research & Development,7,3,Life Sciences,1350,Female,1,Research Scientist,Married,196580,4.0,13,1,17.0,3,15,5,9,4,3,4.0,3.0,4.0,245,7.877014739229028,3
25,No,Travel_Rarely,Sales,29,1,Medical,1351,Female,3,Research Scientist,Married,30690,2.0,14,1,6.0,3,2,2,2,2,3,1.0,3.0,3.0,236,7.793299199623355,3
30,No,Travel_Rarely,Research & Development,21,1,Medical,1352,Male,2,Laboratory Technician,Married,104350,0.0,11,0,12.0,5,11,4,7,3,3,3.0,4.0,1.0,231,9.995206830206829,3
32,Yes,Travel_Rarely,Research & Development,2,4,Life Sciences,1353,Female,2,Research Director,Single,41480,7.0,15,0,10.0,0,5,0,4,2,3,1.0,1.0,4.0,242,7.901718319559229,3
45,No,Travel_Rarely,Research & Development,2,1,Technical Degree,1354,Female,2,Healthcare Representative,Single,57680,5.0,23,1,9.0,4,6,0,3,3,4,3.0,4.0,2.0,230,7.374128019323665,3
38,No,Travel_Rarely,Research & Development,7,4,Life Sciences,1355,Female,2,Research Director,Single,50420,3.0,16,1,19.0,4,3,2,2,3,3,4.0,3.0,3.0,246,10.415906729900634,3
30,No,Travel_Rarely,Sales,13,3,Marketing,1356,Female,2,Laboratory Technician,Single,57700,1.0,16,1,5.0,2,5,0,4,4,3,1.0,3.0,2.0,235,6.680294326241136,4
32,No,Travel_Frequently,Sales,2,3,Marketing,1357,Male,3,Laboratory Technician,Divorced,77560,0.0,21,0,9.0,3,8,0,7,3,4,4.0,4.0,4.0,241,6.505978561549102,3
30,No,Travel_Rarely,Research & Development,1,3,Medical,1358,Female,3,Sales Executive,Divorced,103060,5.0,13,0,8.0,5,3,2,2,3,3,4.0,1.0,3.0,228,6.720969785575051,4
30,No,Travel_Rarely,Sales,9,3,Medical,1359,Male,2,Research Scientist,Single,39360,0.0,11,1,6.0,3,5,1,2,3,3,2.0,4.0,3.0,228,6.3940155945419095,3
41,No,Travel_Frequently,Sales,10,2,Medical,1360,Female,3,Manufacturing Director,Divorced,79450,4.0,12,1,21.0,6,7,7,7,2,3,4.0,1.0,2.0,242,7.318976124885218,4
41,No,Travel_Rarely,Research & Development,10,4,Medical,1361,Male,4,Research Scientist,Married,57430,2.0,12,3,7.0,2,5,1,4,4,3,3.0,1.0,3.0,235,8.016141843971633,3
19,No,Travel_Rarely,Research & Development,1,3,Other,1362,Female,5,Manufacturing Director,Single,152020,1.0,18,3,1.0,2,1,0,0,2,3,2.0,2.0,3.0,242,6.380013774104683,3
40,No,Travel_Frequently,Research & Development,26,4,Medical,1363,Male,2,Manufacturing Director,Divorced,54400,1.0,12,1,20.0,2,20,2,13,3,3,2.0,2.0,3.0,228,7.003960769980508,3
35,No,Travel_Rarely,Sales,8,1,Marketing,1364,Female,3,Laboratory Technician,Married,37600,1.0,14,3,10.0,2,10,0,6,3,3,3.0,2.0,3.0,232,7.395136494252874,3
53,No,Travel_Rarely,Sales,14,2,Life Sciences,1365,Female,5,Manufacturing Director,Married,35170,2.0,12,1,13.0,1,7,4,5,2,3,2.0,3.0,1.0,232,10.893168103448277,3
45,No,Travel_Rarely,Sales,1,4,Technical Degree,1366,Male,1,Research Scientist,Divorced,25800,8.0,17,3,20.0,3,17,0,15,3,3,2.0,2.0,1.0,230,6.790741545893719,3
32,No,Travel_Frequently,Sales,2,2,Life Sciences,1367,Female,1,Manufacturing Director,Single,21660,1.0,19,1,9.0,4,9,3,7,1,3,2.0,4.0,3.0,235,7.907401891252945,3
29,No,Non-Travel,Research & Development,10,4,Technical Degree,1368,Male,3,Healthcare Representative,Married,58690,1.0,11,1,10.0,6,10,0,9,4,3,4.0,3.0,3.0,236,6.0965736817325755,3
51,No,Travel_Rarely,Research & Development,1,3,Other,1369,Female,3,Research Director,Married,80080,2.0,15,1,10.0,4,1,0,0,3,3,2.0,3.0,3.0,246,7.573564814814813,3
58,No,Travel_Rarely,Sales,3,3,Marketing,1370,Female,1,Research Scientist,Married,52060,4.0,11,3,9.0,4,1,0,0,1,3,2.0,2.0,2.0,246,9.988622402890693,3
40,No,Travel_Rarely,Research & Development,11,2,Technical Degree,1371,Male,4,Laboratory Technician,Married,52950,7.0,18,0,15.0,4,12,2,11,3,3,3.0,4.0,2.0,228,6.195923489278753,4
34,No,Travel_Frequently,Sales,24,4,Marketing,1372,Male,2,Manufacturing Director,Married,164130,6.0,16,0,6.0,1,4,1,2,3,3,3.0,3.0,3.0,232,6.977579022988506,3
22,No,Travel_Rarely,Research & Development,3,3,Medical,1373,Male,1,Laboratory Technician,Married,132690,1.0,25,1,2.0,2,2,2,2,3,4,3.0,4.0,3.0,243,7.677799497027898,3
27,No,Non-Travel,Research & Development,3,3,Medical,1374,Male,1,Healthcare Representative,Divorced,27830,6.0,16,1,6.0,2,2,2,2,4,3,4.0,2.0,1.0,238,6.300498366013075,3
28,No,Travel_Rarely,Sales,4,4,Life Sciences,1375,Male,2,Healthcare Representative,Married,54330,1.0,13,1,5.0,4,5,0,2,2,3,3.0,4.0,1.0,231,6.532742905242905,3
57,No,Travel_Rarely,Research & Development,3,3,Life Sciences,1376,Male,2,Manufacturing Director,Divorced,20130,3.0,14,1,12.0,5,5,1,4,3,3,3.0,4.0,1.0,246,10.87448509485094,3
27,No,Non-Travel,Research & Development,2,3,Life Sciences,1377,Male,1,Manufacturing Director,Divorced,139660,1.0,19,0,1.0,1,1,0,1,3,3,3.0,3.0,2.0,243,10.614749657064475,3
50,No,Travel_Rarely,Research & Development,4,3,Life Sciences,1378,Female,2,Manufacturing Director,Single,43740,3.0,15,1,21.0,5,5,4,4,4,3,3.0,2.0,3.0,233,6.208623032904144,4
41,No,Travel_Rarely,Sales,7,4,Marketing,1379,Male,4,Laboratory Technician,Divorced,68420,4.0,12,1,13.0,3,9,1,8,3,3,1.0,3.0,3.0,231,6.187160894660896,3
30,No,Travel_Rarely,Human Resources,1,4,Human Resources,1380,Female,1,Manager,Married,174260,2.0,12,1,12.0,0,10,7,4,2,3,2.0,4.0,3.0,232,6.909143917624518,3
38,No,Travel_Rarely,Sales,1,1,Medical,1381,Male,2,Laboratory Technician,Single,176030,4.0,16,0,12.0,0,8,0,7,2,3,1.0,4.0,4.0,235,6.32377777777778,3
32,No,Travel_Rarely,Research & Development,20,3,Medical,1382,Female,1,Manufacturing Director,Single,45810,3.0,14,1,8.0,3,5,1,4,3,3,3.0,3.0,3.0,232,6.933930795019157,4
27,No,Travel_Rarely,Research & Development,5,4,Medical,1383,Male,2,Healthcare Representative,Married,47350,0.0,13,0,6.0,2,5,1,1,3,3,3.0,2.0,2.0,234,8.884953703703708,3
19,Yes,Travel_Frequently,Research & Development,10,2,Life Sciences,1384,Male,2,Healthcare Representative,Single,41870,0.0,22,1,1.0,4,0,0,0,3,4,3.0,1.0,4.0,230,7.510175120772945,4
36,No,Travel_Frequently,Sales,25,3,Marketing,1385,Female,2,Research Director,Single,55050,4.0,21,2,13.0,3,8,7,2,3,4,4.0,2.0,2.0,232,7.406964798850572,4
30,No,Non-Travel,Sales,1,3,Medical,1386,Female,1,Sales Executive,Divorced,54700,1.0,18,1,12.0,2,12,6,10,3,3,3.0,1.0,3.0,235,6.80902245862884,3
45,No,Travel_Rarely,Research & Development,24,2,Medical,1387,Male,2,Sales Executive,Divorced,54760,4.0,13,1,9.0,3,5,0,3,3,3,3.0,1.0,4.0,233,8.125163328564616,3
56,No,Travel_Rarely,Research & Development,4,3,Life Sciences,1388,Male,4,Manager,Divorced,25870,4.0,12,0,19.0,2,2,2,2,2,3,3.0,1.0,3.0,244,8.283279826958102,3
33,No,Travel_Rarely,Research & Development,2,2,Medical,1389,Male,1,Sales Executive,Single,24400,0.0,18,3,4.0,4,3,0,2,3,3,3.0,4.0,4.0,231,6.789918229918231,4
19,Yes,Travel_Rarely,Research & Development,8,2,Life Sciences,1390,Male,2,Sales Executive,Single,159720,1.0,21,0,1.0,2,1,1,0,3,4,2.0,4.0,2.0,231,7.208066378066378,3
46,No,Travel_Rarely,Research & Development,10,3,Technical Degree,1391,Female,2,Laboratory Technician,Divorced,153790,1.0,12,0,24.0,1,24,15,7,1,3,2.0,1.0,3.0,235,6.921690307328605,3
38,No,Travel_Rarely,Sales,4,4,Life Sciences,1392,Male,1,Manufacturing Director,Single,70820,1.0,14,0,2.0,3,2,2,1,4,3,3.0,4.0,3.0,239,7.930844955834494,3
31,No,Travel_Rarely,Sales,2,5,Life Sciences,1393,Male,2,Sales Representative,Married,27280,8.0,11,0,7.0,3,4,0,2,4,3,3.0,4.0,3.0,237,10.362566807313646,3
34,No,Travel_Rarely,Sales,9,3,Marketing,1394,Female,2,Manager,Single,53680,2.0,14,1,9.0,2,3,1,2,3,3,4.0,2.0,3.0,240,6.2477789351851865,3
41,Yes,Travel_Rarely,Research & Development,18,4,Life Sciences,1395,Male,5,Laboratory Technician,Single,53470,1.0,24,1,4.0,1,4,0,2,3,4,2.0,2.0,2.0,245,10.120157596371882,3
50,No,Travel_Rarely,Sales,19,4,Marketing,1396,Male,3,Sales Executive,Married,31950,2.0,11,0,5.0,4,3,0,2,2,3,3.0,3.0,2.0,230,6.780491545893723,4
53,No,Travel_Rarely,Sales,1,2,Life Sciences,1397,Male,1,Manager,Divorced,39890,1.0,13,0,5.0,2,4,1,3,3,3,4.0,1.0,3.0,238,6.116384220354812,3
33,No,Travel_Rarely,Research & Development,4,3,Life Sciences,1398,Male,1,Human Resources,Married,33060,1.0,11,3,8.0,6,8,1,6,1,3,4.0,2.0,3.0,245,7.52175736961451,3
40,No,Travel_Rarely,Research & Development,11,3,Life Sciences,1399,Female,2,Sales Executive,Married,70050,1.0,20,2,21.0,2,20,9,9,3,4,4.0,3.0,3.0,236,6.206365348399247,3
55,No,Travel_Rarely,Research & Development,6,1,Life Sciences,1400,Female,2,Laboratory Technician,Single,26550,8.0,17,0,36.0,0,24,2,15,2,3,3.0,2.0,3.0,235,6.105050827423169,3
34,No,Travel_Frequently,Human Resources,7,4,Other,1401,Female,1,Research Scientist,Married,13930,1.0,11,2,10.0,4,10,1,9,4,3,4.0,3.0,2.0,227,6.800573910915323,3
51,No,Travel_Rarely,Human Resources,4,2,Human Resources,1402,Male,2,Sales Representative,Single,25700,3.0,18,0,21.0,2,7,1,0,3,3,4.0,2.0,3.0,232,7.393497365900381,3
52,No,Travel_Rarely,Research & Development,2,4,Medical,1403,Female,2,Sales Representative,Married,35370,0.0,11,1,34.0,3,33,11,9,3,3,3.0,3.0,3.0,228,6.301128167641323,3
27,No,Travel_Rarely,Sales,15,3,Marketing,1404,Male,1,Research Scientist,Single,39860,1.0,12,2,7.0,3,7,0,3,3,3,4.0,2.0,2.0,236,7.527982580037662,3
35,Yes,Travel_Rarely,Research & Development,2,4,Life Sciences,1405,Female,2,Research Director,Married,108830,3.0,12,0,8.0,3,1,0,1,4,3,2.0,3.0,3.0,239,8.994780334728029,3
43,No,Non-Travel,Research & Development,6,2,Medical,1406,Male,1,Healthcare Representative,Divorced,20280,4.0,20,1,7.0,2,5,2,2,2,4,4.0,4.0,4.0,238,8.013822362278248,3
45,No,Non-Travel,Research & Development,9,2,Medical,1407,Female,1,Sales Executive,Married,95250,9.0,19,0,22.0,3,20,11,8,3,3,1.0,4.0,3.0,228,6.1810977095516595,4
37,No,Travel_Rarely,Research & Development,7,3,Life Sciences,1408,Female,1,Research Scientist,Married,29290,1.0,12,0,8.0,2,8,1,7,1,3,2.0,1.0,3.0,238,10.127794117647053,3
35,No,Travel_Frequently,Research & Development,1,3,Other,1409,Male,2,Research Director,Single,22750,5.0,13,0,10.0,2,6,1,2,4,3,2.0,2.0,3.0,229,6.0929427462396895,3
42,No,Non-Travel,Research & Development,1,1,Technical Degree,1410,Male,2,Sales Executive,Divorced,78790,2.0,11,1,11.0,2,5,0,2,3,3,3.0,3.0,3.0,228,6.402202729044832,4
38,No,Travel_Rarely,Sales,8,2,Marketing,1411,Male,5,Research Scientist,Married,49300,9.0,14,0,14.0,0,1,0,0,3,3,4.0,3.0,3.0,226,6.292136184857427,4
38,No,Travel_Rarely,Human Resources,25,1,Human Resources,1412,Female,1,Manufacturing Director,Married,78470,3.0,14,1,9.0,3,7,1,7,4,3,4.0,4.0,1.0,239,7.263687819618778,3
27,No,Travel_Frequently,Research & Development,13,4,Medical,1413,Male,1,Manager,Married,44010,5.0,13,0,6.0,4,2,2,0,2,3,3.0,1.0,3.0,231,6.517461519961518,3
49,No,Non-Travel,Research & Development,23,1,Other,1414,Female,2,Sales Executive,Divorced,92410,1.0,19,1,7.0,5,7,1,7,3,3,4.0,4.0,3.0,246,9.593414634146345,3
34,No,Travel_Frequently,Research & Development,7,2,Medical,1415,Male,4,Sales Representative,Divorced,29740,1.0,23,0,5.0,2,5,2,0,3,4,4.0,3.0,4.0,232,10.511366139846743,3
40,No,Travel_Rarely,Research & Development,23,3,Medical,1416,Female,1,Laboratory Technician,Married,45020,8.0,12,2,15.0,0,7,3,7,2,3,3.0,4.0,4.0,237,10.400718471636196,3
38,Yes,Travel_Rarely,Sales,6,4,Life Sciences,1417,Female,3,Research Scientist,Married,107480,7.0,15,0,17.0,3,1,0,0,3,3,2.0,1.0,3.0,235,8.369604018912531,3
29,Yes,Travel_Rarely,Sales,10,2,Life Sciences,1418,Female,2,Research Scientist,Married,15550,1.0,19,2,10.0,2,10,1,9,3,3,2.0,4.0,2.0,242,6.7061007805326,3
22,No,Travel_Rarely,Research & Development,1,3,Life Sciences,1419,Female,4,Healthcare Representative,Divorced,129360,1.0,11,2,4.0,3,4,2,2,3,3,4.0,2.0,2.0,240,8.528221064814822,3
36,No,Travel_Frequently,Research & Development,1,3,Life Sciences,1420,Female,2,Laboratory Technician,Single,23050,1.0,17,0,8.0,3,8,1,7,3,3,2.0,4.0,3.0,231,7.500751563251563,3
40,No,Non-Travel,Research & Development,28,2,Life Sciences,1421,Male,1,Manufacturing Director,Married,167040,9.0,22,0,5.0,2,3,0,2,4,4,4.0,4.0,1.0,226,6.091838741396267,3
46,No,Travel_Rarely,Research & Development,25,1,Medical,1422,Male,5,Research Scientist,Divorced,34330,7.0,18,0,17.0,3,4,0,3,3,3,4.0,1.0,3.0,229,5.9850836972343515,4
32,Yes,Travel_Rarely,Research & Development,5,3,Medical,1423,Male,1,Healthcare Representative,Married,34770,1.0,11,0,14.0,2,14,9,8,4,3,4.0,4.0,2.0,237,7.782491795593058,3
30,No,Non-Travel,Research & Development,17,4,Life Sciences,1424,Male,2,Healthcare Representative,Single,64300,1.0,12,1,12.0,2,11,5,8,2,3,3.0,3.0,3.0,237,7.985305907172991,4
27,No,Travel_Frequently,Research & Development,18,2,Medical,1425,Female,1,Laboratory Technician,Single,65160,1.0,19,1,7.0,4,7,0,7,3,3,4.0,3.0,3.0,227,6.198006607929518,3
51,No,Travel_Rarely,Research & Development,2,1,Medical,1426,Female,1,Manufacturing Director,Married,39070,5.0,13,0,16.0,2,10,4,7,3,3,2.0,2.0,1.0,237,6.70263713080169,3
30,Yes,Travel_Rarely,Research & Development,10,4,Life Sciences,1427,Female,2,Research Scientist,Single,55620,5.0,13,0,8.0,3,5,0,4,2,3,4.0,1.0,3.0,230,8.525496376811592,3
41,No,Travel_Rarely,Research & Development,1,3,Life Sciences,1428,Male,2,Human Resources,Single,68830,3.0,19,2,16.0,3,1,0,0,2,3,4.0,4.0,3.0,232,9.09039870689655,3
30,Yes,Travel_Frequently,Sales,3,2,Medical,1429,Male,2,Healthcare Representative,Single,28620,5.0,14,0,9.0,2,6,0,1,2,3,3.0,1.0,2.0,232,7.0080280172413785,3
29,Yes,Travel_Rarely,Research & Development,2,3,Life Sciences,1430,Male,1,Sales Executive,Single,49780,0.0,13,0,7.0,3,6,1,5,2,3,3.0,3.0,2.0,240,7.785265046296293,3
45,No,Non-Travel,Research & Development,2,3,Medical,1431,Female,2,Research Scientist,Single,103680,6.0,12,2,23.0,2,19,12,8,3,3,4.0,4.0,3.0,229,6.593532265890344,4
54,No,Travel_Rarely,Sales,8,2,Marketing,1432,Female,2,Laboratory Technician,Married,61340,2.0,19,0,16.0,2,6,0,5,2,3,4.0,1.0,3.0,231,6.422204184704185,3
36,No,Travel_Rarely,Research & Development,16,4,Life Sciences,1433,Male,1,Healthcare Representative,Single,67350,8.0,25,2,16.0,3,13,3,7,2,4,4.0,2.0,4.0,245,7.587336734693873,3
33,No,Travel_Rarely,Sales,9,1,Other,1434,Female,3,Sales Executive,Married,32950,6.0,22,2,7.0,2,3,1,1,3,4,3.0,2.0,3.0,242,7.494024334251602,3
37,No,Travel_Frequently,Sales,2,4,Life Sciences,1435,Male,2,Laboratory Technician,Divorced,52380,1.0,15,1,10.0,5,10,0,7,3,3,2.0,4.0,3.0,240,10.134707175925922,3
38,No,Travel_Rarely,Research & Development,1,2,Medical,1436,Male,4,Laboratory Technician,Divorced,64720,0.0,12,0,17.0,4,16,5,13,3,3,1.0,3.0,2.0,233,6.884387219837862,3
31,No,Non-Travel,Sales,4,1,Medical,1437,Female,3,Research Scientist,Married,96100,0.0,11,1,6.0,2,5,1,4,2,3,3.0,3.0,3.0,243,5.994058070416096,3
59,No,Travel_Rarely,Research & Development,5,3,Life Sciences,1438,Female,3,Manager,Married,198330,3.0,13,0,7.0,2,1,0,0,3,3,3.0,4.0,3.0,240,6.183065972222224,3
37,No,Travel_Frequently,Sales,2,3,Marketing,1439,Female,2,Laboratory Technician,Divorced,97560,4.0,19,0,13.0,2,9,5,8,3,3,1.0,4.0,3.0,242,6.952933884297523,3
29,No,Travel_Frequently,Sales,15,4,Medical,1440,Female,1,Sales Executive,Married,49680,1.0,19,3,11.0,4,11,4,1,3,3,2.0,4.0,3.0,238,6.316933940242764,3
35,No,Travel_Frequently,Research & Development,19,3,Life Sciences,1441,Female,1,Sales Executive,Single,21450,1.0,13,0,10.0,6,10,0,8,2,3,3.0,3.0,4.0,242,5.994657943067038,3
29,Yes,Travel_Rarely,Research & Development,7,1,Life Sciences,1442,Female,1,Research Scientist,Single,21800,1.0,21,0,4.0,2,4,0,1,3,4,3.0,4.0,2.0,239,8.35352742910274,3
52,No,Travel_Rarely,Research & Development,1,2,Medical,1443,Female,4,Manager,Single,83460,7.0,14,0,6.0,5,2,2,2,3,3,3.0,4.0,2.0,239,7.40639586238959,3
42,No,Travel_Rarely,Research & Development,7,4,Life Sciences,1444,Female,2,Sales Executive,Married,34450,1.0,11,2,22.0,2,22,11,15,3,3,3.0,4.0,3.0,234,6.369136989553657,3
59,No,Travel_Rarely,Research & Development,4,4,Technical Degree,1445,Male,1,Healthcare Representative,Married,27600,8.0,11,0,7.0,3,2,2,2,4,3,2.0,3.0,2.0,231,6.719878547378543,4
50,No,Travel_Rarely,Research & Development,11,2,Life Sciences,1446,Male,2,Sales Executive,Divorced,62940,3.0,23,1,32.0,2,7,0,6,4,4,4.0,4.0,2.0,232,7.7046108716475095,3
33,Yes,Travel_Rarely,Sales,11,4,Marketing,1447,Male,1,Research Scientist,Married,71400,5.0,21,0,8.0,2,5,0,4,2,4,3.0,4.0,1.0,231,10.884872534872539,3
43,No,Travel_Rarely,Sales,1,3,Marketing,1448,Female,2,Manufacturing Director,Married,29320,5.0,24,0,22.0,3,17,1,9,3,4,4.0,4.0,3.0,232,9.287386254789272,3
33,Yes,Travel_Rarely,Sales,1,3,Life Sciences,1449,Male,2,Manager,Married,51470,7.0,11,0,13.0,2,9,1,7,3,3,1.0,1.0,4.0,240,7.0990972222222215,3
52,No,Non-Travel,Research & Development,2,3,Technical Degree,1450,Male,1,Sales Executive,Single,45070,1.0,14,0,33.0,3,33,15,12,2,3,1.0,3.0,4.0,236,8.798592278719394,3
32,No,Travel_Rarely,Human Resources,13,4,Life Sciences,1451,Female,3,Manufacturing Director,Married,85640,2.0,16,1,6.0,2,4,1,2,2,3,3.0,2.0,3.0,245,7.992846938775514,3
32,Yes,Travel_Rarely,Sales,23,1,Life Sciences,1452,Male,3,Healthcare Representative,Single,24680,0.0,11,0,4.0,2,3,1,2,3,3,4.0,3.0,1.0,240,10.195875,4
39,No,Travel_Rarely,Sales,26,4,Life Sciences,1453,Male,2,Research Director,Divorced,81610,7.0,12,1,7.0,2,3,1,2,4,3,3.0,3.0,3.0,238,6.318844537815124,4
32,No,Non-Travel,Sales,2,4,Marketing,1454,Male,4,Research Scientist,Married,21090,0.0,13,1,4.0,3,3,2,2,2,3,3.0,4.0,3.0,240,6.2367129629629625,3
41,No,Travel_Rarely,Sales,29,3,Life Sciences,1455,Female,2,Laboratory Technician,Divorced,52940,2.0,15,0,17.0,3,1,0,0,2,3,3.0,1.0,2.0,243,6.114475308641974,3
40,No,Travel_Rarely,Research & Development,2,3,Life Sciences,1456,Male,1,Manufacturing Director,Divorced,27180,1.0,14,1,9.0,4,9,4,7,2,3,1.0,4.0,3.0,241,7.430190179806361,3
45,No,Travel_Rarely,Research & Development,18,1,Life Sciences,1457,Female,2,Sales Representative,Married,58110,0.0,14,0,25.0,4,24,1,7,2,3,3.0,4.0,3.0,235,6.911509456264773,3
31,No,Travel_Frequently,Research & Development,7,4,Medical,1458,Male,1,Research Scientist,Divorced,24370,9.0,14,1,9.0,3,2,2,2,4,3,2.0,3.0,3.0,236,7.313733521657253,3
33,No,Travel_Rarely,Research & Development,2,4,Life Sciences,1459,Female,1,Sales Executive,Married,27660,1.0,12,1,2.0,2,2,0,2,3,3,3.0,4.0,2.0,228,6.785834551656924,4
34,No,Travel_Rarely,Research & Development,26,3,Other,1460,Female,1,Sales Executive,Married,190380,6.0,13,0,13.0,3,11,5,9,2,3,4.0,1.0,3.0,235,6.431916075650114,3
37,No,Travel_Rarely,Research & Development,22,5,Medical,1461,Female,2,Manufacturing Director,Married,30550,2.0,14,3,17.0,3,3,0,2,3,3,3.0,1.0,2.0,234,7.563755935422608,3
45,No,Travel_Frequently,Sales,21,1,Marketing,1462,Male,3,Research Scientist,Married,22890,4.0,13,0,9.0,3,3,0,2,2,3,1.0,3.0,3.0,228,8.010291179337234,3
37,Yes,Travel_Frequently,Sales,2,3,Marketing,1463,Male,1,Laboratory Technician,Divorced,40010,6.0,11,1,17.0,2,1,0,0,3,3,1.0,3.0,3.0,231,7.120705868205867,3
39,No,Travel_Frequently,Research & Development,22,3,Medical,1464,Female,1,Manufacturing Director,Single,129650,0.0,19,1,20.0,2,19,11,8,3,3,3.0,3.0,3.0,232,7.388473419540229,3
29,No,Travel_Rarely,Sales,4,3,Other,1465,Female,2,Human Resources,Single,35390,1.0,18,0,6.0,2,6,1,5,2,3,3.0,4.0,3.0,239,7.298881915388194,3
42,No,Travel_Rarely,Research & Development,5,4,Medical,1466,Female,1,Research Scientist,Single,60290,3.0,17,1,10.0,5,3,0,2,3,3,4.0,1.0,3.0,242,8.485629017447197,3
29,No,Travel_Rarely,Research & Development,2,4,Medical,1467,Male,1,Laboratory Technician,Divorced,26790,2.0,15,0,10.0,2,3,0,2,2,3,4.0,4.0,3.0,236,6.099508003766477,3
25,No,Travel_Rarely,Research & Development,25,2,Life Sciences,1468,Male,2,Sales Executive,Married,37020,0.0,20,0,5.0,4,4,1,2,3,4,1.0,3.0,3.0,243,7.696410608139005,3
42,No,Travel_Rarely,Sales,18,2,Medical,1469,Male,1,Laboratory Technician,Divorced,23980,0.0,14,1,10.0,2,9,7,8,2,3,4.0,4.0,3.0,246,9.515560072267382,3
40,No,Travel_Rarely,Research & Development,28,3,Medical,1470,Male,2,Laboratory Technician,Divorced,54680,0.0,12,0,22.0,6,21,3,9,4,3,1.0,3.0,3.0,228,7.036408382066277,3
51,No,Travel_Rarely,Sales,6,2,Life Sciences,1471,Female,1,Healthcare Representative,Married,131160,1.0,11,0,1.0,6,1,0,0,3,3,3.0,4.0,3.0,233,7.409417024320456,3
31,Yes,Travel_Frequently,Research & Development,10,1,Life Sciences,1472,Female,1,Research Scientist,Single,41890,0.0,23,1,6.0,3,5,1,4,2,4,3.0,2.0,4.0,231,7.658033910533913,4
32,No,Travel_Frequently,Research & Development,17,4,Other,1473,Male,4,Sales Executive,Married,193280,1.0,15,3,5.0,2,5,0,3,3,3,2.0,2.0,1.0,241,6.987566851083452,3
38,No,Non-Travel,Research & Development,2,5,Life Sciences,1474,Male,3,Human Resources,Married,83210,3.0,11,3,13.0,5,8,7,5,2,3,4.0,4.0,3.0,231,7.204082491582491,3
32,No,Travel_Rarely,Research & Development,10,1,Medical,1475,Male,1,Sales Executive,Single,23420,4.0,12,2,9.0,2,6,0,4,3,3,4.0,1.0,3.0,229,8.008520135856381,3
46,No,Travel_Rarely,Research & Development,8,3,Life Sciences,1476,Female,4,Research Director,Married,40710,3.0,13,0,28.0,5,7,7,7,3,3,3.0,2.0,2.0,233,10.774994039103477,4
28,Yes,Travel_Rarely,Research & Development,11,2,Medical,1477,Male,2,Sales Executive,Single,58130,2.0,20,1,5.0,2,0,0,0,3,4,3.0,3.0,1.0,228,6.909532163742693,3
29,No,Travel_Rarely,Research & Development,18,3,Life Sciences,1478,Male,2,Sales Executive,Married,31430,2.0,22,3,10.0,2,0,0,0,3,4,1.0,2.0,3.0,237,6.717725035161748,4
31,No,Travel_Rarely,Research & Development,1,3,Life Sciences,1479,Male,3,Laboratory Technician,Married,20440,0.0,21,0,10.0,2,9,7,8,3,4,2.0,4.0,3.0,228,7.214617446393755,3
25,No,Non-Travel,Research & Development,7,4,Medical,1480,Female,4,Laboratory Technician,Divorced,134640,1.0,13,1,6.0,2,6,1,5,3,3,2.0,1.0,3.0,233,7.128381020505486,3
45,No,Travel_Rarely,Research & Development,17,2,Medical,1481,Male,2,Laboratory Technician,Married,79910,0.0,13,2,21.0,2,20,4,10,2,3,3.0,4.0,3.0,230,8.398237922705322,3
36,No,Travel_Rarely,Research & Development,28,1,Life Sciences,1482,Male,1,Laboratory Technician,Married,33770,0.0,12,2,16.0,2,15,10,11,3,3,4.0,4.0,3.0,233,7.075151406771577,3
55,No,Travel_Rarely,Research & Development,14,4,Life Sciences,1483,Female,1,Sales Executive,Single,55380,0.0,17,0,37.0,2,36,4,13,3,3,4.0,1.0,3.0,241,9.295658137390499,3
47,Yes,Non-Travel,Research & Development,1,1,Medical,1484,Male,1,Research Scientist,Married,57620,1.0,11,2,10.0,4,10,9,9,2,3,1.0,2.0,2.0,242,9.446140955004589,3
28,No,Travel_Rarely,Research & Development,1,3,Life Sciences,1485,Male,1,Manufacturing Director,Married,25920,1.0,14,0,5.0,2,5,0,4,3,3,4.0,4.0,2.0,230,6.116240338164252,3
37,No,Travel_Rarely,Research & Development,1,3,Life Sciences,1486,Male,2,Healthcare Representative,Married,53460,4.0,11,0,7.0,2,5,0,1,3,3,3.0,4.0,4.0,243,6.704287837219939,3
21,No,Travel_Rarely,Research & Development,3,2,Life Sciences,1487,Male,1,Laboratory Technician,Single,42130,1.0,12,3,3.0,3,3,1,0,2,3,4.0,3.0,4.0,236,6.604979990583809,3
37,No,Non-Travel,Research & Development,1,3,Medical,1488,Male,2,Sales Executive,Divorced,41270,2.0,13,1,15.0,2,5,0,2,3,3,1.0,4.0,3.0,237,11.019594467885607,3
35,No,Travel_Rarely,Sales,7,4,Life Sciences,1489,Male,1,Sales Representative,Divorced,24380,7.0,16,0,10.0,5,7,6,2,2,3,2.0,2.0,2.0,231,6.984722222222223,3
38,No,Travel_Rarely,Research & Development,8,3,Life Sciences,1490,Female,1,Manager,Divorced,68700,1.0,11,1,8.0,5,8,7,7,3,3,1.0,1.0,3.0,242,9.286795224977043,3
26,No,Travel_Frequently,Research & Development,1,4,Other,1491,Male,2,Laboratory Technician,Divorced,104470,1.0,18,0,6.0,3,6,1,4,3,3,3.0,2.0,1.0,241,7.601738128169665,3
50,No,Travel_Rarely,Sales,8,4,Life Sciences,1492,Male,1,Research Scientist,Divorced,96670,3.0,23,0,28.0,2,10,1,6,2,4,1.0,2.0,2.0,240,5.977067129629633,3
53,No,Travel_Rarely,Research & Development,11,4,Life Sciences,1493,Female,2,Research Scientist,Married,21480,3.0,11,0,21.0,2,5,1,3,3,3,3.0,3.0,2.0,237,8.413626347866856,3
42,No,Travel_Rarely,Research & Development,4,4,Life Sciences,1494,Male,1,Manufacturing Director,Married,89260,1.0,14,0,20.0,4,20,11,6,1,3,2.0,3.0,3.0,230,6.7888333333333355,3
29,No,Travel_Frequently,Research & Development,16,4,Medical,1495,Male,1,Laboratory Technician,Single,65130,1.0,11,1,10.0,2,10,0,9,3,3,2.0,4.0,2.0,240,7.06223611111111,3
55,No,Travel_Rarely,Research & Development,1,4,Other,1496,Female,1,Research Scientist,Married,67990,3.0,11,0,12.0,2,10,0,8,3,3,2.0,4.0,3.0,232,9.410524425287354,3
26,No,Travel_Frequently,Research & Development,9,3,Life Sciences,1497,Female,1,Manager,Married,162910,1.0,22,0,5.0,3,5,3,3,3,4,1.0,1.0,3.0,237,11.014791373652141,3
37,No,Travel_Rarely,Sales,5,1,Marketing,1498,Male,1,Research Scientist,Single,27050,1.0,11,0,17.0,2,17,5,7,3,3,4.0,4.0,3.0,233,7.6290009537434464,3
44,Yes,Travel_Frequently,Research & Development,1,2,Medical,1499,Male,2,Research Scientist,Divorced,103330,3.0,14,1,19.0,2,1,0,0,2,3,4.0,3.0,1.0,231,11.000575998076005,3
38,No,Travel_Rarely,Sales,2,3,Marketing,1500,Female,1,Manager,Divorced,44480,9.0,12,0,10.0,3,2,1,2,2,3,4.0,4.0,3.0,242,6.820862029384758,3
26,Yes,Travel_Rarely,Research & Development,4,3,Medical,1501,Male,3,Research Scientist,Divorced,68540,2.0,11,0,5.0,5,3,0,2,2,3,1.0,2.0,3.0,233,10.109967811158798,3
28,No,Travel_Rarely,Research & Development,7,3,Other,1502,Male,1,Human Resources,Single,96370,1.0,13,0,5.0,6,5,0,2,2,3,4.0,4.0,3.0,244,6.702303051001823,3
49,No,Travel_Frequently,Research & Development,1,1,Medical,1503,Female,2,Research Scientist,Single,35910,9.0,13,0,22.0,2,3,1,2,3,3,3.0,1.0,3.0,242,10.487479338842972,3
36,No,Travel_Rarely,Sales,5,3,Technical Degree,1504,Male,3,Sales Executive,Single,54050,4.0,14,0,10.0,2,8,7,7,3,3,3.0,2.0,3.0,229,6.193597768073749,3
31,No,Travel_Frequently,Research & Development,9,4,Medical,1505,Male,1,Sales Executive,Divorced,46840,1.0,16,1,2.0,4,2,2,2,3,3,4.0,2.0,2.0,235,6.607998817966906,3
26,Yes,Travel_Rarely,Research & Development,8,3,Medical,1506,Male,2,Manager,Single,157870,1.0,12,2,8.0,5,8,7,4,3,3,4.0,4.0,3.0,247,10.260264282501128,3
37,No,Travel_Frequently,Sales,9,1,Marketing,1507,Male,1,Laboratory Technician,Married,15140,1.0,14,0,4.0,3,4,1,2,3,3,2.0,4.0,2.0,243,9.995476680384087,3
42,No,Travel_Frequently,Sales,2,2,Marketing,1508,Male,3,Research Director,Married,29560,5.0,13,0,23.0,2,20,4,8,3,3,3.0,2.0,4.0,238,5.992563025210082,3
18,Yes,Travel_Rarely,Research & Development,1,4,Life Sciences,1509,Male,1,Sales Executive,Single,23350,1.0,14,2,0.0,3,0,0,0,2,3,3.0,3.0,3.0,232,6.816210488505749,4
35,No,Travel_Rarely,Sales,20,2,Life Sciences,1510,Male,1,Laboratory Technician,Married,51540,0.0,19,0,12.0,2,11,6,9,2,3,3.0,2.0,2.0,232,7.720096982758621,3
36,No,Travel_Frequently,Research & Development,8,3,Other,1511,Female,3,Sales Executive,Married,69620,4.0,12,2,4.0,2,1,0,0,2,3,3.0,4.0,3.0,232,7.185832136015325,3
51,No,Travel_Rarely,Research & Development,2,3,Life Sciences,1512,Male,2,Laboratory Technician,Divorced,56750,5.0,13,0,13.0,2,4,1,2,2,3,4.0,2.0,3.0,230,7.571935990338166,4
41,No,Travel_Rarely,Research & Development,29,1,Life Sciences,1513,Male,1,Laboratory Technician,Single,23790,1.0,12,0,22.0,6,22,0,4,3,3,4.0,2.0,3.0,230,6.877735507246373,3
18,No,Travel_Rarely,Sales,7,3,Life Sciences,1514,Male,1,Research Scientist,Single,38120,1.0,15,0,0.0,3,0,0,0,3,3,4.0,3.0,3.0,238,6.992057656395893,3
28,No,Travel_Rarely,Research & Development,9,3,Medical,1515,Male,1,Sales Representative,Single,46480,0.0,23,2,9.0,2,8,0,7,2,4,2.0,1.0,3.0,243,7.170924782807498,3
31,No,Travel_Rarely,Research & Development,8,1,Technical Degree,1516,Male,1,Manufacturing Director,Married,29360,4.0,12,1,10.0,2,8,7,7,3,3,2.0,4.0,2.0,233,7.164225083452544,3
39,No,Travel_Rarely,Sales,5,4,Marketing,1517,Female,2,Human Resources,Divorced,21050,0.0,20,0,19.0,3,18,3,7,3,4,3.0,4.0,2.0,232,7.60383141762452,3
36,No,Non-Travel,Research & Development,5,4,Life Sciences,1518,Male,1,Sales Executive,Married,85780,7.0,21,0,10.0,4,9,0,8,3,4,2.0,2.0,3.0,231,7.8176130351130375,3
32,No,Travel_Rarely,Sales,2,3,Marketing,1519,Male,2,Laboratory Technician,Married,27060,1.0,21,1,13.0,4,13,4,8,3,4,4.0,3.0,2.0,229,6.989849587578846,3
38,No,Travel_Rarely,Research & Development,5,2,Life Sciences,1520,Female,3,Research Scientist,Married,63840,3.0,19,2,19.0,4,10,0,1,2,3,1.0,2.0,3.0,227,6.9034973078805715,3
58,No,Non-Travel,Research & Development,2,3,Life Sciences,1521,Male,2,Manufacturing Director,Divorced,39680,2.0,13,2,12.0,3,5,1,2,2,3,4.0,3.0,3.0,237,10.92023792780122,3
31,No,Travel_Rarely,Research & Development,20,1,Technical Degree,1522,Female,3,Research Scientist,Married,99070,2.0,13,1,6.0,3,5,0,3,2,3,3.0,4.0,3.0,245,9.106765306122444,3
31,No,Travel_Rarely,Sales,7,4,Marketing,1523,Male,2,Sales Executive,Married,132250,3.0,21,1,9.0,2,2,1,0,3,4,1.0,1.0,3.0,229,6.793423095584667,3
45,No,Travel_Frequently,Research & Development,3,1,Medical,1524,Female,1,Sales Executive,Divorced,35400,1.0,13,0,24.0,6,24,9,11,3,3,1.0,1.0,3.0,242,7.290649678604226,3
31,No,Travel_Rarely,Sales,16,4,Marketing,1525,Female,2,Research Scientist,Divorced,28040,0.0,19,2,3.0,0,2,2,2,3,3,3.0,4.0,1.0,241,8.603252650991243,3
33,No,Travel_Frequently,Research & Development,9,3,Life Sciences,1526,Male,4,Research Director,Married,193920,6.0,12,1,12.0,3,10,8,8,3,3,4.0,2.0,3.0,234,6.794387464387464,3
39,No,Travel_Rarely,Sales,1,4,Life Sciences,1527,Male,1,Sales Executive,Married,196650,1.0,22,1,21.0,6,21,11,10,3,4,3.0,1.0,3.0,239,10.980500929800098,3
43,No,Travel_Frequently,Research & Development,7,4,Medical,1528,Male,4,Research Scientist,Single,24390,0.0,15,0,9.0,2,8,1,7,3,3,3.0,4.0,3.0,243,7.72498971193416,3
49,No,Travel_Rarely,Research & Development,1,3,Life Sciences,1529,Male,3,Manufacturing Director,Single,73140,7.0,22,0,25.0,2,7,0,7,3,4,3.0,3.0,3.0,242,9.971033057851246,4
52,Yes,Travel_Rarely,Research & Development,7,1,Life Sciences,1530,Female,2,Research Scientist,Married,47740,2.0,18,1,11.0,2,8,7,7,3,3,3.0,2.0,2.0,241,7.877022821576764,3
27,No,Travel_Rarely,Research & Development,15,4,Medical,1531,Male,3,Research Scientist,Single,39020,1.0,22,0,4.0,2,4,1,2,3,4,3.0,2.0,2.0,245,10.713731292517004,3
32,No,Travel_Rarely,Research & Development,1,3,Life Sciences,1532,Male,3,Research Scientist,Married,26620,1.0,11,1,13.0,6,13,11,9,4,3,3.0,2.0,3.0,230,10.537320048309182,3
27,No,Travel_Rarely,Research & Development,13,2,Medical,1533,Female,4,Research Director,Single,28560,1.0,12,2,5.0,5,5,0,4,4,3,4.0,3.0,3.0,244,10.10112591074682,3
31,No,Travel_Rarely,Sales,24,3,Life Sciences,1534,Male,2,Healthcare Representative,Divorced,10810,4.0,11,3,13.0,4,7,1,7,4,3,4.0,4.0,3.0,234,6.600159069325737,3
32,No,Travel_Rarely,Research & Development,7,3,Technical Degree,1535,Male,2,Healthcare Representative,Single,24720,7.0,13,0,10.0,2,7,0,7,3,3,1.0,4.0,2.0,229,7.516145075206211,3
28,Yes,Travel_Rarely,Research & Development,9,4,Medical,1536,Male,1,Sales Executive,Married,56730,5.0,14,1,5.0,4,3,2,2,2,3,1.0,4.0,2.0,230,10.711125603864735,3
30,No,Travel_Rarely,Research & Development,13,3,Life Sciences,1537,Female,4,Research Director,Married,41970,1.0,13,0,11.0,3,10,1,9,3,3,4.0,4.0,3.0,235,6.202911347517733,3
31,No,Travel_Frequently,Research & Development,2,1,Life Sciences,1538,Female,1,Manager,Married,97130,1.0,17,0,10.0,5,10,8,9,2,3,3.0,3.0,3.0,232,6.608437499999998,3
39,No,Travel_Frequently,Research & Development,19,4,Medical,1539,Female,1,Research Scientist,Married,20620,1.0,13,0,21.0,4,21,13,3,3,3,3.0,4.0,3.0,235,6.060223404255318,3
39,Yes,Travel_Rarely,Research & Development,1,1,Medical,1540,Female,1,Laboratory Technician,Married,42840,4.0,17,1,12.0,0,1,0,0,3,3,4.0,3.0,2.0,235,10.006788416075649,3
33,No,Travel_Frequently,Sales,4,2,Life Sciences,1541,Male,4,Research Scientist,Single,47880,3.0,11,1,9.0,0,7,0,1,3,3,2.0,4.0,2.0,232,7.391962404214563,3
47,No,Travel_Rarely,Research & Development,4,3,Life Sciences,1542,Female,2,Healthcare Representative,Married,59060,4.0,23,0,21.0,4,3,1,1,4,4,4.0,3.0,3.0,246,6.526635049683835,3
43,No,Travel_Frequently,Research & Development,14,3,Medical,1543,Female,5,Research Director,Divorced,38860,1.0,17,2,9.0,2,9,0,0,3,3,3.0,3.0,4.0,230,6.352892512077295,3
27,No,Non-Travel,Research & Development,2,3,Life Sciences,1544,Male,1,Research Director,Married,168230,0.0,17,0,6.0,3,5,1,4,3,3,3.0,2.0,3.0,233,9.278894849785406,3
54,No,Travel_Frequently,Research & Development,1,4,Life Sciences,1545,Male,2,Research Scientist,Single,29330,3.0,12,2,20.0,2,4,0,3,3,3,4.0,3.0,2.0,226,6.092101769911503,3
43,No,Travel_Rarely,Research & Development,7,2,Life Sciences,1546,Female,2,Manager,Married,65000,8.0,23,0,10.0,3,1,0,0,3,4,3.0,1.0,2.0,240,7.203633101851848,3
45,No,Travel_Rarely,Sales,3,1,Marketing,1547,Female,1,Sales Executive,Married,171740,9.0,14,1,12.0,6,10,9,8,3,3,4.0,4.0,3.0,244,7.106525500910751,3
40,No,Travel_Rarely,Research & Development,2,4,Other,1548,Male,4,Research Scientist,Married,50330,2.0,14,2,6.0,6,4,0,2,3,3,2.0,4.0,2.0,237,9.90517229254572,3
29,Yes,Travel_Rarely,Research & Development,29,3,Medical,1549,Female,1,Research Scientist,Married,23070,1.0,13,1,7.0,0,7,0,7,3,3,2.0,1.0,2.0,246,10.492057362240287,3
29,No,Travel_Rarely,Human Resources,8,3,Medical,1550,Male,3,Sales Representative,Single,25870,0.0,22,2,4.0,3,3,2,2,3,4,2.0,4.0,3.0,236,6.909123116760829,4
30,No,Travel_Rarely,Research & Development,10,3,Life Sciences,1551,Male,2,Research Scientist,Divorced,55070,1.0,12,2,10.0,2,10,1,2,2,3,4.0,3.0,3.0,236,7.6159945856873765,3
27,No,Travel_Rarely,Research & Development,11,2,Medical,1552,Male,1,Manager,Married,43930,1.0,18,1,8.0,2,8,0,7,2,3,2.0,2.0,3.0,225,6.110617283950619,3
37,No,Travel_Rarely,Sales,1,4,Life Sciences,1553,Male,2,Healthcare Representative,Divorced,133480,7.0,14,0,8.0,4,6,0,4,3,3,4.0,4.0,2.0,240,6.00178935185185,3
38,No,Travel_Rarely,Research & Development,28,4,Medical,1554,Male,1,Laboratory Technician,Divorced,65830,0.0,12,0,12.0,1,11,2,9,3,3,3.0,4.0,3.0,245,9.012154195011338,3
31,No,Travel_Rarely,Research & Development,6,3,Medical,1555,Female,3,Manager,Single,81030,1.0,15,1,11.0,5,11,4,10,3,3,3.0,4.0,2.0,229,10.414085395439107,3
29,No,Travel_Rarely,Research & Development,3,4,Life Sciences,1556,Male,3,Sales Executive,Divorced,39780,1.0,11,0,7.0,0,7,1,7,3,3,4.0,2.0,3.0,231,8.41956349206349,3
35,No,Travel_Rarely,Sales,16,2,Technical Degree,1557,Male,3,Manager,Single,25440,0.0,13,1,17.0,3,16,0,13,4,3,3.0,2.0,3.0,229,7.913552886948085,3
23,No,Travel_Rarely,Research & Development,20,4,Life Sciences,1558,Male,1,Manufacturing Director,Divorced,53990,1.0,23,0,4.0,2,4,0,2,2,4,3.0,4.0,2.0,241,7.066395804518215,3
41,No,Travel_Rarely,Research & Development,9,2,Life Sciences,1559,Female,1,Laboratory Technician,Single,54870,6.0,19,2,8.0,0,5,1,2,3,3,4.0,2.0,3.0,245,9.709064625850353,3
47,No,Travel_Frequently,Sales,1,3,Medical,1560,Female,2,Laboratory Technician,Single,68340,3.0,16,1,5.0,2,0,0,0,4,3,2.0,3.0,3.0,238,7.816196311858081,3
42,No,Travel_Rarely,Research & Development,3,4,Life Sciences,1561,Male,1,Manager,Single,10910,2.0,22,0,16.0,0,1,0,0,1,4,1.0,4.0,3.0,229,6.293512857836004,3
29,No,Non-Travel,Sales,22,4,Marketing,1562,Male,2,Human Resources,Married,57360,1.0,22,0,4.0,1,4,0,2,2,4,4.0,3.0,2.0,237,6.319985935302395,3
42,No,Travel_Rarely,Sales,7,4,Medical,1563,Male,3,Research Scientist,Divorced,22260,0.0,12,1,4.0,3,3,1,0,2,3,3.0,3.0,3.0,231,8.805406445406446,3
32,No,Travel_Rarely,Research & Development,2,3,Medical,1564,Male,2,Research Scientist,Married,57470,1.0,13,0,8.0,0,8,0,7,3,3,3.0,2.0,3.0,243,7.729661636945589,3
48,No,Travel_Rarely,Sales,13,4,Medical,1565,Male,4,Sales Executive,Married,98540,3.0,16,1,15.0,2,0,0,0,2,3,1.0,3.0,1.0,233,7.294775870290892,4
37,No,Travel_Rarely,Research & Development,8,5,Technical Degree,1566,Male,2,Manufacturing Director,Divorced,54670,4.0,12,0,13.0,2,7,6,7,3,3,3.0,1.0,3.0,237,10.80329817158931,3
30,No,Non-Travel,Sales,25,4,Other,1567,Male,1,Healthcare Representative,Married,53800,7.0,21,1,4.0,0,2,2,2,3,4,4.0,3.0,4.0,237,10.4009798406001,3
26,No,Travel_Rarely,Sales,28,3,Medical,1568,Female,5,Laboratory Technician,Married,51510,1.0,15,3,8.0,3,8,7,7,3,3,3.0,3.0,3.0,235,5.976393617021273,3
42,No,Travel_Rarely,Sales,2,2,Medical,1569,Female,1,Laboratory Technician,Single,21330,3.0,13,2,14.0,2,1,0,0,3,3,1.0,4.0,3.0,242,6.097275022956844,3
21,Yes,Travel_Frequently,Research & Development,9,3,Medical,1570,Female,4,Manufacturing Director,Single,178750,1.0,12,0,3.0,5,3,1,2,2,3,1.0,2.0,3.0,242,8.101884756657482,3
36,No,Non-Travel,Human Resources,28,3,Human Resources,1571,Male,2,Laboratory Technician,Single,24320,4.0,22,0,7.0,4,1,0,0,1,4,4.0,4.0,3.0,241,7.292827339787919,3
36,No,Travel_Frequently,Research & Development,6,3,Life Sciences,1572,Female,2,Research Scientist,Married,47710,4.0,13,1,16.0,2,13,1,12,3,3,1.0,4.0,3.0,233,7.077489270386266,3
57,No,Travel_Rarely,Research & Development,21,4,Life Sciences,1573,Male,5,Research Scientist,Married,191610,2.0,18,0,15.0,2,3,1,2,1,3,4.0,3.0,3.0,239,6.31260692701069,3
40,No,Travel_Rarely,Research & Development,8,3,Other,1574,Male,2,Sales Executive,Married,50870,3.0,14,1,10.0,3,7,1,7,3,3,4.0,3.0,3.0,237,8.090185185185181,3
21,No,Non-Travel,Research & Development,1,5,Life Sciences,1575,Female,2,Manager,Single,28630,1.0,14,0,3.0,2,3,2,2,1,3,1.0,4.0,2.0,238,7.978398692810455,3
33,Yes,Travel_Rarely,Human Resources,28,2,Human Resources,1576,Female,5,Manager,Single,55610,1.0,21,1,1.0,3,1,0,0,1,4,4.0,3.0,3.0,242,10.49570821854913,3
37,No,Travel_Rarely,Research & Development,5,3,Life Sciences,1577,Male,4,Research Scientist,Married,21440,6.0,19,0,17.0,3,5,0,3,4,3,3.0,1.0,3.0,240,8.022877314814812,3
46,No,Non-Travel,Sales,2,4,Marketing,1578,Female,2,Laboratory Technician,Married,30650,2.0,11,0,7.0,3,1,0,0,3,3,3.0,3.0,4.0,243,6.114069501600369,3
41,Yes,Travel_Frequently,Research & Development,16,1,Medical,1579,Female,1,Research Scientist,Single,28100,1.0,11,0,8.0,3,8,7,7,4,3,1.0,2.0,3.0,232,7.57326269157088,3
50,No,Travel_Rarely,Research & Development,9,3,Medical,1580,Female,3,Laboratory Technician,Single,98880,6.0,15,0,20.0,2,4,1,3,3,3,4.0,4.0,3.0,245,6.918520408163268,3
40,Yes,Travel_Rarely,Research & Development,8,3,Medical,1581,Female,1,Healthcare Representative,Married,86280,2.0,20,0,8.0,2,6,1,0,2,4,3.0,3.0,3.0,231,9.310365560365554,3
31,No,Travel_Rarely,Research & Development,1,3,Life Sciences,1582,Male,4,Human Resources,Single,28670,0.0,24,0,3.0,5,2,2,2,3,4,3.0,2.0,3.0,230,10.802310386473438,3
21,Yes,Travel_Rarely,Human Resources,10,2,Human Resources,1583,Male,1,Laboratory Technician,Single,53730,1.0,12,1,1.0,2,1,0,0,3,3,3.0,2.0,3.0,241,5.988076302443525,3
29,No,Travel_Rarely,Research & Development,1,3,Life Sciences,1584,Female,2,Research Director,Single,66670,9.0,12,1,6.0,6,3,1,2,4,3,4.0,4.0,3.0,241,7.7854956201014325,3
35,No,Travel_Rarely,Research & Development,29,3,Life Sciences,1585,Female,3,Sales Executive,Single,50030,9.0,15,0,10.0,2,1,0,0,3,3,3.0,2.0,3.0,241,7.712429691101889,3
27,No,Travel_Rarely,Sales,2,3,Life Sciences,1586,Male,1,Sales Executive,Divorced,23670,1.0,12,1,5.0,2,5,0,4,3,3,4.0,2.0,3.0,226,6.210790314650938,3
28,No,Travel_Rarely,Research & Development,2,2,Medical,1587,Male,3,Manager,Single,28580,1.0,12,0,7.0,2,7,0,7,2,3,2.0,4.0,3.0,235,7.085450354609932,3
49,No,Travel_Rarely,Sales,2,3,Technical Degree,1588,Male,2,Manufacturing Director,Single,52040,8.0,14,1,26.0,3,5,0,0,3,3,2.0,3.0,3.0,230,7.795346618357488,3
51,No,Travel_Rarely,Research & Development,1,2,Life Sciences,1589,Male,1,Sales Executive,Married,41050,4.0,22,1,18.0,2,7,0,7,3,4,3.0,4.0,2.0,239,7.5984263133426335,3
36,No,Travel_Rarely,Sales,15,2,Life Sciences,1590,Male,1,Sales Executive,Married,96790,4.0,12,0,6.0,1,2,2,2,3,3,4.0,3.0,3.0,227,6.01031938325991,3
34,Yes,Non-Travel,Research & Development,7,3,Life Sciences,1591,Male,1,Sales Representative,Single,56170,8.0,25,1,9.0,3,5,0,4,3,4,1.0,4.0,2.0,236,9.08493879472693,3
55,No,Travel_Rarely,Sales,26,3,Marketing,1592,Male,1,Laboratory Technician,Single,104480,2.0,13,0,30.0,3,5,1,2,3,3,3.0,4.0,3.0,230,8.690298309178743,3
24,No,Travel_Rarely,Research & Development,1,3,Life Sciences,1593,Female,5,Manager,Divorced,28970,1.0,18,3,5.0,4,5,0,3,3,3,4.0,3.0,4.0,235,10.01432151300237,3
30,No,Travel_Rarely,Research & Development,3,3,Life Sciences,1594,Female,2,Manager,Married,59680,1.0,13,0,1.0,3,1,0,0,3,3,3.0,2.0,3.0,230,6.898669082125604,3
26,Yes,Travel_Frequently,Sales,14,3,Life Sciences,1595,Male,2,Manager,Single,75100,0.0,18,3,7.0,3,6,0,4,3,3,3.0,1.0,3.0,228,7.021446150097462,3
22,No,Travel_Rarely,Research & Development,16,5,Other,1596,Male,1,Research Scientist,Married,29910,1.0,19,2,2.0,3,2,1,2,2,3,1.0,2.0,3.0,231,6.258094035594034,3
36,No,Travel_Rarely,Research & Development,1,3,Medical,1597,Female,5,Healthcare Representative,Married,196360,1.0,12,1,10.0,3,10,9,0,3,3,2.0,3.0,3.0,228,6.3973927875243675,3
30,Yes,Travel_Frequently,Sales,3,2,Marketing,1598,Male,3,Research Scientist,Single,11290,9.0,19,0,3.0,2,1,0,0,2,3,3.0,4.0,3.0,237,8.186094702297233,3
37,No,Travel_Rarely,Research & Development,10,1,Technical Degree,1599,Male,1,Sales Executive,Divorced,133410,1.0,14,1,18.0,3,18,12,17,3,3,4.0,1.0,2.0,239,6.464834960483496,3
40,No,Travel_Rarely,Research & Development,6,2,Medical,1600,Male,3,Research Scientist,Divorced,43320,7.0,14,2,8.0,3,5,1,3,2,3,4.0,2.0,3.0,237,6.675874355368026,3
42,No,Travel_Rarely,Research & Development,2,3,Medical,1601,Female,4,Manager,Divorced,110310,3.0,12,1,8.0,2,5,1,2,2,3,2.0,1.0,3.0,232,7.480514846743296,3
37,No,Travel_Rarely,Sales,9,1,Marketing,1602,Male,3,Sales Executive,Single,44400,2.0,11,1,18.0,3,1,0,1,2,3,3.0,2.0,2.0,243,9.921687242798361,3
43,No,Travel_Rarely,Sales,10,2,Life Sciences,1603,Female,1,Sales Executive,Divorced,46170,1.0,11,0,25.0,2,25,3,9,3,3,1.0,2.0,3.0,228,7.356879873294342,3
40,No,Travel_Rarely,Sales,6,2,Life Sciences,1604,Female,1,Laboratory Technician,Married,26470,6.0,13,0,20.0,2,1,0,0,2,3,2.0,3.0,3.0,233,7.508689794945156,3
54,No,Travel_Rarely,Human Resources,9,3,Life Sciences,1605,Female,2,Manufacturing Director,Married,63230,4.0,23,1,24.0,2,4,1,2,2,4,1.0,1.0,2.0,238,5.975955882352942,3
34,No,Non-Travel,Research & Development,28,3,Medical,1606,Male,1,Laboratory Technician,Married,56770,9.0,20,1,6.0,3,3,1,2,3,4,3.0,3.0,3.0,245,6.872604308390022,3
31,No,Travel_Rarely,Research & Development,10,4,Life Sciences,1607,Male,3,Sales Executive,Married,21870,1.0,15,1,13.0,2,13,3,12,2,3,2.0,1.0,1.0,244,6.074269125683055,4
43,No,Travel_Frequently,Sales,14,3,Life Sciences,1608,Female,1,Manufacturing Director,Married,37480,7.0,14,2,8.0,3,3,1,2,2,3,4.0,4.0,3.0,241,7.727606039649607,3
43,No,Travel_Rarely,Sales,27,4,Life Sciences,1609,Male,2,Sales Representative,Divorced,39770,4.0,18,1,8.0,3,5,0,2,3,3,3.0,3.0,3.0,230,8.935685990338163,3
25,No,Travel_Rarely,Human Resources,7,2,Human Resources,1610,Male,1,Manufacturing Director,Single,86330,1.0,19,1,5.0,2,5,1,3,4,3,2.0,4.0,3.0,237,10.902481247069861,3
37,No,Non-Travel,Research & Development,1,3,Medical,1611,Male,3,Laboratory Technician,Married,20080,3.0,22,0,15.0,5,13,10,7,2,4,2.0,3.0,3.0,234,10.736613247863245,3
31,No,Travel_Rarely,Research & Development,24,1,Medical,1612,Male,3,Laboratory Technician,Married,44400,1.0,13,1,4.0,2,4,3,2,3,3,4.0,1.0,3.0,228,7.127887426900589,4
39,No,Travel_Frequently,Research & Development,26,4,Technical Degree,1613,Female,1,Sales Executive,Divorced,30670,1.0,20,1,21.0,5,21,1,6,1,4,2.0,3.0,3.0,233,9.015948974725799,3
56,No,Travel_Frequently,Research & Development,20,4,Life Sciences,1614,Female,3,Sales Executive,Married,53210,9.0,14,0,36.0,1,7,7,7,3,3,3.0,1.0,2.0,232,7.386081178160917,3
30,No,Travel_Rarely,Sales,5,4,Medical,1615,Female,2,Manufacturing Director,Single,54100,0.0,17,1,6.0,2,5,4,4,3,3,2.0,3.0,3.0,229,7.587336244541483,3
41,No,Travel_Rarely,Research & Development,7,3,Technical Degree,1616,Female,3,Research Scientist,Married,27820,1.0,14,0,10.0,2,10,0,7,2,3,2.0,1.0,3.0,232,6.644667145593865,3
28,No,Travel_Rarely,Research & Development,7,3,Medical,1617,Male,3,Healthcare Representative,Divorced,119570,1.0,13,0,10.0,2,10,1,8,2,3,3.0,1.0,3.0,241,6.213860073766714,3
25,Yes,Travel_Rarely,Research & Development,5,2,Life Sciences,1618,Female,3,Laboratory Technician,Married,26600,5.0,13,0,6.0,3,2,0,2,3,3,1.0,1.0,3.0,233,6.494295422031475,4
52,No,Travel_Rarely,Research & Development,26,2,Life Sciences,1619,Female,2,Sales Representative,Married,33750,2.0,21,0,28.0,2,5,0,4,2,4,4.0,3.0,3.0,232,8.202250957854408,3
45,No,Travel_Rarely,Research & Development,2,3,Medical,1620,Female,1,Sales Executive,Married,50980,3.0,14,1,8.0,4,2,0,2,3,3,1.0,4.0,2.0,234,6.7783048433048405,3
52,No,Travel_Rarely,Research & Development,12,3,Medical,1621,Male,2,Research Scientist,Married,48780,2.0,11,1,31.0,3,5,1,4,3,3,4.0,4.0,1.0,242,7.309269972451794,3
42,No,Travel_Frequently,Sales,10,3,Marketing,1622,Female,2,Healthcare Representative,Divorced,28370,2.0,13,1,19.0,0,5,0,2,2,3,1.0,3.0,3.0,244,6.824301001821491,3
30,No,Travel_Rarely,Sales,25,3,Marketing,1623,Male,1,Sales Executive,Single,24060,2.0,20,1,11.0,5,5,0,2,3,4,3.0,4.0,3.0,239,7.287376801487677,3
60,No,Travel_Rarely,Research & Development,10,3,Life Sciences,1624,Female,1,Manufacturing Director,Married,22690,5.0,18,1,33.0,4,29,11,10,3,3,1.0,1.0,1.0,237,6.163477496483825,3
46,No,Travel_Rarely,Sales,19,4,Marketing,1625,Female,1,Sales Executive,Divorced,41080,2.0,14,0,19.0,5,10,0,8,2,3,3.0,3.0,2.0,233,7.60101454458751,3
42,No,Travel_Frequently,Research & Development,18,4,Technical Degree,1626,Male,4,Sales Executive,Married,132060,0.0,13,2,7.0,2,6,0,4,3,3,4.0,4.0,4.0,237,6.612837552742611,3
24,Yes,Travel_Rarely,Research & Development,27,2,Medical,1627,Male,1,Research Scientist,Single,104220,1.0,17,1,6.0,0,5,1,4,2,3,1.0,2.0,3.0,245,10.60365986394558,3
34,Yes,Travel_Frequently,Research & Development,5,3,Medical,1628,Male,2,Research Scientist,Divorced,137440,0.0,20,1,3.0,3,2,1,0,3,4,4.0,3.0,2.0,242,6.181501377410472,3
38,No,Travel_Frequently,Sales,3,3,Marketing,1629,Female,2,Sales Executive,Married,49070,1.0,11,1,1.0,3,1,0,0,3,3,4.0,4.0,3.0,236,8.653300376647831,3
40,No,Travel_Rarely,Sales,26,4,Marketing,1630,Female,1,Sales Executive,Married,34820,0.0,18,1,21.0,2,20,1,12,2,3,3.0,3.0,3.0,237,6.014923816221282,3
26,No,Travel_Rarely,Research & Development,3,2,Medical,1631,Female,4,Healthcare Representative,Divorced,24360,1.0,24,0,3.0,2,3,0,2,4,4,1.0,4.0,1.0,229,6.269028384279476,3
30,No,Non-Travel,Research & Development,15,3,Medical,1632,Female,2,Sales Executive,Married,23800,4.0,18,3,9.0,2,5,1,4,2,3,3.0,4.0,1.0,233,7.883559847401051,3
29,No,Travel_Rarely,Research & Development,8,3,Medical,1633,Female,3,Manufacturing Director,Married,194310,1.0,11,0,10.0,3,10,0,7,3,3,2.0,3.0,3.0,234,7.193886514719848,3
29,Yes,Travel_Rarely,Research & Development,19,4,Life Sciences,1634,Male,3,Research Scientist,Married,17900,5.0,16,1,6.0,4,2,1,1,2,3,3.0,2.0,4.0,245,6.605290249433103,4
19,Yes,Travel_Rarely,Research & Development,4,3,Medical,1635,Male,1,Sales Executive,Single,76440,1.0,15,2,1.0,2,1,0,0,3,3,1.0,4.0,4.0,239,7.875434681543463,3
30,No,Non-Travel,Research & Development,2,4,Life Sciences,1636,Female,3,Research Scientist,Married,51310,0.0,15,1,10.0,2,9,7,8,3,3,3.0,1.0,3.0,239,6.6783856345885635,3
57,No,Travel_Rarely,Research & Development,2,2,Life Sciences,1637,Male,4,Research Scientist,Divorced,63060,3.0,12,1,32.0,3,1,0,0,3,3,1.0,4.0,2.0,239,6.336791027429105,3
50,No,Travel_Rarely,Sales,10,4,Life Sciences,1638,Female,3,Manager,Married,47870,0.0,12,0,28.0,3,27,15,7,3,3,2.0,3.0,3.0,234,7.204899097815768,3
30,No,Non-Travel,Sales,10,2,Life Sciences,1639,Male,3,Laboratory Technician,Single,188800,0.0,22,1,12.0,3,11,6,7,3,4,3.0,4.0,2.0,226,6.263877826941985,4
60,No,Travel_Frequently,Research & Development,16,3,Life Sciences,1640,Female,4,Laboratory Technician,Married,23390,4.0,20,0,22.0,4,18,13,11,3,4,3.0,1.0,4.0,227,7.2051015663240365,3
47,No,Travel_Rarely,Research & Development,1,3,Technical Degree,1641,Male,5,Manufacturing Director,Divorced,135700,5.0,16,2,20.0,2,5,0,4,2,3,1.0,4.0,3.0,231,7.799077681577681,4
46,No,Travel_Rarely,Sales,4,1,Technical Degree,1642,Male,1,Laboratory Technician,Married,67120,6.0,21,1,26.0,3,3,0,1,2,4,1.0,3.0,1.0,238,6.790909197012142,3
35,No,Travel_Rarely,Research & Development,15,2,Medical,1643,Female,2,Laboratory Technician,Single,54060,0.0,12,1,6.0,2,5,4,3,3,3,4.0,3.0,3.0,232,6.529607279693488,3
54,No,Travel_Rarely,Research & Development,2,4,Medical,1644,Male,2,Human Resources,Single,89380,7.0,11,3,19.0,2,1,0,0,3,3,3.0,3.0,3.0,242,7.676790633608816,3
34,No,Travel_Rarely,Sales,8,2,Life Sciences,1645,Male,1,Laboratory Technician,Divorced,24390,3.0,11,2,14.0,2,7,5,7,4,3,4.0,3.0,3.0,241,7.61121599815584,3
46,No,Travel_Rarely,Research & Development,2,3,Life Sciences,1646,Male,1,Healthcare Representative,Married,88370,2.0,18,0,15.0,3,3,1,2,2,3,3.0,4.0,3.0,245,9.220456916099772,3
31,No,Travel_Rarely,Research & Development,7,3,Life Sciences,1647,Male,2,Research Director,Divorced,53430,1.0,14,1,13.0,3,13,0,8,3,3,3.0,2.0,4.0,243,6.411356881572935,3
33,Yes,Travel_Rarely,Research & Development,10,3,Life Sciences,1648,Female,4,Research Director,Married,67280,7.0,22,0,15.0,2,7,7,7,2,4,2.0,3.0,4.0,241,8.510061088059016,3
33,Yes,Travel_Rarely,Sales,5,4,Marketing,1649,Male,2,Research Director,Divorced,66520,7.0,25,0,8.0,5,4,1,3,3,4,1.0,4.0,3.0,237,7.017434364744492,3
30,No,Travel_Rarely,Research & Development,2,3,Life Sciences,1650,Male,1,Sales Executive,Single,48500,0.0,12,1,4.0,4,3,1,2,3,3,4.0,2.0,3.0,240,6.538957175925927,3
35,No,Travel_Rarely,Research & Development,12,2,Medical,1651,Female,2,Sales Representative,Married,28090,4.0,23,1,10.0,2,8,0,0,1,4,4.0,3.0,3.0,237,8.908956868260663,4
31,Yes,Travel_Frequently,Research & Development,22,2,Medical,1652,Female,2,Sales Executive,Married,56890,3.0,15,2,12.0,2,1,0,0,2,3,1.0,3.0,3.0,243,6.609761088248744,3
34,Yes,Travel_Frequently,Sales,17,1,Marketing,1653,Male,1,Research Director,Divorced,20010,9.0,22,1,11.0,5,3,0,2,4,4,2.0,1.0,3.0,242,10.986562213039482,3
42,No,Travel_Frequently,Research & Development,2,4,Medical,1654,Female,1,Research Scientist,Married,29770,4.0,15,3,8.0,3,2,2,0,2,3,2.0,3.0,3.0,246,7.781885727190602,3
36,No,Non-Travel,Research & Development,3,4,Medical,1655,Male,1,Research Scientist,Single,40250,1.0,11,0,10.0,3,10,9,7,3,3,2.0,4.0,2.0,231,7.232681577681579,3
22,Yes,Travel_Frequently,Research & Development,7,3,Medical,1656,Female,2,Laboratory Technician,Single,37850,5.0,13,2,4.0,2,2,1,2,3,3,3.0,3.0,3.0,235,6.447918439716314,4
48,No,Travel_Rarely,Research & Development,6,3,Medical,1657,Male,1,Laboratory Technician,Married,108540,2.0,14,1,14.0,6,9,6,7,3,3,2.0,4.0,3.0,233,6.795801144492132,3
55,No,Travel_Rarely,Research & Development,1,3,Medical,1658,Female,1,Sales Executive,Single,120310,3.0,11,0,37.0,5,10,7,7,3,3,1.0,2.0,3.0,242,7.367503443526171,3
41,No,Non-Travel,Research & Development,3,2,Life Sciences,1659,Female,2,Research Scientist,Single,99360,7.0,17,1,16.0,2,14,1,10,2,3,4.0,4.0,3.0,230,6.218216183574878,3
35,No,Travel_Rarely,Research & Development,22,3,Medical,1660,Female,1,Sales Representative,Married,29660,9.0,18,0,15.0,2,11,6,9,2,3,2.0,3.0,3.0,230,5.992435990338165,4
40,No,Travel_Rarely,Research & Development,15,3,Life Sciences,1661,Female,2,Laboratory Technician,Single,25710,7.0,14,0,22.0,1,20,5,13,3,3,2.0,3.0,3.0,233,7.319618502622789,3
39,No,Travel_Frequently,Research & Development,12,1,Medical,1662,Male,1,Research Scientist,Married,99910,1.0,16,1,8.0,3,8,0,7,3,3,3.0,3.0,3.0,240,7.117489583333335,3
31,No,Travel_Rarely,Research & Development,1,4,Life Sciences,1663,Male,3,Research Director,Single,61420,4.0,13,2,10.0,2,6,0,5,2,3,2.0,4.0,4.0,244,8.677375910746811,3
42,No,Travel_Rarely,Research & Development,5,3,Medical,1664,Male,3,Sales Executive,Married,53900,1.0,14,0,10.0,3,10,5,8,3,3,4.0,1.0,2.0,235,10.774355791962183,3
45,No,Travel_Rarely,Research & Development,2,1,Medical,1665,Female,4,Sales Executive,Married,44040,0.0,23,0,9.0,2,8,3,7,3,4,4.0,2.0,4.0,228,7.426807992202728,3
26,Yes,Travel_Frequently,Research & Development,2,1,Life Sciences,1666,Female,2,Laboratory Technician,Divorced,59930,0.0,12,0,8.0,3,7,1,0,3,3,2.0,3.0,2.0,243,9.16865912208504,3
29,No,Travel_Rarely,Research & Development,5,3,Medical,1667,Male,1,Research Scientist,Divorced,51300,4.0,11,0,8.0,3,3,1,2,2,3,4.0,4.0,4.0,232,7.402640086206895,3
33,No,Travel_Rarely,Research & Development,16,3,Medical,1668,Female,1,Laboratory Technician,Divorced,20900,4.0,16,0,10.0,2,6,0,5,3,3,1.0,3.0,3.0,238,7.377401960784313,3
31,No,Travel_Rarely,Research & Development,2,4,Life Sciences,1669,Female,1,Sales Executive,Divorced,29090,9.0,14,2,10.0,2,5,0,1,3,3,3.0,4.0,2.0,229,6.706642406598735,4
18,Yes,Travel_Frequently,Research & Development,2,3,Technical Degree,1670,Male,1,Sales Executive,Single,34680,1.0,18,2,0.0,4,0,0,0,4,3,2.0,2.0,3.0,245,9.177018140589569,3
40,No,Non-Travel,Research & Development,1,4,Technical Degree,1671,Female,2,Laboratory Technician,Divorced,30680,3.0,19,0,20.0,3,1,0,1,2,3,3.0,1.0,3.0,239,6.911605067410504,3
41,No,Non-Travel,Research & Development,23,3,Life Sciences,1672,Male,2,Manufacturing Director,Single,26700,2.0,15,2,10.0,2,8,0,7,2,3,1.0,3.0,3.0,232,9.313776340996169,5
26,No,Travel_Rarely,Research & Development,9,4,Medical,1673,Male,3,Healthcare Representative,Divorced,26930,5.0,17,3,8.0,3,0,0,0,2,3,1.0,3.0,3.0,235,5.9956004728132415,3
35,No,Travel_Rarely,Research & Development,16,4,Medical,1674,Male,2,Human Resources,Single,95260,1.0,15,0,5.0,2,5,0,3,2,3,1.0,3.0,3.0,242,6.311730945821861,3
34,No,Travel_Rarely,Research & Development,26,3,Medical,1675,Male,1,Laboratory Technician,Single,52370,1.0,19,1,10.0,3,10,5,7,2,3,4.0,4.0,3.0,227,6.438360254527654,3
26,Yes,Travel_Rarely,Sales,1,3,Marketing,1676,Female,2,Manufacturing Director,Single,24260,1.0,22,0,1.0,3,1,0,0,1,4,3.0,4.0,1.0,244,8.709504781420765,3
37,No,Travel_Rarely,Research & Development,8,1,Life Sciences,1677,Male,1,Sales Executive,Single,41930,4.0,16,1,12.0,5,6,1,2,3,3,2.0,4.0,4.0,242,7.423980716253439,4
46,No,Travel_Frequently,Research & Development,4,1,Medical,1678,Male,5,Human Resources,Married,29110,5.0,13,0,28.0,3,2,1,2,3,3,1.0,3.0,2.0,233,6.167455889365757,3
41,No,Travel_Rarely,Research & Development,24,1,Life Sciences,1679,Male,1,Research Director,Married,26610,7.0,14,1,22.0,2,18,11,8,3,3,2.0,4.0,3.0,227,7.716770680372004,3
37,No,Non-Travel,Research & Development,7,2,Medical,1680,Male,1,Sales Executive,Divorced,20280,1.0,16,1,9.0,3,9,7,7,3,3,1.0,2.0,3.0,230,7.489332125603868,3
52,No,Travel_Rarely,Sales,2,1,Medical,1681,Male,1,Laboratory Technician,Divorced,99800,3.0,11,1,18.0,2,10,6,9,3,3,4.0,1.0,3.0,244,9.078804644808747,3
32,Yes,Non-Travel,Research & Development,7,2,Life Sciences,1682,Female,2,Research Director,Married,32980,8.0,22,0,6.0,4,4,1,2,2,4,4.0,3.0,3.0,235,6.009575650118204,3
24,No,Travel_Frequently,Sales,22,3,Life Sciences,1683,Female,1,Healthcare Representative,Married,29350,0.0,14,2,3.0,5,2,2,1,2,3,4.0,4.0,3.0,232,5.974057710727967,3
38,No,Travel_Rarely,Research & Development,5,3,Life Sciences,1684,Female,1,Research Scientist,Married,154270,3.0,16,1,18.0,2,1,0,0,3,3,3.0,3.0,3.0,228,6.0161342592592595,4
37,No,Travel_Rarely,Research & Development,1,4,Technical Degree,1685,Female,5,Research Scientist,Married,39440,6.0,11,2,8.0,3,6,4,3,3,3,2.0,2.0,2.0,231,6.891148388648388,3
49,No,Travel_Rarely,Sales,21,1,Life Sciences,1686,Male,1,Sales Executive,Divorced,40110,1.0,18,2,31.0,2,31,0,9,1,3,4.0,3.0,3.0,244,10.797482923497268,3
24,No,Travel_Rarely,Sales,1,3,Marketing,1687,Female,1,Sales Executive,Married,34070,1.0,15,2,6.0,2,6,1,4,2,3,2.0,4.0,3.0,235,9.00830260047282,3
26,No,Travel_Rarely,Research & Development,19,4,Technical Degree,1688,Female,4,Sales Executive,Married,119940,1.0,14,1,6.0,6,5,1,4,3,3,1.0,2.0,4.0,228,7.383646442495133,5
24,No,Travel_Rarely,Sales,7,3,Medical,1689,Female,1,Laboratory Technician,Married,12320,1.0,12,0,1.0,4,1,0,0,1,3,4.0,2.0,3.0,242,6.786804407713501,3
50,No,Travel_Frequently,Sales,2,2,Marketing,1690,Male,1,Sales Executive,Married,29600,1.0,14,3,32.0,2,32,10,7,3,3,1.0,2.0,3.0,242,6.773574380165288,3
25,No,Travel_Rarely,Research & Development,2,3,Life Sciences,1691,Male,1,Research Scientist,Married,190940,1.0,16,0,7.0,3,7,0,6,2,3,2.0,3.0,3.0,243,7.405586419753084,3
24,Yes,Travel_Frequently,Research & Development,2,3,Medical,1692,Male,2,Research Scientist,Married,39190,1.0,21,0,6.0,3,6,1,2,3,4,1.0,3.0,3.0,232,10.796519396551728,3
30,Yes,Travel_Frequently,Research & Development,9,3,Other,1693,Male,2,Healthcare Representative,Married,68250,1.0,14,0,1.0,2,1,0,0,3,3,2.0,1.0,4.0,231,6.946756854256856,4
34,No,Travel_Rarely,Sales,6,2,Life Sciences,1694,Male,4,Research Director,Married,102480,1.0,12,1,6.0,4,6,1,3,3,3,2.0,4.0,3.0,235,8.880400709219858,3
31,Yes,Travel_Rarely,Research & Development,9,1,Medical,1695,Female,1,Sales Representative,Divorced,189470,2.0,12,2,9.0,2,3,1,2,2,3,2.0,1.0,1.0,227,6.698702887909934,4
35,No,Travel_Rarely,Research & Development,2,3,Life Sciences,1696,Female,5,Sales Executive,Single,24960,4.0,17,3,9.0,3,3,0,2,3,3,1.0,4.0,3.0,246,7.861873306233059,3
31,No,Travel_Rarely,Sales,1,3,Marketing,1697,Female,2,Sales Executive,Divorced,64650,4.0,17,0,13.0,3,7,5,7,3,3,1.0,4.0,4.0,239,6.286366806136682,3
27,No,Travel_Rarely,Sales,22,4,Medical,1698,Male,1,Sales Representative,Divorced,22060,0.0,14,1,6.0,4,5,0,3,3,3,1.0,3.0,2.0,231,7.854169071669068,4
37,No,Travel_Rarely,Sales,9,4,Marketing,1699,Female,2,Laboratory Technician,Married,20860,4.0,14,0,17.0,3,3,1,0,3,3,4.0,3.0,2.0,243,8.908952903520797,3
20,No,Travel_Rarely,Research & Development,17,4,Medical,1700,Female,1,Sales Representative,Single,22930,1.0,13,2,1.0,3,1,0,0,1,3,4.0,2.0,4.0,239,7.093976057647606,3
42,No,Travel_Rarely,Research & Development,28,4,Life Sciences,1701,Female,2,Manufacturing Director,Married,26450,1.0,15,0,10.0,5,10,2,2,3,3,3.0,4.0,3.0,239,7.506218038121805,3
43,No,Travel_Rarely,Research & Development,10,5,Technical Degree,1702,Female,2,Sales Executive,Divorced,26830,4.0,11,0,21.0,3,1,0,0,3,3,2.0,4.0,2.0,238,8.721149626517274,3
38,No,Travel_Rarely,Human Resources,2,4,Medical,1703,Male,1,Human Resources,Single,20140,3.0,17,1,8.0,5,0,0,0,4,3,3.0,1.0,2.0,233,6.794996423462091,3
43,No,Travel_Frequently,Sales,4,3,Medical,1704,Female,2,Healthcare Representative,Divorced,34190,3.0,11,1,10.0,5,8,4,7,3,3,4.0,3.0,3.0,234,9.141189458689455,3
48,No,Travel_Rarely,Research & Development,8,1,Medical,1705,Male,2,Laboratory Technician,Married,53760,7.0,13,1,21.0,3,3,0,2,4,3,4.0,1.0,1.0,234,7.006800807217476,3
44,No,Travel_Rarely,Sales,29,4,Marketing,1706,Male,2,Sales Executive,Single,19510,4.0,22,3,10.0,4,2,0,2,4,4,1.0,3.0,4.0,245,6.698729024943311,3
34,No,Travel_Rarely,Research & Development,13,4,Life Sciences,1707,Female,1,Laboratory Technician,Divorced,23410,1.0,20,2,8.0,3,8,0,6,2,4,3.0,3.0,3.0,230,8.380595410628016,3
27,Yes,Travel_Rarely,Sales,27,3,Life Sciences,1708,Male,2,Research Scientist,Divorced,22930,0.0,18,0,5.0,0,4,0,2,3,3,3.0,1.0,3.0,241,6.5056143384047935,3
21,No,Travel_Rarely,Sales,16,2,Life Sciences,1709,Male,3,Sales Executive,Single,87260,1.0,11,1,3.0,2,3,1,2,1,3,3.0,3.0,3.0,231,7.197285954785957,3
44,No,Travel_Rarely,Research & Development,2,2,Life Sciences,1710,Male,1,Laboratory Technician,Married,40110,4.0,14,1,26.0,2,2,0,1,3,3,4.0,4.0,4.0,238,8.65498132586368,3
22,No,Travel_Rarely,Research & Development,2,2,Medical,1711,Female,2,Laboratory Technician,Married,195450,0.0,14,0,3.0,3,2,2,2,2,3,1.0,3.0,3.0,238,6.003892390289453,4
33,No,Travel_Rarely,Sales,13,4,Marketing,1712,Female,2,Manufacturing Director,Divorced,45680,2.0,18,1,6.0,2,5,1,2,3,3,3.0,3.0,3.0,231,7.329120971620973,4
32,No,Travel_Rarely,Research & Development,1,1,Life Sciences,1713,Female,1,Healthcare Representative,Married,30220,1.0,16,1,6.0,3,6,0,5,3,3,1.0,4.0,2.0,245,9.394063492063498,3
30,No,Travel_Frequently,Research & Development,4,5,Technical Degree,1714,Male,3,Manager,Divorced,57720,1.0,17,0,1.0,3,1,0,0,3,3,3.0,3.0,3.0,229,7.30688743328481,3
53,No,Travel_Rarely,Research & Development,24,3,Other,1715,Female,3,Manager,Single,22690,7.0,11,1,18.0,2,14,8,10,2,3,4.0,1.0,4.0,240,7.105496527777771,3
34,No,Travel_Rarely,Research & Development,1,5,Medical,1716,Male,1,Research Scientist,Married,53810,1.0,12,0,10.0,0,10,8,8,3,3,2.0,4.0,2.0,228,7.402895955165693,3
45,Yes,Travel_Frequently,Research & Development,19,4,Life Sciences,1717,Male,3,Research Director,Married,34410,2.0,13,1,5.0,5,1,0,0,3,3,1.0,1.0,3.0,240,7.61566087962963,3
26,No,Travel_Rarely,Research & Development,7,2,Life Sciences,1718,Male,1,Manufacturing Director,Married,54540,1.0,13,1,3.0,5,3,0,2,4,3,3.0,4.0,3.0,231,10.005085377585377,3
37,No,Travel_Rarely,Research & Development,4,3,Medical,1719,Male,1,Manager,Married,98840,1.0,14,0,10.0,3,10,7,8,2,3,3.0,3.0,3.0,231,6.177475949975949,4
29,No,Travel_Rarely,Research & Development,2,3,Life Sciences,1720,Female,1,Healthcare Representative,Married,41570,1.0,17,3,6.0,2,6,1,2,3,3,2.0,3.0,2.0,227,6.801024229074889,4
35,No,Travel_Rarely,Research & Development,10,5,Medical,1721,Female,4,Laboratory Technician,Single,134580,1.0,11,0,17.0,3,17,11,8,3,3,2.0,4.0,3.0,234,6.727743352326688,4
33,No,Travel_Frequently,Research & Development,8,3,Technical Degree,1722,Male,2,Laboratory Technician,Divorced,90690,3.0,25,1,15.0,3,13,4,7,3,4,3.0,4.0,1.0,240,7.496162037037035,3
54,No,Travel_Rarely,Research & Development,5,2,Life Sciences,1723,Female,2,Sales Executive,Married,40140,2.0,19,1,16.0,4,9,7,1,2,3,3.0,2.0,3.0,232,6.397855603448277,3
36,No,Travel_Rarely,Research & Development,8,3,Life Sciences,1724,Male,2,Research Scientist,Divorced,59150,2.0,13,1,13.0,3,3,0,2,2,3,2.0,2.0,3.0,240,10.705447916666662,3
27,No,Travel_Rarely,Sales,9,3,Marketing,1725,Male,5,Research Director,Single,59930,0.0,14,1,5.0,3,4,1,1,1,3,1.0,4.0,3.0,229,7.0001673944687,3
20,Yes,Travel_Rarely,Research & Development,1,3,Life Sciences,1726,Male,5,Sales Representative,Single,61620,1.0,12,3,1.0,2,1,1,1,2,3,4.0,3.0,3.0,241,8.610434532042415,3
33,Yes,Travel_Frequently,Research & Development,15,4,Medical,1727,Female,1,Laboratory Technician,Single,24060,1.0,11,0,10.0,3,10,9,7,3,3,1.0,1.0,3.0,237,10.42268987341773,3
35,No,Non-Travel,Research & Development,2,1,Medical,1728,Male,1,Research Scientist,Married,187400,1.0,19,1,1.0,2,1,0,0,4,3,3.0,3.0,3.0,243,6.6660139460448145,3
23,No,Travel_Rarely,Research & Development,2,3,Life Sciences,1729,Male,1,Healthcare Representative,Married,76370,2.0,11,1,5.0,3,3,0,2,3,3,1.0,1.0,4.0,241,7.071160673121256,3
25,No,Travel_Rarely,Research & Development,11,3,Medical,1730,Male,2,Manufacturing Director,Married,100960,0.0,11,1,4.0,3,3,1,2,3,3,4.0,2.0,3.0,243,7.7076554641060735,3
38,No,Travel_Rarely,Research & Development,16,3,Life Sciences,1731,Male,5,Research Scientist,Single,147560,0.0,20,1,8.0,3,7,0,5,2,4,4.0,4.0,3.0,243,6.80726337448559,3
29,No,Travel_Frequently,Sales,2,4,Life Sciences,1732,Male,4,Healthcare Representative,Divorced,64990,1.0,18,3,10.0,3,10,2,8,2,3,2.0,4.0,3.0,239,7.77542770804277,3
48,No,Travel_Rarely,Research & Development,16,3,Technical Degree,1733,Male,1,Sales Executive,Married,97240,3.0,13,0,12.0,2,2,2,2,4,3,2.0,2.0,3.0,239,7.118721524872154,3
27,No,Travel_Frequently,Sales,4,3,Technical Degree,1734,Male,5,Laboratory Technician,Divorced,21940,1.0,12,0,6.0,5,6,0,4,3,3,4.0,4.0,3.0,235,8.93886643026005,3
37,No,Travel_Rarely,Research & Development,16,3,Life Sciences,1735,Male,3,Manager,Single,33880,3.0,11,0,4.0,2,1,0,0,4,3,4.0,4.0,3.0,239,7.565030218503022,3
50,No,Travel_Rarely,Sales,5,3,Medical,1736,Male,1,Laboratory Technician,Married,54730,1.0,19,1,20.0,2,20,3,8,4,3,4.0,3.0,3.0,233,9.124803290414876,3
34,No,Travel_Rarely,Research & Development,18,1,Medical,1737,Male,1,Healthcare Representative,Single,27030,1.0,21,1,9.0,2,8,7,7,3,4,4.0,2.0,4.0,239,6.781649232914924,3
24,Yes,Travel_Rarely,Research & Development,17,2,Life Sciences,1738,Female,1,Healthcare Representative,Single,25010,9.0,12,0,4.0,3,2,2,0,1,3,1.0,3.0,3.0,242,7.503401056014696,3
39,No,Travel_Rarely,Research & Development,12,5,Medical,1739,Female,1,Sales Representative,Single,62200,1.0,14,2,20.0,2,20,11,10,3,3,4.0,3.0,3.0,242,6.740905647382916,3
32,No,Travel_Rarely,Research & Development,2,3,Life Sciences,1740,Male,5,Research Scientist,Single,30380,1.0,11,0,10.0,5,10,0,8,1,3,4.0,4.0,2.0,242,7.892434573002755,3
50,Yes,Travel_Frequently,Research & Development,4,2,Medical,1741,Male,4,Sales Representative,Married,44240,3.0,14,1,18.0,2,4,1,3,2,3,2.0,3.0,3.0,231,8.207366522366524,3
38,No,Travel_Rarely,Research & Development,9,4,Life Sciences,1742,Male,1,Sales Executive,Single,43120,0.0,12,1,10.0,2,9,1,8,2,3,2.0,4.0,2.0,230,7.19836714975845,3
27,No,Travel_Rarely,Research & Development,10,3,Medical,1743,Male,5,Research Scientist,Married,132450,1.0,23,1,9.0,3,9,0,7,2,4,3.0,1.0,3.0,238,6.449521475256771,3
32,No,Travel_Rarely,Sales,1,3,Medical,1744,Male,2,Sales Executive,Single,136640,3.0,14,0,10.0,6,7,7,7,3,3,3.0,4.0,3.0,245,7.892938775510198,3
47,No,Travel_Rarely,Research & Development,2,3,Medical,1745,Female,5,Sales Executive,Single,50210,2.0,17,0,20.0,3,7,1,7,3,3,4.0,1.0,3.0,231,6.6768362193362165,3
40,No,Travel_Frequently,Research & Development,3,4,Medical,1746,Female,3,Human Resources,Married,51260,5.0,18,0,20.0,2,18,1,12,3,3,4.0,1.0,3.0,238,8.571869747899155,3
53,No,Travel_Rarely,Research & Development,7,1,Life Sciences,1747,Male,2,Laboratory Technician,Married,28590,3.0,18,1,32.0,2,5,1,3,3,3,3.0,3.0,3.0,233,6.812551263710063,3
41,No,Travel_Rarely,Sales,6,3,Medical,1748,Male,1,Sales Executive,Divorced,102390,3.0,24,3,23.0,3,21,12,6,3,4,2.0,4.0,2.0,243,7.706537494284412,3
60,No,Travel_Rarely,Research & Development,8,2,Life Sciences,1749,Female,5,Laboratory Technician,Single,53290,8.0,20,0,10.0,3,2,2,2,4,4,1.0,1.0,3.0,230,6.603214975845414,3
27,No,Travel_Frequently,Research & Development,29,1,Life Sciences,1750,Male,2,Manufacturing Director,Divorced,43250,1.0,14,0,9.0,2,9,1,7,2,3,4.0,1.0,2.0,238,7.4122070494864625,3
41,No,Travel_Rarely,Research & Development,3,3,Medical,1751,Male,1,Manufacturing Director,Married,72600,1.0,16,0,22.0,2,22,2,10,3,3,4.0,3.0,3.0,239,6.236250581125057,3
50,No,Travel_Rarely,Sales,9,3,Life Sciences,1752,Male,2,Research Scientist,Married,23220,7.0,25,1,4.0,0,2,2,2,4,4,4.0,2.0,3.0,227,7.4069689182574665,3
28,Yes,Travel_Rarely,Sales,2,4,Life Sciences,1753,Male,3,Research Scientist,Single,20750,7.0,18,3,10.0,0,7,3,7,2,3,1.0,2.0,3.0,241,8.101006224066392,3
36,No,Non-Travel,Research & Development,10,4,Technical Degree,1754,Female,2,Research Scientist,Married,41520,9.0,19,1,10.0,3,8,0,5,3,3,1.0,1.0,3.0,236,5.983727636534839,3
38,No,Travel_Rarely,Research & Development,1,3,Medical,1755,Female,3,Manager,Single,96190,4.0,13,1,10.0,2,1,0,0,3,3,3.0,3.0,4.0,229,9.841307617661329,3
44,No,Non-Travel,Research & Development,8,2,Life Sciences,1756,Male,1,Research Scientist,Single,135030,2.0,12,0,9.0,6,5,1,4,2,3,1.0,3.0,3.0,238,6.123103408029876,3
47,No,Travel_Frequently,Research & Development,27,3,Life Sciences,1757,Male,1,Research Scientist,Divorced,54410,9.0,22,1,28.0,6,22,11,13,2,4,4.0,3.0,2.0,230,8.299020531400965,5
30,No,Travel_Rarely,Research & Development,8,3,Life Sciences,1758,Male,2,Sales Executive,Divorced,52090,7.0,14,1,10.0,3,8,7,7,3,3,3.0,4.0,2.0,245,7.521344671201819,3
29,No,Travel_Rarely,Research & Development,1,2,Medical,1759,Female,1,Sales Executive,Single,106730,1.0,13,3,1.0,2,1,0,0,3,3,3.0,3.0,3.0,225,6.429023456790125,3
42,Yes,Travel_Frequently,Research & Development,10,1,Life Sciences,1760,Female,1,Sales Executive,Divorced,50100,6.0,21,3,7.0,3,2,2,2,3,4,3.0,3.0,3.0,244,9.957406648451723,3
43,No,Travel_Frequently,Research & Development,26,1,Life Sciences,1761,Male,1,Laboratory Technician,Married,135490,3.0,11,2,7.0,3,2,2,2,3,3,4.0,4.0,3.0,232,7.118760775862067,3
34,No,Travel_Rarely,Research & Development,2,5,Technical Degree,1762,Male,2,Healthcare Representative,Single,49990,3.0,12,2,10.0,2,5,4,3,4,3,2.0,3.0,3.0,232,6.394135536398473,3
23,No,Travel_Rarely,Sales,13,3,Marketing,1763,Male,5,Sales Executive,Married,42210,1.0,11,1,5.0,4,4,0,2,3,3,2.0,1.0,4.0,244,7.805959699453559,3
39,No,Travel_Rarely,Sales,2,4,Marketing,1764,Female,4,Healthcare Representative,Married,138720,9.0,12,3,12.0,3,8,3,6,2,3,3.0,2.0,1.0,238,6.285127217553688,4
56,No,Travel_Rarely,Research & Development,2,4,Medical,1765,Male,1,Manager,Married,20420,7.0,12,0,30.0,6,10,1,1,3,3,3.0,4.0,2.0,239,7.095374244537424,3
40,No,Travel_Rarely,Sales,9,3,Marketing,1766,Male,2,Research Scientist,Single,20730,0.0,14,0,5.0,3,4,2,3,3,3,4.0,4.0,2.0,246,8.797861336946704,3
27,No,Travel_Rarely,Research & Development,10,3,Life Sciences,1767,Female,1,Laboratory Technician,Single,29560,8.0,13,0,9.0,6,7,0,7,3,3,4.0,1.0,1.0,243,7.492104481024234,3
29,No,Travel_Rarely,Sales,20,3,Marketing,1768,Female,2,Manager,Divorced,29260,1.0,15,1,2.0,3,2,2,2,2,3,4.0,2.0,3.0,246,7.066662149954835,3
53,No,Travel_Rarely,Research & Development,9,3,Life Sciences,1769,Female,3,Laboratory Technician,Single,48090,2.0,18,0,19.0,2,2,2,2,3,3,4.0,4.0,3.0,230,6.3258297101449195,3
35,No,Non-Travel,Research & Development,5,1,Medical,1770,Male,1,Healthcare Representative,Divorced,51630,2.0,18,2,16.0,4,1,0,0,3,3,4.0,1.0,4.0,236,7.077205743879471,3
32,No,Travel_Frequently,Sales,4,4,Life Sciences,1771,Male,2,Sales Executive,Married,188440,1.0,19,0,10.0,3,10,4,7,1,3,1.0,4.0,3.0,245,7.80846598639456,3
38,No,Travel_Rarely,Sales,10,3,Medical,1772,Male,4,Laboratory Technician,Married,181720,6.0,12,2,6.0,5,1,0,1,3,3,4.0,3.0,1.0,245,10.874641723356007,3
34,No,Travel_Rarely,Research & Development,20,3,Medical,1773,Female,3,Laboratory Technician,Divorced,57440,3.0,19,1,7.0,4,0,0,0,2,3,2.0,1.0,3.0,232,6.170700431034482,3
52,No,Travel_Rarely,Sales,21,5,Technical Degree,1774,Male,3,Manager,Married,28890,1.0,11,1,34.0,2,34,1,16,3,3,3.0,1.0,4.0,227,5.995460107684781,3
33,Yes,Travel_Rarely,Research & Development,1,2,Medical,1775,Male,3,Laboratory Technician,Single,28710,1.0,17,3,10.0,2,10,7,8,3,3,4.0,4.0,2.0,244,9.988328779599268,3
25,No,Travel_Rarely,Research & Development,8,3,Life Sciences,1776,Male,2,Research Scientist,Single,74840,1.0,15,0,6.0,3,6,1,4,3,3,3.0,4.0,2.0,240,7.716902777777781,3
45,No,Travel_Rarely,Sales,2,3,Life Sciences,1777,Male,3,Healthcare Representative,Single,60740,0.0,14,0,9.0,2,8,3,1,3,3,2.0,3.0,3.0,231,5.994080086580087,3
23,No,Travel_Rarely,Research & Development,23,1,Life Sciences,1778,Female,2,Research Scientist,Single,173280,1.0,17,1,2.0,2,2,0,2,1,3,1.0,3.0,3.0,245,7.99705555555556,3
47,Yes,Travel_Frequently,Research & Development,4,3,Life Sciences,1779,Male,1,Research Director,Single,27740,4.0,13,1,8.0,2,5,1,3,3,3,2.0,3.0,3.0,235,10.00968203309693,3
34,No,Travel_Rarely,Research & Development,12,3,Technical Degree,1780,Male,1,Research Scientist,Single,45050,1.0,12,0,6.0,3,6,1,4,3,3,4.0,4.0,3.0,232,7.804073275862073,4
55,Yes,Travel_Rarely,Human Resources,7,3,Human Resources,1781,Male,4,Laboratory Technician,Married,74280,5.0,12,0,24.0,2,5,1,4,3,3,4.0,1.0,3.0,230,8.050948067632847,3
36,No,Non-Travel,Research & Development,7,2,Life Sciences,1782,Male,5,Sales Executive,Single,116310,1.0,18,1,10.0,2,10,0,9,1,3,1.0,1.0,3.0,240,7.396366898148145,3
52,No,Non-Travel,Research & Development,1,4,Life Sciences,1783,Male,5,Sales Executive,Married,97380,0.0,18,2,5.0,2,4,1,2,3,3,4.0,4.0,3.0,231,7.245820105820105,3
26,No,Travel_Frequently,Research & Development,2,2,Life Sciences,1784,Male,1,Manufacturing Director,Divorced,28350,3.0,11,1,5.0,2,2,2,0,3,3,1.0,4.0,3.0,227,7.090755017131668,3
29,No,Travel_Rarely,Research & Development,10,2,Medical,1785,Male,3,Manufacturing Director,Married,169590,4.0,14,3,11.0,5,8,1,1,3,3,2.0,3.0,2.0,236,6.279730461393599,3
26,Yes,Travel_Rarely,Research & Development,15,2,Life Sciences,1786,Male,2,Laboratory Technician,Single,26130,6.0,19,1,6.0,2,4,1,2,3,3,4.0,1.0,3.0,234,6.197631766381767,3
34,No,Travel_Rarely,Research & Development,14,4,Technical Degree,1787,Male,2,Manufacturing Director,Single,61460,2.0,12,0,10.0,3,4,1,3,3,3,2.0,4.0,3.0,231,6.203041125541126,3
54,No,Travel_Rarely,Research & Development,18,4,Medical,1788,Female,2,Laboratory Technician,Divorced,49630,9.0,15,1,9.0,2,5,1,4,3,3,4.0,1.0,3.0,230,8.896373188405793,3
27,No,Travel_Frequently,Research & Development,13,2,Life Sciences,1789,Female,4,Research Scientist,Married,195370,0.0,12,0,5.0,5,4,1,1,3,3,3.0,4.0,3.0,242,6.805050505050503,3
37,No,Travel_Rarely,Sales,2,4,Technical Degree,1790,Male,2,Manufacturing Director,Divorced,61720,0.0,11,0,6.0,1,5,4,3,3,3,4.0,1.0,2.0,231,9.499684944684946,3
38,No,Travel_Frequently,Sales,2,4,Life Sciences,1791,Female,2,Research Scientist,Single,23680,6.0,11,1,17.0,3,15,4,12,3,3,1.0,1.0,3.0,246,10.821924119241189,3
34,No,Travel_Rarely,Sales,2,3,Marketing,1792,Male,1,Sales Representative,Single,103120,1.0,12,0,6.0,2,6,1,3,3,3,3.0,1.0,3.0,235,6.887651300236403,3
35,No,Travel_Rarely,Research & Development,5,4,Medical,1793,Male,3,Manager,Married,16750,1.0,16,0,3.0,6,3,0,2,2,3,1.0,4.0,2.0,238,7.802330765639591,4
30,No,Travel_Rarely,Research & Development,20,3,Medical,1794,Male,1,Laboratory Technician,Married,25230,3.0,13,1,7.0,2,2,0,2,3,3,4.0,3.0,3.0,230,7.192340579710137,3
40,No,Travel_Frequently,Research & Development,10,4,Medical,1795,Male,2,Manufacturing Director,Married,65670,1.0,13,1,8.0,3,8,3,7,4,3,3.0,2.0,3.0,236,6.3714336158192095,4
34,No,Travel_Rarely,Research & Development,10,3,Life Sciences,1796,Male,3,Healthcare Representative,Married,47390,5.0,24,2,6.0,2,3,1,2,3,4,3.0,1.0,3.0,230,7.893172705314011,3
42,No,Travel_Frequently,Research & Development,9,4,Medical,1797,Male,1,Manufacturing Director,Divorced,92080,1.0,15,1,24.0,2,24,14,9,4,3,2.0,4.0,2.0,231,7.821308321308321,3
23,Yes,Travel_Rarely,Sales,2,3,Medical,1798,Female,4,Manufacturing Director,Married,45590,1.0,18,1,1.0,2,0,0,0,2,3,3.0,1.0,3.0,245,7.996996598639464,3
24,No,Non-Travel,Sales,1,5,Marketing,1799,Female,1,Manufacturing Director,Divorced,81890,1.0,14,1,1.0,3,1,0,0,3,3,3.0,2.0,3.0,233,6.749403910348118,3
52,No,Travel_Rarely,Research & Development,29,3,Life Sciences,1800,Male,2,Manufacturing Director,Married,29420,8.0,11,1,9.0,1,5,1,4,2,3,4.0,3.0,3.0,236,6.058953625235399,3
50,No,Travel_Rarely,Research & Development,8,4,Life Sciences,1801,Male,2,Sales Executive,Married,49410,5.0,11,1,30.0,3,4,0,3,1,3,3.0,3.0,3.0,241,6.363878515444906,3
29,Yes,Travel_Rarely,Sales,2,4,Marketing,1802,Female,4,Research Scientist,Married,106500,1.0,13,2,1.0,2,1,0,0,4,3,2.0,1.0,3.0,246,10.67419715447155,3
33,No,Travel_Rarely,Research & Development,3,4,Life Sciences,1803,Male,4,Manufacturing Director,Married,59020,0.0,12,1,14.0,2,13,3,7,3,3,3.0,3.0,4.0,229,6.994114507520622,3
33,Yes,Travel_Rarely,Research & Development,23,5,Life Sciences,1804,Male,1,Human Resources,Single,86390,5.0,16,2,6.0,3,3,0,2,2,3,1.0,1.0,3.0,230,8.022934782608695,3
47,No,Travel_Rarely,Research & Development,6,4,Other,1805,Male,2,Manager,Married,63470,1.0,14,0,26.0,2,26,3,0,4,3,3.0,4.0,2.0,234,9.502909544159543,3
36,No,Travel_Rarely,Sales,6,3,Medical,1806,Female,2,Sales Executive,Married,42000,0.0,22,0,10.0,3,9,0,5,3,4,3.0,2.0,3.0,242,7.686010101010102,3
29,No,Travel_Rarely,Research & Development,10,3,Other,1807,Male,1,Research Scientist,Married,34520,1.0,11,0,10.0,3,10,0,7,2,3,3.0,3.0,3.0,232,7.6880399904214585,3
58,Yes,Travel_Rarely,Research & Development,24,3,Other,1808,Female,2,Research Scientist,Single,43170,7.0,17,0,40.0,2,31,13,8,3,3,4.0,2.0,3.0,240,8.89692824074074,3
35,No,Travel_Rarely,Sales,10,4,Marketing,1809,Female,1,Research Scientist,Single,26320,3.0,13,3,7.0,3,2,2,2,4,3,4.0,3.0,3.0,243,7.759774805669863,3
42,No,Travel_Rarely,Sales,15,1,Marketing,1810,Male,2,Laboratory Technician,Married,46680,9.0,18,2,8.0,2,4,0,2,3,3,4.0,4.0,3.0,234,10.498053181386517,3
28,Yes,Travel_Rarely,Research & Development,19,4,Medical,1811,Female,2,Sales Executive,Single,32040,6.0,16,1,5.0,4,2,2,1,2,3,3.0,3.0,2.0,233,6.219219122556036,3
36,No,Travel_Rarely,Research & Development,2,3,Life Sciences,1812,Male,2,Healthcare Representative,Married,27200,4.0,14,1,8.0,3,5,0,4,3,3,3.0,2.0,3.0,231,6.590180375180375,3
32,No,Travel_Rarely,Research & Development,3,1,Medical,1813,Male,2,Manufacturing Director,Married,171810,1.0,14,0,14.0,2,14,6,8,2,3,3.0,3.0,3.0,244,7.99293829690346,3
40,No,Travel_Frequently,Sales,9,3,Marketing,1814,Male,3,Manufacturing Director,Single,22380,6.0,14,0,10.0,3,1,0,0,3,3,1.0,3.0,3.0,239,6.90599488609949,3
30,No,Travel_Rarely,Research & Development,7,3,Technical Degree,1815,Male,2,Research Director,Single,14830,5.0,13,0,12.0,3,0,0,0,3,3,3.0,4.0,2.0,245,9.401964852607712,3
45,No,Travel_Rarely,Research & Development,10,4,Life Sciences,1816,Male,1,Research Director,Single,56050,1.0,12,2,1.0,2,1,0,0,3,3,2.0,3.0,3.0,233,6.602195994277539,3
42,No,Travel_Rarely,Research & Development,20,2,Medical,1817,Male,2,Sales Representative,Married,72950,1.0,15,0,10.0,3,9,7,8,3,3,2.0,2.0,2.0,234,7.626456552706554,3
38,No,Travel_Frequently,Sales,4,3,Medical,1818,Male,2,Research Scientist,Divorced,23060,2.0,19,1,13.0,5,4,1,2,3,3,1.0,1.0,2.0,231,7.5931216931216925,3
34,No,Travel_Frequently,Research & Development,7,4,Life Sciences,1819,Male,3,Laboratory Technician,Single,23480,1.0,14,1,6.0,3,5,1,3,3,3,3.0,4.0,3.0,230,6.909130434782608,3
49,Yes,Travel_Rarely,Sales,7,2,Life Sciences,1820,Female,2,Healthcare Representative,Married,89980,1.0,14,2,9.0,2,9,7,7,4,3,3.0,4.0,4.0,230,6.313039855072464,3
55,Yes,Travel_Rarely,Human Resources,16,3,Technical Degree,1821,Male,4,Manufacturing Director,Single,43190,4.0,11,0,12.0,3,9,7,3,4,3,3.0,4.0,2.0,244,6.389931693989073,3
43,No,Travel_Rarely,Research & Development,25,2,Medical,1822,Male,2,Healthcare Representative,Married,61320,6.0,13,0,22.0,3,4,1,0,2,3,2.0,1.0,3.0,236,7.285554378531069,3
27,No,Travel_Rarely,Sales,2,4,Medical,1823,Male,2,Manager,Divorced,33460,1.0,21,1,9.0,2,9,0,8,2,4,3.0,4.0,3.0,245,10.525373015873015,3
35,No,Travel_Rarely,Research & Development,1,3,Medical,1824,Male,1,Research Director,Single,108550,3.0,13,1,17.0,2,8,1,6,3,3,3.0,3.0,4.0,229,7.024023532265886,3
28,No,Travel_Rarely,Sales,1,2,Technical Degree,1825,Female,1,Sales Executive,Married,22310,1.0,12,0,8.0,3,8,7,5,2,3,2.0,2.0,3.0,244,9.911441256830603,3
34,No,Travel_Rarely,Sales,2,5,Life Sciences,1826,Male,4,Research Scientist,Married,23230,0.0,17,0,4.0,2,3,0,2,3,3,3.0,4.0,1.0,239,6.913744769874477,3
26,Yes,Travel_Frequently,Research & Development,22,4,Other,1827,Female,1,Sales Executive,Married,20240,1.0,23,0,8.0,2,8,1,7,3,4,3.0,3.0,3.0,231,8.012555315055312,3
27,No,Non-Travel,Sales,1,3,Technical Degree,1828,Female,1,Sales Executive,Married,27130,1.0,11,0,0.0,2,0,0,0,3,3,4.0,4.0,2.0,230,7.249490338164253,3
51,No,Travel_Rarely,Sales,16,3,Medical,1829,Male,3,Research Scientist,Married,94390,2.0,15,3,29.0,0,20,4,17,3,3,1.0,3.0,2.0,239,6.0817642956764315,3
44,No,Travel_Rarely,Sales,24,5,Medical,1830,Female,1,Sales Executive,Single,25660,9.0,11,1,10.0,3,5,2,3,3,3,4.0,2.0,2.0,234,6.295518755935422,3
25,No,Travel_Rarely,Research & Development,17,3,Medical,1831,Male,1,Laboratory Technician,Single,199260,7.0,11,3,6.0,5,4,0,1,4,3,1.0,1.0,2.0,230,6.377411835748791,3
33,No,Travel_Rarely,Research & Development,8,4,Life Sciences,1832,Male,3,Laboratory Technician,Divorced,24510,1.0,13,1,9.0,3,9,0,8,2,3,1.0,1.0,3.0,228,6.0233601364522436,4
35,No,Travel_Rarely,Sales,6,4,Medical,1833,Female,2,Manager,Single,94190,1.0,24,1,6.0,5,6,1,1,2,4,3.0,1.0,2.0,229,6.895604075691411,3
36,No,Travel_Rarely,Sales,10,4,Marketing,1834,Male,3,Manager,Married,86860,1.0,13,0,18.0,2,18,4,11,3,3,2.0,4.0,2.0,238,9.71083450046685,4
32,No,Travel_Rarely,Research & Development,3,4,Medical,1835,Female,4,Sales Executive,Divorced,30380,2.0,20,0,8.0,3,5,0,3,3,4,2.0,4.0,2.0,230,7.831357487922708,3
30,No,Travel_Frequently,Research & Development,4,5,Medical,1836,Male,5,Sales Representative,Divorced,30580,9.0,14,1,10.0,2,5,0,3,3,3,2.0,4.0,2.0,233,6.379905817834994,3
53,No,Travel_Rarely,Sales,6,3,Marketing,1837,Male,4,Sales Executive,Married,23250,7.0,18,1,35.0,1,5,0,4,4,3,1.0,4.0,3.0,238,10.363845704948641,4
45,No,Travel_Rarely,Research & Development,1,5,Technical Degree,1838,Male,2,Healthcare Representative,Divorced,20880,4.0,15,3,18.0,2,5,0,2,3,3,4.0,1.0,3.0,228,8.491444931773875,4
32,No,Travel_Rarely,Sales,10,3,Marketing,1839,Female,1,Human Resources,Married,30720,5.0,12,0,9.0,4,5,1,3,1,3,3.0,3.0,2.0,241,6.633939603503917,3
52,No,Travel_Frequently,Research & Development,1,1,Life Sciences,1840,Male,2,Laboratory Technician,Married,50060,3.0,16,1,31.0,2,9,0,0,3,3,3.0,4.0,3.0,235,7.627005910165482,3
37,No,Travel_Rarely,Sales,24,2,Life Sciences,1841,Female,4,Laboratory Technician,Divorced,42570,4.0,15,0,9.0,2,1,0,0,3,3,4.0,3.0,3.0,242,6.102939623507806,3
28,No,Travel_Rarely,Research & Development,21,4,Life Sciences,1842,Female,1,Healthcare Representative,Divorced,25000,1.0,16,2,6.0,3,5,0,4,3,3,2.0,4.0,3.0,243,6.290355509830818,3
22,No,Travel_Rarely,Research & Development,2,2,Life Sciences,1843,Male,1,Sales Representative,Married,11020,6.0,19,0,4.0,3,2,2,2,2,3,4.0,4.0,1.0,226,6.472758112094393,3
44,No,Travel_Rarely,Research & Development,22,3,Medical,1844,Female,1,Laboratory Technician,Married,104530,2.0,11,1,10.0,2,3,0,2,3,3,1.0,4.0,2.0,247,10.991957939721098,3
42,No,Travel_Frequently,Sales,13,4,Life Sciences,1845,Female,2,Laboratory Technician,Single,22880,5.0,16,1,8.0,4,2,2,2,2,3,2.0,4.0,3.0,243,8.005260631001377,3
36,No,Travel_Rarely,Research & Development,14,3,Other,1846,Male,2,Research Scientist,Married,39290,0.0,24,0,6.0,6,5,0,3,2,4,1.0,1.0,3.0,233,7.6052300906056205,3
25,No,Travel_Rarely,Sales,11,3,Life Sciences,1847,Female,1,Laboratory Technician,Married,23110,1.0,11,1,5.0,2,5,0,3,3,3,3.0,1.0,3.0,236,10.396100517890776,3
35,No,Travel_Rarely,Research & Development,9,2,Life Sciences,1848,Female,1,Healthcare Representative,Married,31400,1.0,13,1,17.0,2,17,5,15,2,3,4.0,3.0,3.0,232,8.77790469348659,3
35,Yes,Travel_Frequently,Sales,8,2,Marketing,1849,Female,1,Laboratory Technician,Divorced,36900,1.0,13,1,10.0,2,10,7,8,4,3,4.0,2.0,3.0,238,9.974883286647989,3
32,No,Non-Travel,Research & Development,21,3,Life Sciences,1850,Male,1,Sales Executive,Divorced,44500,0.0,13,0,4.0,3,3,0,2,3,3,4.0,4.0,3.0,227,7.8987077826725445,3
25,No,Travel_Rarely,Sales,5,3,Marketing,1851,Female,4,Research Scientist,Married,27560,1.0,12,2,5.0,2,5,0,3,3,3,3.0,1.0,4.0,235,7.782481087470453,3
49,No,Travel_Rarely,Sales,9,3,Technical Degree,1852,Female,2,Sales Representative,Married,190330,2.0,18,1,7.0,5,4,0,2,3,3,3.0,1.0,3.0,236,7.517452919020716,3
24,No,Non-Travel,Research & Development,2,5,Technical Degree,1853,Male,2,Healthcare Representative,Married,187220,0.0,22,1,6.0,3,5,3,4,3,4,1.0,4.0,2.0,235,7.592135933806145,3
32,No,Travel_Frequently,Research & Development,12,5,Medical,1854,Male,1,Research Scientist,Married,95470,1.0,13,1,10.0,3,10,5,3,2,3,2.0,2.0,3.0,237,6.819206516643228,3
38,No,Travel_Rarely,Sales,22,2,Medical,1855,Male,1,Sales Executive,Married,137340,0.0,13,0,3.0,3,2,1,2,4,3,2.0,2.0,3.0,242,6.9378523875114775,3
42,No,Travel_Rarely,Research & Development,18,1,Technical Degree,1856,Female,2,Research Scientist,Married,199990,2.0,23,1,17.0,6,5,1,3,3,4,3.0,4.0,2.0,237,9.599522972339427,3
31,No,Travel_Rarely,Research & Development,16,3,Life Sciences,1857,Female,3,Sales Executive,Married,22790,3.0,12,1,8.0,3,6,0,2,3,3,4.0,4.0,3.0,230,10.097114734299518,3
29,Yes,Travel_Rarely,Sales,3,3,Marketing,1858,Male,3,Laboratory Technician,Divorced,59160,6.0,12,0,5.0,2,3,0,2,3,3,2.0,3.0,3.0,246,9.408224932249324,3
53,No,Travel_Rarely,Research & Development,9,3,Life Sciences,1859,Male,1,Sales Representative,Married,20890,5.0,16,0,28.0,2,2,2,2,2,3,1.0,4.0,3.0,226,6.4127458210422805,3
35,No,Travel_Rarely,Research & Development,1,3,Life Sciences,1860,Male,3,Healthcare Representative,Married,167920,3.0,12,1,16.0,3,13,4,8,4,3,4.0,2.0,3.0,242,7.1196085858585825,3
37,No,Travel_Frequently,Research & Development,13,4,Life Sciences,1861,Female,3,Human Resources,Married,35640,5.0,11,0,10.0,1,5,0,0,1,3,3.0,4.0,3.0,242,7.4012350780532605,4
53,No,Travel_Rarely,Research & Development,1,1,Medical,1862,Male,1,Sales Executive,Single,44250,6.0,22,1,33.0,2,12,3,8,4,4,4.0,4.0,3.0,241,6.695520977408946,3
43,No,Travel_Frequently,Research & Development,1,3,Medical,1863,Male,1,Laboratory Technician,Married,52650,4.0,11,1,12.0,4,5,2,2,3,3,4.0,4.0,2.0,231,7.641500721500725,3
47,No,Travel_Rarely,Sales,15,4,Marketing,1864,Female,3,Research Director,Married,65530,0.0,15,0,8.0,2,7,7,7,3,3,3.0,4.0,3.0,231,10.676666666666664,3
37,No,Non-Travel,Research & Development,1,5,Medical,1865,Female,2,Research Scientist,Single,62610,1.0,12,0,10.0,1,10,0,9,3,3,1.0,2.0,3.0,239,8.275650860065092,3
50,No,Non-Travel,Research & Development,17,3,Medical,1866,Female,1,Laboratory Technician,Divorced,42980,1.0,20,1,31.0,6,31,14,7,3,4,1.0,1.0,3.0,226,6.584802114060964,3
39,No,Travel_Rarely,Research & Development,1,3,Other,1867,Female,3,Human Resources,Married,68040,8.0,14,1,13.0,3,5,0,4,2,3,4.0,4.0,3.0,237,6.927850445382093,3
33,No,Travel_Rarely,Sales,7,3,Life Sciences,1868,Male,2,Manufacturing Director,Divorced,38150,3.0,11,1,7.0,3,4,0,3,3,3,4.0,2.0,4.0,241,9.42671046565237,3
32,Yes,Travel_Rarely,Research & Development,9,1,Medical,1869,Female,1,Laboratory Technician,Single,27410,1.0,15,1,1.0,5,1,0,1,2,3,1.0,4.0,1.0,233,9.998582498807824,3
29,No,Travel_Rarely,Research & Development,5,4,Life Sciences,1870,Female,4,Healthcare Representative,Divorced,66730,6.0,12,1,8.0,2,4,0,3,4,3,1.0,4.0,3.0,243,6.395422953818018,3
44,No,Travel_Rarely,Research & Development,26,2,Life Sciences,1871,Male,2,Manufacturing Director,Married,76390,1.0,14,0,8.0,6,8,7,1,3,3,2.0,1.0,3.0,232,9.81653017241379,4
28,No,Travel_Rarely,Sales,24,5,Life Sciences,1872,Female,1,Research Scientist,Single,23280,1.0,11,2,4.0,3,4,0,2,3,3,1.0,4.0,3.0,231,6.42939393939394,3
58,Yes,Travel_Frequently,Sales,9,2,Technical Degree,1873,Male,1,Sales Executive,Divorced,21530,9.0,11,0,3.0,3,1,0,0,3,3,4.0,4.0,2.0,239,10.503385634588563,3
43,No,Travel_Rarely,Sales,7,4,Marketing,1874,Male,2,Sales Executive,Divorced,48760,4.0,16,2,4.0,4,1,0,0,3,3,1.0,2.0,4.0,240,6.603793981481488,3
20,Yes,Travel_Rarely,Research & Development,11,3,Medical,1875,Male,2,Sales Executive,Single,93960,1.0,12,0,2.0,6,2,0,2,1,3,3.0,3.0,2.0,242,7.130230716253447,3
21,Yes,Travel_Rarely,Research & Development,1,3,Medical,1876,Male,2,Sales Executive,Single,104000,1.0,13,1,1.0,2,1,0,0,3,3,4.0,4.0,2.0,229,7.927981562348373,3
36,No,Travel_Rarely,Research & Development,26,4,Medical,1877,Male,1,Laboratory Technician,Married,84740,0.0,14,0,17.0,3,16,4,11,3,3,3.0,4.0,2.0,232,10.273963122605368,3
47,No,Travel_Rarely,Research & Development,2,3,Life Sciences,1878,Male,2,Manufacturing Director,Single,99810,1.0,21,1,3.0,3,3,1,2,3,4,4.0,4.0,2.0,245,8.480695011337867,3
22,Yes,Travel_Rarely,Research & Development,15,4,Life Sciences,1879,Female,1,Laboratory Technician,Married,124900,0.0,13,0,4.0,3,3,0,2,3,3,2.0,3.0,4.0,239,9.814876801487681,3
41,Yes,Travel_Rarely,Research & Development,23,3,Life Sciences,1880,Female,2,Sales Executive,Divorced,26570,4.0,11,0,10.0,3,7,1,0,4,3,2.0,4.0,2.0,233,10.44849427753934,3
28,No,Travel_Rarely,Research & Development,10,3,Life Sciences,1881,Female,3,Manager,Divorced,135910,5.0,20,1,6.0,2,2,2,2,3,4,3.0,3.0,3.0,244,7.680597677595627,3
39,Yes,Travel_Rarely,Research & Development,10,4,Life Sciences,1882,Female,4,Human Resources,Married,66960,7.0,11,0,8.0,3,2,2,2,3,3,4.0,1.0,1.0,241,10.692266021207928,3
27,No,Travel_Rarely,Research & Development,1,3,Medical,1883,Male,1,Research Scientist,Single,20580,1.0,14,1,1.0,5,1,0,0,3,3,2.0,3.0,3.0,228,7.6989424951267065,4
34,No,Travel_Rarely,Research & Development,12,2,Technical Degree,1884,Male,2,Human Resources,Divorced,88650,1.0,11,1,1.0,0,1,1,0,3,3,2.0,2.0,3.0,232,7.689139128352491,4
42,No,Travel_Rarely,Sales,11,1,Technical Degree,1885,Male,2,Human Resources,Single,59400,7.0,16,0,10.0,2,5,0,3,2,3,3.0,3.0,3.0,228,6.935080409356729,3
33,No,Travel_Rarely,Sales,2,3,Marketing,1886,Female,1,Sales Executive,Single,59140,3.0,16,1,6.0,4,3,0,2,3,3,3.0,1.0,3.0,243,10.52898262459992,3
58,No,Travel_Rarely,Research & Development,2,4,Life Sciences,1887,Male,1,Research Scientist,Divorced,26220,2.0,23,0,24.0,3,6,0,4,3,4,3.0,2.0,3.0,234,8.276629867046541,3
31,No,Travel_Rarely,Sales,1,3,Life Sciences,1888,Female,1,Sales Representative,Married,121850,3.0,14,0,13.0,2,7,5,2,3,3,2.0,3.0,4.0,231,6.118653198653202,3
35,No,Travel_Rarely,Research & Development,2,1,Life Sciences,1889,Male,3,Healthcare Representative,Married,106090,1.0,22,0,10.0,3,10,0,7,3,4,4.0,4.0,1.0,246,10.393815492321584,3
49,No,Travel_Rarely,Research & Development,25,2,Life Sciences,1890,Female,2,Sales Executive,Married,43450,4.0,15,0,29.0,3,26,1,7,2,3,1.0,2.0,2.0,229,6.988901018922856,3
48,No,Travel_Rarely,Research & Development,1,4,Medical,1891,Male,1,Research Scientist,Married,21770,4.0,18,0,13.0,4,0,0,0,3,3,4.0,3.0,2.0,233,6.698589651883641,3
31,No,Non-Travel,Research & Development,1,2,Technical Degree,1892,Female,2,Sales Executive,Married,27930,1.0,16,0,9.0,4,9,0,0,3,3,4.0,3.0,2.0,238,7.0847747432306205,3
36,No,Travel_Rarely,Human Resources,2,4,Technical Degree,1893,Male,1,Sales Executive,Single,79180,2.0,12,2,8.0,3,6,0,1,2,3,2.0,4.0,3.0,237,6.5180614158462244,3
38,No,Travel_Rarely,Sales,6,3,Other,1894,Male,2,Sales Executive,Married,87890,1.0,11,3,15.0,4,15,5,11,3,3,4.0,1.0,3.0,237,7.100772386310365,3
32,No,Non-Travel,Sales,18,3,Marketing,1895,Male,1,Laboratory Technician,Married,23890,6.0,12,1,5.0,4,3,0,2,2,3,3.0,2.0,3.0,241,7.129615029967728,3
25,Yes,Travel_Rarely,Research & Development,1,2,Life Sciences,1896,Male,1,Sales Executive,Married,32120,1.0,15,1,1.0,3,1,0,0,2,3,3.0,2.0,3.0,231,8.878624338624343,3
40,No,Travel_Rarely,Research & Development,1,4,Medical,1897,Male,2,Research Scientist,Divorced,192320,2.0,14,1,11.0,3,1,0,0,3,3,1.0,2.0,2.0,230,6.146567632850238,3
26,No,Travel_Frequently,Sales,11,3,Marketing,1898,Male,2,Healthcare Representative,Single,22670,1.0,19,3,7.0,2,7,0,7,2,3,3.0,1.0,3.0,235,7.61793617021277,3
41,No,Travel_Rarely,Research & Development,1,4,Medical,1899,Male,1,Research Scientist,Single,195170,2.0,13,0,20.0,5,18,2,17,3,3,4.0,1.0,3.0,232,10.680597461685819,3
36,No,Travel_Rarely,Research & Development,9,3,Life Sciences,1900,Female,2,Healthcare Representative,Single,24360,4.0,13,0,16.0,3,11,3,9,1,3,3.0,3.0,3.0,229,7.103128335759339,4
19,Yes,Travel_Rarely,Research & Development,15,3,Life Sciences,1901,Male,2,Research Scientist,Single,160640,1.0,15,1,1.0,3,1,0,0,3,3,4.0,2.0,4.0,236,10.603697033898309,3
20,Yes,Travel_Rarely,Research & Development,29,3,Life Sciences,1902,Female,3,Laboratory Technician,Single,27070,1.0,11,0,1.0,2,1,0,0,3,3,1.0,1.0,3.0,233,6.124794945159752,4
31,No,Travel_Rarely,Research & Development,1,4,Life Sciences,1903,Male,4,Research Director,Married,190680,0.0,12,0,10.0,1,9,8,5,3,3,4.0,4.0,1.0,234,8.312946343779677,3
40,No,Travel_Frequently,Sales,1,3,Marketing,1904,Male,1,Research Scientist,Divorced,39310,8.0,19,0,3.0,2,1,0,0,2,3,4.0,2.0,3.0,236,8.087346986817323,4
32,No,Travel_Rarely,Research & Development,24,3,Life Sciences,1905,Male,4,Laboratory Technician,Married,37300,1.0,25,1,8.0,4,8,6,3,3,4,3.0,1.0,4.0,238,7.884835434173674,3
36,Yes,Travel_Rarely,Research & Development,10,3,Medical,1906,Male,3,Sales Executive,Married,22320,1.0,12,1,16.0,2,16,3,7,3,3,3.0,4.0,3.0,240,9.798302083333342,3
33,No,Travel_Rarely,Research & Development,1,4,Medical,1907,Female,4,Manufacturing Director,Single,44650,0.0,13,0,6.0,3,5,1,4,3,3,2.0,4.0,3.0,240,6.025150462962965,3
37,Yes,Travel_Rarely,Sales,10,4,Marketing,1908,Female,3,Human Resources,Married,30720,5.0,14,0,17.0,3,14,11,7,2,3,1.0,3.0,1.0,227,6.278001713166909,3
45,No,Non-Travel,Research & Development,8,1,Life Sciences,1909,Male,2,Sales Executive,Married,33190,1.0,12,1,9.0,3,9,0,8,3,3,3.0,2.0,2.0,240,6.2651759259259245,3
29,No,Travel_Frequently,Research & Development,29,1,Life Sciences,1910,Male,1,Sales Representative,Married,192020,1.0,12,0,3.0,5,3,0,2,3,3,3.0,4.0,3.0,246,7.607713414634153,3
35,No,Travel_Rarely,Human Resources,1,3,Human Resources,1911,Male,3,Laboratory Technician,Married,136750,1.0,15,3,5.0,5,5,1,0,2,3,3.0,3.0,3.0,231,6.359511784511786,4
52,No,Travel_Rarely,Research & Development,5,4,Other,1912,Male,1,Laboratory Technician,Married,29110,2.0,17,2,26.0,3,9,7,8,3,3,4.0,4.0,3.0,244,7.022838114754093,3
58,Yes,Travel_Rarely,Sales,9,2,Medical,1913,Female,4,Sales Executive,Single,59570,4.0,14,1,7.0,2,1,0,0,1,3,4.0,3.0,3.0,243,7.523892318244169,3
53,No,Travel_Rarely,Research & Development,9,3,Technical Degree,1914,Male,1,Manager,Divorced,39200,6.0,16,1,22.0,3,17,15,2,3,3,3.0,3.0,4.0,229,6.507214944201844,3
30,No,Travel_Rarely,Sales,3,4,Marketing,1915,Male,1,Sales Executive,Divorced,64340,5.0,14,1,10.0,3,8,7,7,2,3,3.0,3.0,4.0,242,8.010463728191008,3
38,No,Non-Travel,Sales,4,3,Life Sciences,1916,Male,2,Research Director,Single,100480,1.0,23,1,6.0,2,5,1,3,3,4,3.0,4.0,3.0,241,8.107534578146605,3
35,No,Travel_Rarely,Sales,1,2,Life Sciences,1917,Female,2,Healthcare Representative,Divorced,109380,6.0,14,2,12.0,2,10,0,8,1,3,4.0,4.0,3.0,227,7.291010768477728,3
39,No,Travel_Rarely,Sales,1,1,Marketing,1918,Male,2,Research Scientist,Single,23400,0.0,11,1,9.0,2,8,0,7,2,3,1.0,3.0,3.0,234,6.524470560303896,3
40,Yes,Non-Travel,Research & Development,2,4,Life Sciences,1919,Male,1,Human Resources,Single,65450,4.0,15,0,22.0,2,1,0,0,3,3,2.0,2.0,2.0,231,9.49672198172198,3
47,No,Travel_Frequently,Research & Development,7,4,Life Sciences,1920,Male,3,Sales Executive,Divorced,69310,1.0,11,0,20.0,3,19,2,7,3,3,3.0,3.0,4.0,239,10.112135053463504,3
36,No,Non-Travel,Sales,28,1,Life Sciences,1921,Male,2,Research Scientist,Divorced,48980,4.0,13,1,12.0,3,7,0,7,3,3,1.0,4.0,3.0,242,6.763366620752987,3
31,Yes,Non-Travel,Research & Development,28,4,Medical,1922,Male,2,Research Scientist,Single,25930,0.0,21,0,4.0,2,3,1,2,3,4,3.0,1.0,3.0,236,8.197051553672319,3
33,No,Non-Travel,Sales,15,3,Other,1923,Male,4,Research Director,Single,194360,1.0,19,2,10.0,4,10,6,0,3,3,4.0,3.0,3.0,232,7.91394995210728,3
29,Yes,Travel_Rarely,Human Resources,3,5,Life Sciences,1924,Male,1,Sales Executive,Single,27230,6.0,11,1,3.0,2,0,0,0,2,3,4.0,1.0,3.0,246,10.298806458897914,3
33,No,Travel_Rarely,Research & Development,2,2,Technical Degree,1925,Male,2,Laboratory Technician,Single,34790,3.0,12,0,5.0,3,3,0,2,3,3,2.0,4.0,3.0,231,7.5163455988456045,3
45,No,Travel_Rarely,Research & Development,26,1,Medical,1926,Female,3,Healthcare Representative,Divorced,27940,3.0,19,1,8.0,2,5,0,2,3,3,4.0,4.0,3.0,227,6.998797112090062,3
50,No,Travel_Rarely,Sales,10,1,Life Sciences,1927,Female,1,Manufacturing Director,Divorced,52490,9.0,21,2,32.0,2,5,1,3,2,4,4.0,4.0,2.0,234,7.395396486229815,3
33,No,Travel_Frequently,Sales,1,3,Marketing,1928,Male,2,Human Resources,Married,21760,1.0,14,1,6.0,2,6,1,2,2,3,3.0,2.0,3.0,242,8.975154958677692,3
41,No,Travel_Frequently,Sales,11,3,Other,1929,Male,1,Laboratory Technician,Divorced,168720,2.0,15,1,21.0,2,18,0,11,3,3,1.0,3.0,4.0,229,7.890107957302276,3
27,No,Travel_Rarely,Research & Development,20,4,Other,1930,Male,2,Manufacturing Director,Married,34850,9.0,17,2,4.0,2,2,2,2,3,3,3.0,2.0,3.0,244,7.09268101092896,3
45,No,Non-Travel,Sales,2,3,Medical,1931,Female,1,Sales Executive,Married,66440,1.0,12,0,9.0,3,9,0,8,4,3,4.0,1.0,3.0,244,8.691242030965395,3
47,No,Travel_Rarely,Sales,18,4,Medical,1932,Female,2,Research Scientist,Single,55820,1.0,16,0,9.0,3,9,0,7,3,3,4.0,4.0,3.0,240,8.015667824074068,3
30,Yes,Travel_Rarely,Sales,2,3,Life Sciences,1933,Male,2,Healthcare Representative,Married,40000,4.0,12,0,7.0,5,5,0,1,2,3,1.0,3.0,3.0,232,10.489197796934858,3
50,No,Travel_Rarely,Research & Development,1,3,Technical Degree,1934,Female,2,Sales Executive,Married,134960,3.0,18,1,22.0,3,12,1,5,3,3,4.0,3.0,3.0,242,9.492560835629016,3
38,No,Travel_Frequently,Research & Development,13,3,Technical Degree,1935,Male,1,Manufacturing Director,Married,32100,0.0,17,2,3.0,5,2,0,2,2,3,3.0,3.0,2.0,231,7.6981253006253,3
46,No,Travel_Rarely,Research & Development,28,3,Medical,1936,Female,3,Human Resources,Divorced,190450,6.0,11,3,13.0,2,8,0,7,3,3,4.0,3.0,3.0,244,6.909803051001818,3
24,No,Travel_Rarely,Sales,28,3,Life Sciences,1937,Female,1,Healthcare Representative,Divorced,118490,1.0,16,1,5.0,3,4,3,2,3,3,4.0,3.0,3.0,237,6.552236286919832,3
35,Yes,Travel_Rarely,Sales,24,3,Medical,1938,Male,3,Healthcare Representative,Divorced,20700,1.0,13,3,5.0,1,4,0,2,2,3,3.0,2.0,1.0,246,9.331365176151754,3
31,No,Travel_Frequently,Research & Development,5,2,Technical Degree,1939,Male,2,Sales Executive,Married,65020,1.0,12,0,4.0,3,4,0,3,3,3,3.0,1.0,3.0,237,6.272699249882794,3
18,No,Non-Travel,Sales,5,4,Other,1940,Male,2,Manager,Single,32300,1.0,12,1,0.0,3,0,0,0,3,3,2.0,4.0,3.0,228,6.3218530701754405,4
54,No,Travel_Rarely,Sales,23,3,Medical,1941,Female,1,Laboratory Technician,Married,136030,8.0,13,1,22.0,2,10,0,8,3,3,3.0,3.0,3.0,238,6.6002742763772195,3
35,No,Travel_Rarely,Research & Development,6,4,Medical,1942,Female,1,Manufacturing Director,Divorced,119960,1.0,19,2,16.0,3,16,10,1,3,3,3.0,3.0,2.0,240,9.598844907407418,3
30,No,Travel_Rarely,Research & Development,4,3,Life Sciences,1943,Female,5,Healthcare Representative,Married,56050,0.0,12,1,9.0,0,8,1,7,2,3,2.0,1.0,2.0,244,10.098746584699459,3
20,Yes,Travel_Rarely,Research & Development,2,2,Life Sciences,1944,Female,2,Research Scientist,Single,63970,1.0,17,1,1.0,3,1,0,0,3,3,4.0,1.0,3.0,229,8.311527171276078,3
30,Yes,Travel_Frequently,Research & Development,8,4,Medical,1945,Male,1,Sales Executive,Single,191440,0.0,11,0,4.0,3,3,1,2,3,3,2.0,2.0,3.0,242,7.59495867768595,3
26,No,Travel_Rarely,Sales,1,3,Marketing,1946,Female,2,Research Scientist,Married,175840,1.0,20,0,8.0,2,8,1,3,3,4,4.0,4.0,3.0,233,7.939711492608486,3
22,No,Travel_Rarely,Research & Development,8,3,Other,1947,Male,2,Sales Representative,Married,49070,1.0,21,1,4.0,2,4,1,1,3,4,2.0,1.0,2.0,232,7.302466475095791,3
48,No,Travel_Rarely,Human Resources,2,4,Medical,1948,Male,2,Sales Executive,Single,45540,2.0,11,2,19.0,3,2,2,2,3,3,1.0,3.0,3.0,235,8.018559101654837,4
48,No,Travel_Rarely,Sales,3,3,Medical,1949,Male,1,Research Director,Single,54150,7.0,11,1,27.0,1,15,4,8,3,3,3.0,3.0,3.0,230,6.501231884057971,3
41,No,Travel_Rarely,Research & Development,2,3,Life Sciences,1950,Male,2,Research Scientist,Single,47410,6.0,16,0,8.0,3,2,2,1,3,3,4.0,3.0,3.0,244,6.912519353369762,3
39,No,Travel_Rarely,Sales,2,3,Life Sciences,1951,Male,3,Human Resources,Married,21150,1.0,18,0,21.0,3,21,11,8,4,3,4.0,4.0,3.0,245,7.0958231292517,3
27,No,Travel_Rarely,Research & Development,3,3,Life Sciences,1952,Male,2,Human Resources,Married,31610,0.0,13,2,4.0,0,3,2,2,3,3,1.0,4.0,3.0,240,7.298778935185187,3
35,No,Travel_Rarely,Sales,24,3,Medical,1953,Male,5,Sales Executive,Divorced,57450,1.0,17,3,3.0,4,3,1,2,3,3,2.0,4.0,2.0,233,6.932994754411063,4
42,No,Travel_Rarely,Research & Development,23,4,Other,1954,Male,1,Research Scientist,Married,23730,6.0,14,1,21.0,3,1,0,0,4,3,4.0,3.0,3.0,233,8.008321411540294,3
50,No,Travel_Rarely,Sales,27,3,Medical,1955,Male,2,Sales Executive,Married,33100,4.0,22,1,8.0,3,1,0,0,4,4,1.0,4.0,3.0,230,6.182229468599034,3
59,No,Travel_Rarely,Research & Development,16,4,Medical,1956,Female,5,Laboratory Technician,Single,186650,3.0,12,0,30.0,3,5,4,3,2,3,3.0,4.0,3.0,244,10.114922586520953,3
37,Yes,Travel_Rarely,Sales,15,3,Marketing,1957,Male,2,Laboratory Technician,Married,44850,5.0,11,1,15.0,2,1,0,0,4,3,1.0,2.0,1.0,241,6.593880820654677,3
55,No,Travel_Frequently,Research & Development,26,2,Life Sciences,1958,Female,2,Sales Executive,Married,27890,3.0,13,1,17.0,2,8,6,7,2,3,3.0,2.0,3.0,243,8.587631458619109,3
41,No,Non-Travel,Research & Development,19,1,Life Sciences,1959,Male,2,Research Scientist,Divorced,58280,1.0,13,0,21.0,0,21,5,10,3,3,2.0,3.0,3.0,234,6.287888176638178,5
38,No,Travel_Rarely,Research & Development,24,2,Other,1960,Female,1,Laboratory Technician,Single,23260,8.0,14,0,19.0,3,1,0,0,4,3,2.0,4.0,3.0,242,8.395889577594126,3
26,Yes,Non-Travel,Research & Development,21,1,Life Sciences,1961,Female,1,Manufacturing Director,Single,135250,8.0,17,1,7.0,4,2,2,2,2,3,2.0,1.0,3.0,233,7.712278254649499,3
52,Yes,Travel_Rarely,Research & Development,5,4,Medical,1962,Female,4,Human Resources,Married,14200,1.0,13,1,33.0,2,32,6,9,4,3,1.0,4.0,3.0,240,6.017824074074072,3
44,No,Travel_Rarely,Research & Development,16,3,Life Sciences,1963,Female,1,Healthcare Representative,Married,80200,3.0,11,1,23.0,2,12,11,11,3,3,4.0,4.0,3.0,234,10.903643162393166,3
50,No,Non-Travel,Human Resources,2,2,Life Sciences,1964,Male,1,Laboratory Technician,Married,36880,0.0,11,0,19.0,3,18,0,13,2,3,4.0,3.0,3.0,229,6.506327025715674,4
36,Yes,Travel_Rarely,Sales,2,4,Technical Degree,1965,Male,4,Sales Executive,Single,54820,1.0,18,0,18.0,3,17,15,14,3,3,3.0,1.0,3.0,239,7.778434449093448,3
39,No,Travel_Frequently,Sales,11,3,Marketing,1966,Male,1,Sales Executive,Single,160150,1.0,11,0,21.0,3,21,2,8,4,3,4.0,1.0,3.0,232,10.819688697318005,3
33,No,Non-Travel,Sales,9,2,Technical Degree,1967,Male,5,Sales Representative,Single,12000,0.0,11,1,3.0,3,2,2,2,3,3,2.0,4.0,2.0,234,7.579043209876543,3
45,No,Travel_Rarely,Research & Development,7,2,Other,1968,Male,1,Human Resources,Married,56610,3.0,12,0,26.0,2,9,1,1,2,3,4.0,4.0,4.0,237,7.403393108298168,4
32,No,Non-Travel,Research & Development,15,3,Medical,1969,Male,2,Manager,Single,69290,9.0,20,0,10.0,6,8,7,7,1,4,4.0,3.0,3.0,234,7.2294230769230845,3
34,No,Travel_Rarely,Sales,6,4,Marketing,1970,Male,2,Research Director,Divorced,96130,0.0,12,1,16.0,5,15,0,9,2,3,2.0,4.0,2.0,233,7.093754172627569,3
59,No,Travel_Rarely,Research & Development,5,3,Life Sciences,1971,Male,2,Research Scientist,Married,56740,3.0,12,0,14.0,6,6,0,4,3,3,2.0,4.0,1.0,243,8.101909007773203,3
45,No,Travel_Rarely,Research & Development,16,1,Medical,1972,Male,2,Sales Executive,Single,54840,1.0,20,3,6.0,6,6,0,4,3,4,2.0,2.0,3.0,243,6.70566643804298,3
53,No,Travel_Frequently,Sales,8,2,Medical,1973,Male,2,Research Scientist,Married,120610,2.0,20,1,30.0,2,15,6,12,4,4,3.0,2.0,3.0,230,7.802464975845408,4
36,Yes,Travel_Rarely,Research & Development,7,2,Life Sciences,1974,Female,1,Research Scientist,Divorced,56600,7.0,12,0,9.0,3,1,0,0,3,3,1.0,3.0,2.0,229,6.082717127607953,4
26,Yes,Travel_Frequently,Sales,2,3,Life Sciences,1975,Male,2,Research Scientist,Married,48210,6.0,14,2,6.0,2,3,1,2,3,3,1.0,1.0,3.0,242,8.196520890725436,3
34,No,Travel_Rarely,Research & Development,2,2,Life Sciences,1976,Male,1,Sales Representative,Married,64100,1.0,13,1,1.0,5,1,0,0,2,3,3.0,3.0,3.0,246,9.193808717253845,3
28,No,Travel_Rarely,Research & Development,10,3,Other,1977,Male,2,Sales Representative,Married,52100,1.0,15,0,1.0,1,1,0,0,4,3,4.0,2.0,3.0,242,7.835804637281911,3
38,No,Travel_Frequently,Sales,9,4,Medical,1978,Male,2,Research Scientist,Married,26950,3.0,14,1,8.0,4,2,2,2,1,3,3.0,3.0,3.0,240,7.572165509259261,3
50,No,Travel_Rarely,Research & Development,5,4,Life Sciences,1979,Male,1,Sales Executive,Married,118780,2.0,13,1,29.0,2,8,7,7,3,3,2.0,3.0,2.0,246,9.595780261969285,3
37,No,Travel_Rarely,Research & Development,1,3,Life Sciences,1980,Male,1,Laboratory Technician,Single,170680,3.0,23,0,8.0,6,4,0,1,3,4,4.0,2.0,2.0,230,7.3082512077294695,3
40,No,Travel_Rarely,Human Resources,2,3,Medical,1981,Male,5,Sales Executive,Married,24550,1.0,15,1,8.0,2,7,7,5,3,3,3.0,1.0,2.0,226,6.077394296951819,3
26,No,Travel_Frequently,Research & Development,3,3,Medical,1982,Male,2,Laboratory Technician,Divorced,139640,1.0,11,2,5.0,1,5,1,3,2,3,1.0,3.0,3.0,237,7.705097280825126,3
46,No,Travel_Rarely,Research & Development,2,1,Medical,1983,Female,3,Research Scientist,Divorced,49410,9.0,13,2,23.0,2,2,2,2,2,3,4.0,4.0,3.0,240,7.41658449074074,3
54,No,Travel_Rarely,Research & Development,5,3,Medical,1984,Female,2,Manufacturing Director,Married,24780,6.0,11,0,13.0,0,9,7,0,3,3,3.0,3.0,3.0,229,7.663896166909271,3
56,No,Travel_Frequently,Research & Development,1,2,Life Sciences,1985,Female,2,Manufacturing Director,Married,52280,2.0,11,0,18.0,4,5,0,3,3,3,1.0,3.0,3.0,237,6.907202297233941,3
36,No,Travel_Rarely,Research & Development,4,2,Life Sciences,1986,Female,2,Human Resources,Single,44780,0.0,18,1,15.0,3,14,7,8,3,3,4.0,4.0,2.0,233,6.615435145445876,3
55,No,Non-Travel,Research & Development,2,3,Medical,1987,Female,2,Manager,Single,75470,7.0,16,0,31.0,2,9,6,2,2,3,3.0,1.0,4.0,242,6.079126492194671,3
43,No,Travel_Rarely,Sales,25,2,Life Sciences,1988,Male,3,Research Scientist,Divorced,50550,5.0,22,0,18.0,2,1,0,0,2,4,3.0,4.0,3.0,236,7.917314030131826,3
20,Yes,Travel_Frequently,Sales,8,3,Marketing,1989,Male,3,Sales Executive,Single,34640,1.0,20,0,2.0,3,2,0,2,2,4,4.0,4.0,3.0,234,9.131183523266856,3
21,Yes,Travel_Rarely,Research & Development,1,4,Life Sciences,1990,Male,1,Manager,Single,57750,1.0,18,0,1.0,2,1,1,0,3,3,3.0,1.0,2.0,233,6.64519909394373,3
46,No,Travel_Rarely,Sales,12,3,Marketing,1991,Female,3,Healthcare Representative,Divorced,89430,8.0,12,1,19.0,6,16,1,7,3,3,4.0,1.0,3.0,243,10.970847050754458,3
51,Yes,Travel_Rarely,Sales,23,3,Medical,1992,Female,2,Research Scientist,Married,192720,9.0,20,0,18.0,2,10,2,7,3,4,1.0,3.0,4.0,233,8.685112064854557,3
28,Yes,Non-Travel,Research & Development,19,4,Life Sciences,1993,Female,4,Laboratory Technician,Single,52380,1.0,17,1,10.0,4,10,1,9,2,3,2.0,1.0,2.0,242,7.391012396694218,3
26,No,Travel_Rarely,Research & Development,5,4,Medical,1994,Female,2,Sales Executive,Married,46820,1.0,11,1,6.0,3,5,1,3,1,3,1.0,1.0,3.0,242,7.49014692378329,3
30,No,Travel_Rarely,Research & Development,8,3,Medical,1995,Female,1,Sales Executive,Married,183000,0.0,14,0,7.0,6,6,0,2,3,3,3.0,1.0,2.0,243,6.24018518518519,3
41,No,Travel_Rarely,Sales,1,4,Life Sciences,1996,Female,1,Research Director,Married,52570,1.0,14,0,10.0,2,10,0,8,4,3,2.0,3.0,3.0,245,7.893505668934243,3
38,No,Travel_Rarely,Research & Development,5,3,Technical Degree,1997,Male,1,Sales Executive,Married,63490,2.0,11,0,20.0,3,19,1,9,3,3,3.0,3.0,2.0,239,7.2894444444444435,3
40,No,Travel_Rarely,Sales,1,4,Marketing,1998,Male,1,Sales Executive,Married,48690,4.0,12,0,14.0,2,11,11,1,3,3,1.0,4.0,3.0,233,7.923896041964709,3
27,No,Non-Travel,Sales,11,3,Technical Degree,1999,Female,2,Laboratory Technician,Married,99850,1.0,14,1,3.0,3,3,1,2,2,3,1.0,3.0,3.0,241,7.991452282157674,3
55,No,Travel_Frequently,Research & Development,23,5,Life Sciences,2000,Male,3,Laboratory Technician,Married,36970,3.0,13,1,23.0,1,3,1,2,3,3,4.0,2.0,3.0,240,6.704065972222222,3
28,No,Travel_Rarely,Research & Development,1,3,Life Sciences,2001,Male,2,Healthcare Representative,Single,74570,3.0,11,2,10.0,1,8,1,7,4,3,3.0,3.0,4.0,242,6.568142791551883,3
44,Yes,Travel_Rarely,Research & Development,18,4,Life Sciences,2002,Female,2,Sales Executive,Married,21190,9.0,15,0,24.0,3,20,3,6,3,3,2.0,1.0,3.0,229,6.171379184861718,4
33,No,Travel_Rarely,Sales,23,4,Marketing,2003,Female,4,Sales Executive,Divorced,39830,4.0,12,0,9.0,3,3,1,2,3,3,4.0,4.0,3.0,243,6.38026748971193,3
35,Yes,Travel_Rarely,Sales,7,4,Life Sciences,2004,Male,3,Sales Representative,Single,61180,0.0,21,1,9.0,3,8,4,7,2,4,4.0,1.0,3.0,236,9.781843220338985,3
33,Yes,Travel_Frequently,Research & Development,1,2,Life Sciences,2005,Female,1,Sales Executive,Single,62140,1.0,19,2,14.0,3,13,3,8,3,3,1.0,3.0,3.0,241,7.778514292300598,3
28,No,Travel_Rarely,Human Resources,1,1,Human Resources,2006,Male,2,Research Scientist,Divorced,63470,1.0,15,1,4.0,2,4,2,2,3,3,1.0,3.0,2.0,241,6.709533195020743,4
34,No,Travel_Frequently,Sales,29,4,Marketing,2007,Male,1,Research Scientist,Single,115100,0.0,14,1,7.0,5,6,0,4,3,3,1.0,4.0,2.0,238,6.7211449579831894,3
37,No,Travel_Rarely,Research & Development,7,4,Life Sciences,2008,Male,4,Sales Executive,Divorced,71430,2.0,21,0,8.0,6,1,0,0,2,4,4.0,4.0,3.0,244,10.59214594717669,3
25,Yes,Travel_Rarely,Human Resources,25,4,Human Resources,2009,Female,2,Research Scientist,Married,82680,1.0,12,0,7.0,3,7,5,6,2,3,4.0,4.0,4.0,234,10.8656742640076,3
26,Yes,Travel_Rarely,Sales,8,2,Marketing,2010,Male,2,Sales Executive,Divorced,80950,1.0,15,0,1.0,3,1,0,0,4,3,1.0,3.0,2.0,233,7.789679303767285,4
33,Yes,Travel_Rarely,Research & Development,8,2,Life Sciences,2011,Male,4,Manufacturing Director,Single,29040,4.0,13,0,5.0,2,2,2,2,3,3,1.0,2.0,3.0,245,10.21621541950113,3
42,No,Travel_Rarely,Research & Development,11,1,Life Sciences,2012,Male,4,Research Scientist,Married,60320,0.0,14,0,23.0,2,22,13,7,2,3,4.0,1.0,3.0,240,6.808238425925923,3
28,Yes,Travel_Frequently,Research & Development,7,3,Life Sciences,2013,Male,2,Manager,Divorced,29760,1.0,14,0,1.0,3,1,0,0,3,3,1.0,2.0,3.0,237,6.281261134552276,3
50,Yes,Travel_Frequently,Research & Development,1,4,Medical,2014,Male,2,Research Scientist,Single,159920,3.0,14,0,5.0,3,0,0,0,3,3,4.0,3.0,3.0,234,10.508785612535613,3
33,No,Travel_Frequently,Sales,9,3,Medical,2015,Female,2,Research Scientist,Married,46490,0.0,12,0,4.0,2,3,0,2,2,3,4.0,2.0,3.0,236,8.008199152542376,4
34,No,Non-Travel,Sales,1,1,Marketing,2016,Female,2,Research Director,Married,26960,3.0,23,0,6.0,3,0,0,0,3,4,3.0,4.0,3.0,243,7.104967992684047,3
48,No,Non-Travel,Sales,2,1,Life Sciences,2017,Male,2,Sales Executive,Single,23700,2.0,11,0,27.0,3,5,2,1,3,3,1.0,4.0,3.0,234,6.1985363247863265,3
45,No,Non-Travel,Research & Development,1,3,Medical,2018,Female,2,Human Resources,Married,125040,1.0,12,1,15.0,2,15,4,12,3,3,2.0,3.0,3.0,239,6.020285913528594,3
52,No,Travel_Rarely,Sales,1,3,Life Sciences,2019,Male,1,Sales Executive,Single,59740,7.0,18,1,18.0,6,8,4,0,3,3,2.0,2.0,3.0,229,8.013191411935953,3
38,No,Travel_Rarely,Research & Development,6,2,Medical,2020,Male,1,Research Scientist,Divorced,47360,0.0,11,1,9.0,3,8,2,7,2,3,3.0,3.0,3.0,239,10.692461645746167,3
29,No,Travel_Rarely,Research & Development,8,3,Medical,2021,Female,4,Research Scientist,Divorced,52960,4.0,14,0,11.0,3,7,1,7,4,3,3.0,4.0,3.0,242,6.314566115702479,3
28,No,Travel_Rarely,Human Resources,1,3,Human Resources,2022,Female,4,Laboratory Technician,Divorced,67810,0.0,15,1,10.0,2,9,1,7,3,3,4.0,2.0,2.0,232,6.909151101532568,3
46,No,Travel_Rarely,Research & Development,6,4,Medical,2023,Male,3,Sales Executive,Married,21740,3.0,11,1,23.0,3,12,4,9,3,3,1.0,3.0,3.0,226,6.393413225172075,3
38,No,Travel_Rarely,Research & Development,7,4,Medical,2024,Male,1,Sales Executive,Single,66530,7.0,20,1,10.0,2,1,0,0,3,4,4.0,2.0,3.0,231,7.378476430976427,3
43,No,Travel_Frequently,Research & Development,5,3,Medical,2025,Female,2,Laboratory Technician,Married,96990,8.0,19,1,18.0,3,8,0,1,3,3,3.0,1.0,3.0,242,7.0701698806244275,3
39,Yes,Travel_Frequently,Sales,1,3,Marketing,2026,Male,2,Healthcare Representative,Divorced,67550,7.0,14,1,21.0,2,18,11,5,3,3,1.0,4.0,3.0,229,7.2104051431343965,3
40,No,Travel_Rarely,Research & Development,1,1,Life Sciences,2027,Male,1,Healthcare Representative,Single,22130,1.0,17,0,21.0,4,20,4,9,3,3,3.0,3.0,4.0,243,6.008475080018289,3
21,No,Travel_Rarely,Research & Development,1,4,Life Sciences,2028,Female,1,Research Scientist,Single,26100,1.0,11,1,2.0,3,2,2,2,2,3,4.0,2.0,4.0,231,10.507815055315051,3
39,No,Non-Travel,Research & Development,6,3,Life Sciences,2029,Male,1,Laboratory Technician,Single,28510,9.0,15,0,9.0,2,5,0,3,3,3,3.0,2.0,2.0,243,6.212142203932329,3
36,No,Non-Travel,Research & Development,1,3,Medical,2030,Male,3,Sales Representative,Single,34520,2.0,13,3,18.0,4,11,0,9,4,3,1.0,4.0,3.0,239,7.21404346815434,3
31,No,Travel_Frequently,Research & Development,7,3,Life Sciences,2031,Male,1,Sales Executive,Married,52580,0.0,14,3,3.0,5,2,2,2,3,3,3.0,4.0,3.0,241,6.611494928538499,3
28,No,Travel_Rarely,Sales,2,4,Marketing,2032,Male,1,Sales Executive,Married,93550,0.0,11,0,6.0,4,5,0,4,3,3,1.0,2.0,1.0,237,7.5153891233005155,3
35,No,Travel_Frequently,Research & Development,9,2,Other,2033,Female,1,Manufacturing Director,Divorced,104960,1.0,13,1,5.0,2,5,0,2,3,3,4.0,4.0,3.0,227,6.602540381791486,3
49,No,Travel_Rarely,Sales,2,2,Medical,2034,Female,1,Sales Executive,Married,63800,6.0,23,1,22.0,1,9,2,3,2,4,4.0,2.0,3.0,239,7.179248024174801,3
34,No,Travel_Frequently,Sales,9,1,Technical Degree,2035,Male,2,Sales Executive,Single,26570,2.0,13,1,5.0,3,3,0,2,2,3,4.0,3.0,2.0,242,8.006655188246096,3
29,No,Travel_Frequently,Research & Development,1,4,Medical,2036,Male,3,Research Scientist,Divorced,27160,0.0,18,0,8.0,2,7,1,1,1,3,4.0,2.0,2.0,240,7.090194444444445,3
42,No,Travel_Rarely,Sales,21,2,Life Sciences,2037,Female,1,Healthcare Representative,Single,22010,4.0,12,1,16.0,3,1,0,0,4,3,2.0,4.0,3.0,231,7.20496512746513,3
29,No,Travel_Rarely,Sales,4,2,Other,2038,Female,2,Healthcare Representative,Married,65400,1.0,22,0,10.0,2,10,1,2,1,4,2.0,4.0,2.0,239,10.868111343561136,4
38,No,Travel_Rarely,Research & Development,1,3,Medical,2039,Female,1,Human Resources,Married,38160,1.0,13,2,7.0,2,7,5,0,2,3,3.0,3.0,4.0,231,6.522217412217417,4
28,No,Travel_Frequently,Sales,6,4,Life Sciences,2040,Male,1,Manager,Divorced,52530,1.0,15,0,3.0,2,3,0,2,3,3,3.0,3.0,3.0,244,10.723506375227698,3
18,Yes,Non-Travel,Research & Development,2,4,Medical,2041,Male,3,Laboratory Technician,Single,109650,1.0,18,0,0.0,5,0,0,0,4,3,3.0,3.0,3.0,228,6.990631091617932,3
33,Yes,Travel_Rarely,Research & Development,3,2,Life Sciences,2042,Male,1,Sales Executive,Single,49360,0.0,14,0,6.0,2,5,0,3,2,3,1.0,1.0,3.0,246,8.961151761517607,3
41,No,Travel_Rarely,Research & Development,4,2,Medical,2043,Male,2,Research Scientist,Married,25430,3.0,12,0,6.0,3,1,0,0,3,3,2.0,4.0,3.0,234,8.104184472934472,3
31,Yes,Travel_Frequently,Sales,10,3,Technical Degree,2044,Female,1,Research Director,Married,53040,1.0,17,0,2.0,3,2,2,2,4,3,3.0,3.0,2.0,241,7.059042185338868,3
37,No,Travel_Rarely,Research & Development,23,3,Life Sciences,2045,Male,3,Manufacturing Director,Divorced,166590,7.0,16,1,9.0,2,6,1,3,3,3,3.0,4.0,3.0,246,7.96013775971093,3
27,No,Travel_Rarely,Research & Development,6,2,Medical,2046,Female,1,Healthcare Representative,Married,42600,1.0,11,2,4.0,2,4,2,2,3,3,4.0,3.0,3.0,231,7.3968157768157745,3
34,No,Travel_Rarely,Sales,1,1,Marketing,2047,Female,2,Laboratory Technician,Married,24760,1.0,19,0,6.0,2,6,1,3,3,3,2.0,3.0,2.0,237,7.093543131739334,3
35,No,Travel_Rarely,Research & Development,6,3,Life Sciences,2048,Female,3,Laboratory Technician,Single,31020,1.0,13,1,6.0,3,5,1,4,2,3,3.0,3.0,1.0,243,6.788368770004571,3
29,Yes,Travel_Rarely,Research & Development,6,3,Life Sciences,2049,Male,1,Sales Executive,Married,22440,1.0,12,3,11.0,5,11,3,10,1,3,4.0,1.0,1.0,243,6.798305898491088,3
40,No,Travel_Frequently,Research & Development,2,4,Medical,2050,Male,4,Human Resources,Single,75960,9.0,11,0,20.0,0,18,2,13,1,3,2.0,3.0,2.0,238,6.733001867413632,3
42,Yes,Travel_Frequently,Sales,2,4,Life Sciences,2051,Male,1,Laboratory Technician,Single,22850,0.0,16,0,22.0,3,21,13,14,1,3,3.0,1.0,2.0,242,8.040693296602388,3
42,No,Travel_Rarely,Research & Development,1,2,Life Sciences,2052,Male,4,Laboratory Technician,Single,30340,7.0,21,1,9.0,3,6,1,5,2,4,2.0,1.0,4.0,231,7.692869167869165,3
35,No,Travel_Rarely,Research & Development,5,3,Medical,2053,Male,1,Healthcare Representative,Married,57150,6.0,24,2,10.0,0,8,1,7,3,4,4.0,3.0,3.0,227,7.069662261380323,3
24,No,Travel_Rarely,Sales,7,4,Life Sciences,2054,Female,1,Laboratory Technician,Single,25760,8.0,17,3,6.0,3,4,1,2,3,3,4.0,2.0,3.0,228,7.866042884990249,3
28,Yes,Travel_Rarely,Research & Development,15,4,Life Sciences,2055,Male,2,Sales Executive,Married,41970,1.0,13,0,1.0,3,1,0,0,1,3,3.0,4.0,2.0,231,10.264871332371333,4
26,No,Travel_Rarely,Research & Development,1,4,Life Sciences,2056,Male,2,Sales Representative,Married,143360,1.0,21,1,8.0,3,8,0,7,3,4,1.0,4.0,3.0,232,7.494103208812261,3
30,No,Travel_Rarely,Research & Development,7,2,Life Sciences,2057,Female,1,Manufacturing Director,Married,34480,1.0,11,0,10.0,3,10,1,4,3,3,3.0,3.0,3.0,236,7.70689854048964,3
40,No,Travel_Frequently,Research & Development,26,4,Life Sciences,2058,Male,2,Research Scientist,Married,194060,3.0,20,3,16.0,2,1,0,0,3,4,3.0,4.0,1.0,235,10.537147754137111,3
35,No,Travel_Rarely,Research & Development,18,5,Medical,2059,Female,2,Research Scientist,Divorced,65380,2.0,16,1,15.0,3,7,6,4,3,3,3.0,2.0,4.0,244,6.889265710382513,3
34,No,Travel_Frequently,Research & Development,6,2,Life Sciences,2060,Male,1,Research Director,Single,43060,0.0,11,0,14.0,2,13,4,9,3,3,4.0,1.0,3.0,237,7.550421940928268,3
35,No,Travel_Frequently,Research & Development,3,3,Medical,2061,Female,2,Laboratory Technician,Married,22580,1.0,11,1,2.0,2,2,2,2,3,3,4.0,4.0,4.0,236,7.985769774011295,3
43,Yes,Travel_Rarely,Sales,5,3,Marketing,2062,Female,3,Research Scientist,Single,45220,8.0,15,1,7.0,3,4,1,3,3,3,1.0,3.0,2.0,240,7.502324074074074,3
32,No,Non-Travel,Research & Development,11,2,Other,2063,Female,2,Research Scientist,Divorced,44870,1.0,11,0,1.0,5,1,0,0,2,3,3.0,1.0,3.0,239,6.622759181775923,3
56,No,Travel_Rarely,Research & Development,3,2,Other,2064,Male,2,Healthcare Representative,Divorced,44490,4.0,15,0,28.0,3,5,4,2,1,3,4.0,1.0,3.0,241,6.281313969571236,3
29,No,Travel_Rarely,Research & Development,26,1,Life Sciences,2065,Male,1,Laboratory Technician,Married,22180,1.0,24,1,10.0,1,10,0,8,3,4,2.0,4.0,3.0,233,7.507831425846448,3
19,No,Travel_Rarely,Research & Development,23,4,Life Sciences,2066,Male,2,Laboratory Technician,Single,191970,1.0,12,0,1.0,2,1,0,0,3,3,3.0,1.0,3.0,237,7.278348570089073,3
45,No,Travel_Rarely,Research & Development,22,3,Life Sciences,2067,Female,2,Sales Representative,Married,132120,4.0,13,0,7.0,4,3,0,2,3,3,1.0,3.0,2.0,234,8.794382716049387,4
37,No,Travel_Rarely,Research & Development,14,4,Life Sciences,2068,Male,3,Research Scientist,Married,65770,1.0,13,0,14.0,1,14,3,11,1,3,4.0,4.0,2.0,227,6.772597895252079,3
20,No,Travel_Rarely,Research & Development,6,3,Medical,2069,Male,5,Research Director,Single,83920,1.0,17,0,2.0,5,2,1,2,3,3,1.0,3.0,2.0,240,6.708462962962961,3
44,Yes,Travel_Rarely,Human Resources,6,2,Human Resources,2070,Male,3,Sales Executive,Single,45580,1.0,13,1,6.0,2,6,0,2,1,3,3.0,3.0,3.0,243,10.42826931870142,3
53,No,Travel_Rarely,Research & Development,6,4,Life Sciences,2071,Male,1,Research Director,Divorced,40310,3.0,12,1,26.0,3,7,4,7,2,3,4.0,3.0,3.0,225,5.994680246913579,4
29,No,Travel_Rarely,Research & Development,23,3,Medical,2072,Male,1,Sales Executive,Married,79690,0.0,14,0,6.0,3,5,1,3,3,3,2.0,4.0,2.0,233,8.899403910348116,3
22,Yes,Travel_Frequently,Research & Development,22,4,Medical,2073,Male,1,Sales Representative,Married,26540,0.0,24,0,1.0,5,0,0,0,2,4,3.0,4.0,3.0,233,9.891059847401047,3
46,No,Travel_Rarely,Research & Development,2,3,Life Sciences,2074,Male,2,Research Scientist,Married,165550,8.0,14,2,28.0,4,26,15,9,3,3,3.0,1.0,3.0,229,6.031081999029592,4
44,No,Non-Travel,Research & Development,20,3,Life Sciences,2075,Male,1,Sales Representative,Single,45560,2.0,13,0,6.0,4,0,0,0,3,3,4.0,3.0,3.0,230,6.196875603864732,3
33,No,Travel_Rarely,Research & Development,28,4,Life Sciences,2076,Female,1,Manager,Married,60910,1.0,15,0,5.0,6,5,1,4,1,3,2.0,3.0,3.0,245,7.8405306122448994,3
41,Yes,Non-Travel,Research & Development,12,3,Life Sciences,2077,Male,2,Sales Representative,Divorced,195660,6.0,16,0,5.0,2,1,0,0,4,3,1.0,1.0,1.0,240,7.201252314814814,3
30,No,Travel_Rarely,Sales,20,3,Marketing,2078,Male,3,Sales Executive,Divorced,48100,8.0,18,0,8.0,3,4,0,3,2,3,3.0,1.0,3.0,232,7.487695162835252,3
40,No,Travel_Frequently,Sales,9,3,Medical,2079,Male,1,Manufacturing Director,Married,45230,5.0,16,1,5.0,5,0,0,0,4,3,2.0,2.0,3.0,244,6.765425774134795,3
50,No,Travel_Frequently,Research & Development,25,4,Life Sciences,2080,Female,2,Healthcare Representative,Married,32020,2.0,24,1,32.0,2,2,2,2,3,4,4.0,1.0,3.0,233,7.200082260371967,3
28,No,Travel_Rarely,Research & Development,6,3,Technical Degree,2081,Male,2,Research Scientist,Married,23510,1.0,16,0,6.0,4,6,3,3,3,3,4.0,1.0,3.0,239,7.164030683403069,3
46,No,Travel_Rarely,Research & Development,8,4,Other,2082,Male,3,Manager,Married,17020,5.0,21,0,25.0,2,4,0,3,3,4,4.0,2.0,3.0,240,7.305633101851855,3
35,No,Travel_Rarely,Sales,4,4,Marketing,2083,Male,1,Laboratory Technician,Married,180410,3.0,20,1,15.0,3,7,1,7,2,4,3.0,1.0,3.0,244,8.515865209471773,3
24,Yes,Travel_Rarely,Human Resources,28,4,Human Resources,2084,Male,3,Manufacturing Director,Married,28860,1.0,19,1,1.0,5,1,0,0,3,3,4.0,2.0,1.0,228,6.630590886939568,4
33,No,Travel_Frequently,Research & Development,9,2,Medical,2085,Female,1,Sales Executive,Married,20970,1.0,14,2,10.0,5,10,0,1,2,3,2.0,3.0,2.0,227,5.950504160548214,3
36,No,Travel_Rarely,Research & Development,9,2,Medical,2086,Male,2,Sales Executive,Divorced,119350,1.0,11,3,7.0,6,7,1,7,4,3,3.0,3.0,3.0,230,6.629711352657006,3
30,No,Travel_Rarely,Sales,29,3,Marketing,2087,Male,1,Sales Executive,Divorced,25460,1.0,14,1,10.0,2,10,8,9,3,3,3.0,3.0,2.0,233,5.997364091559367,3
44,No,Travel_Rarely,Research & Development,3,4,Medical,2088,Male,2,Research Scientist,Single,25640,1.0,12,3,20.0,3,20,13,17,1,3,4.0,4.0,3.0,244,7.625331284153012,3
20,No,Travel_Rarely,Research & Development,18,4,Medical,2089,Male,1,Human Resources,Single,84120,1.0,13,0,2.0,2,2,2,2,2,3,3.0,4.0,3.0,244,6.315777550091073,3
46,No,Travel_Rarely,Sales,9,1,Medical,2090,Female,1,Sales Executive,Divorced,141180,2.0,22,0,12.0,3,6,1,4,3,4,4.0,4.0,2.0,240,6.200008101851852,3
42,No,Non-Travel,Research & Development,5,4,Medical,2091,Male,5,Sales Executive,Married,170460,7.0,11,0,10.0,3,4,0,3,2,3,4.0,1.0,4.0,245,7.506798185941037,3
60,No,Travel_Rarely,Sales,2,2,Life Sciences,2092,Male,2,Sales Executive,Divorced,25640,0.0,14,1,12.0,3,11,1,9,3,3,2.0,4.0,3.0,240,8.590920138888887,3
32,No,Travel_Frequently,Sales,10,3,Life Sciences,2093,Female,1,Sales Executive,Married,102660,1.0,11,0,2.0,3,2,2,2,3,3,3.0,2.0,3.0,239,7.303264760576475,3
32,No,Travel_Frequently,Research & Development,9,3,Life Sciences,2094,Female,2,Research Scientist,Single,50700,4.0,12,1,10.0,6,8,0,7,3,3,4.0,3.0,3.0,239,8.455582287308232,3
36,No,Travel_Rarely,Sales,3,2,Marketing,2095,Male,4,Healthcare Representative,Divorced,178610,2.0,18,0,17.0,2,7,7,7,2,3,3.0,1.0,3.0,229,8.004746482290148,4
33,No,Travel_Rarely,Sales,26,2,Marketing,2096,Male,1,Research Scientist,Married,42300,0.0,12,0,15.0,0,14,4,10,3,3,1.0,4.0,3.0,240,6.086629629629633,4
40,No,Travel_Rarely,Research & Development,1,3,Medical,2097,Female,2,Research Scientist,Divorced,37800,7.0,12,0,7.0,2,5,1,3,1,3,2.0,2.0,4.0,232,7.340324473180079,3
25,No,Travel_Rarely,Research & Development,6,2,Medical,2098,Female,1,Laboratory Technician,Single,27680,0.0,22,1,5.0,0,4,1,1,3,4,3.0,4.0,3.0,232,8.001937260536401,4
30,No,Travel_Rarely,Sales,9,3,Marketing,2099,Female,1,Research Scientist,Married,90710,0.0,19,1,12.0,2,11,5,7,2,3,4.0,2.0,3.0,239,9.193778475127841,3
42,No,Travel_Frequently,Human Resources,8,2,Medical,2100,Male,1,Sales Executive,Married,106480,3.0,13,1,20.0,1,1,0,0,3,3,1.0,1.0,3.0,232,9.48881345785441,3
35,No,Non-Travel,Research & Development,1,1,Life Sciences,2101,Male,2,Sales Executive,Married,136100,4.0,22,2,16.0,4,13,4,12,2,4,3.0,4.0,2.0,242,9.791557621671254,3
27,No,Travel_Rarely,Research & Development,7,3,Life Sciences,2102,Male,3,Manufacturing Director,Married,34080,1.0,24,0,9.0,2,9,6,8,3,4,1.0,1.0,2.0,234,9.207650759734099,4
54,No,Travel_Frequently,Research & Development,9,2,Medical,2103,Male,2,Sales Representative,Divorced,29830,7.0,14,1,33.0,2,5,1,4,2,3,4.0,3.0,1.0,235,6.369145390070922,3
44,No,Travel_Rarely,Human Resources,4,4,Life Sciences,2104,Male,5,Laboratory Technician,Married,76320,1.0,21,0,10.0,3,10,7,7,3,4,1.0,4.0,3.0,242,5.984183884297521,3
19,Yes,Non-Travel,Sales,2,2,Other,2105,Male,3,Healthcare Representative,Single,98240,1.0,18,0,1.0,2,1,0,0,3,3,1.0,2.0,4.0,238,8.402396125116711,3
29,No,Travel_Rarely,Research & Development,19,4,Life Sciences,2106,Male,1,Manufacturing Director,Divorced,99500,1.0,20,0,3.0,3,3,1,2,3,4,1.0,4.0,3.0,238,7.395566059757238,3
54,No,Travel_Rarely,Research & Development,9,4,Life Sciences,2107,Male,2,Sales Executive,Married,20930,3.0,19,0,36.0,2,10,0,9,3,3,4.0,4.0,3.0,232,7.695237068965522,3
31,No,Travel_Rarely,Research & Development,21,3,Life Sciences,2108,Male,2,Laboratory Technician,Married,99800,1.0,12,0,6.0,1,6,0,1,3,3,3.0,1.0,2.0,244,8.594112021857924,3
31,No,Travel_Rarely,Sales,24,1,Marketing,2109,Female,1,Sales Executive,Single,38940,1.0,12,0,10.0,3,10,1,8,4,3,3.0,1.0,3.0,238,7.301323529411766,3
59,No,Travel_Rarely,Research & Development,3,4,Technical Degree,2110,Male,1,Research Scientist,Single,40510,5.0,16,3,13.0,3,6,0,5,3,3,3.0,4.0,3.0,242,7.442859274563821,3
43,No,Travel_Rarely,Research & Development,11,2,Life Sciences,2111,Male,3,Laboratory Technician,Married,168350,3.0,17,1,25.0,3,8,0,7,3,3,3.0,4.0,3.0,236,6.608296845574385,3
49,No,Travel_Rarely,Sales,14,4,Life Sciences,2112,Male,2,Research Scientist,Married,62300,2.0,14,0,23.0,2,1,0,0,2,3,1.0,3.0,4.0,232,6.688532088122609,4
36,No,Travel_Frequently,Sales,5,2,Marketing,2113,Female,1,Laboratory Technician,Married,47170,1.0,19,1,12.0,3,11,0,7,3,3,3.0,2.0,2.0,237,6.095977496483827,3
48,No,Travel_Rarely,Research & Development,1,4,Life Sciences,2114,Female,2,Laboratory Technician,Single,132370,5.0,13,1,7.0,2,1,0,0,4,3,4.0,2.0,2.0,228,6.11034722222222,3
27,No,Travel_Rarely,Research & Development,6,4,Life Sciences,2115,Male,2,Laboratory Technician,Divorced,37550,1.0,19,0,5.0,2,5,0,3,3,3,1.0,3.0,3.0,241,8.001521438450899,3
29,No,Travel_Rarely,Sales,17,4,Medical,2116,Male,1,Laboratory Technician,Divorced,65820,1.0,19,1,6.0,3,6,1,0,3,3,3.0,4.0,3.0,237,8.79904828879513,3
48,No,Travel_Rarely,Sales,1,1,Marketing,2117,Male,2,Manufacturing Director,Single,74060,6.0,14,2,25.0,2,1,0,0,3,3,4.0,4.0,4.0,232,6.189026580459768,4
29,No,Travel_Rarely,Research & Development,3,3,Technical Degree,2118,Female,2,Healthcare Representative,Divorced,48050,3.0,16,1,9.0,2,7,1,7,3,3,4.0,4.0,2.0,242,6.878174931129478,3
34,No,Travel_Rarely,Sales,9,4,Medical,2119,Female,2,Laboratory Technician,Married,27410,0.0,15,1,2.0,3,1,0,0,3,3,3.0,3.0,2.0,240,6.000829861111109,3
44,No,Travel_Rarely,Research & Development,4,3,Life Sciences,2120,Female,1,Laboratory Technician,Married,42620,7.0,18,0,26.0,2,22,3,10,3,3,2.0,2.0,3.0,230,6.99462077294686,4
33,No,Travel_Rarely,Research & Development,8,2,Life Sciences,2121,Female,2,Research Scientist,Divorced,161840,0.0,13,1,10.0,2,9,0,8,4,3,4.0,3.0,3.0,247,11.025822087269455,3
19,No,Travel_Rarely,Sales,2,4,Marketing,2122,Male,3,Laboratory Technician,Single,115570,1.0,22,0,1.0,0,1,0,1,3,4,2.0,4.0,3.0,241,10.811617104656529,3
23,No,Travel_Rarely,Sales,2,3,Medical,2123,Male,3,Laboratory Technician,Married,18780,1.0,13,1,1.0,2,1,0,1,3,3,4.0,3.0,3.0,235,7.476028368794328,3
25,Yes,Travel_Frequently,Research & Development,1,1,Life Sciences,2124,Male,1,Manufacturing Director,Single,109320,1.0,11,1,1.0,3,1,1,0,3,3,3.0,4.0,3.0,228,9.166382797270957,3
26,No,Travel_Rarely,Human Resources,9,3,Life Sciences,2125,Male,2,Research Scientist,Single,68110,1.0,11,1,8.0,4,8,2,2,3,3,3.0,4.0,2.0,234,8.707262583095915,4
45,Yes,Travel_Rarely,Human Resources,12,3,Human Resources,2126,Male,2,Laboratory Technician,Single,43060,2.0,11,2,26.0,3,24,1,11,3,3,1.0,2.0,3.0,245,9.911379818594101,3
55,No,Non-Travel,Research & Development,27,3,Life Sciences,2127,Female,2,Manager,Divorced,48590,1.0,24,1,34.0,3,33,15,0,4,4,4.0,2.0,3.0,233,9.584091559370533,3
21,Yes,Travel_Frequently,Research & Development,20,2,Medical,2128,Female,4,Research Scientist,Single,53370,1.0,14,1,2.0,2,2,2,2,3,3,1.0,3.0,1.0,239,7.613900511390046,3
46,No,Travel_Rarely,Research & Development,1,4,Life Sciences,2129,Male,1,Manufacturing Director,Married,23400,2.0,13,1,26.0,2,11,0,8,1,3,4.0,2.0,3.0,232,6.87987907088123,3
34,No,Travel_Rarely,Sales,13,4,Medical,2130,Male,3,Sales Representative,Single,74910,0.0,14,1,4.0,3,3,0,2,2,3,3.0,1.0,3.0,237,8.909026019690575,3
51,No,Travel_Frequently,Research & Development,14,3,Life Sciences,2131,Male,2,Research Director,Divorced,105270,4.0,14,0,31.0,3,29,11,10,3,3,4.0,2.0,2.0,233,11.00611587982832,3
59,No,Travel_Rarely,Research & Development,4,2,Life Sciences,2132,Male,2,Research Scientist,Single,165950,6.0,21,1,25.0,2,9,5,4,3,4,4.0,4.0,2.0,243,6.608805441243716,3
34,No,Travel_Frequently,Sales,14,4,Medical,2133,Female,3,Research Scientist,Divorced,88340,4.0,13,1,15.0,1,11,5,10,3,3,3.0,2.0,4.0,228,6.784572368421058,3
28,No,Travel_Frequently,Research & Development,2,3,Other,2134,Female,1,Manager,Single,55770,0.0,19,0,5.0,3,4,0,2,3,3,4.0,3.0,2.0,243,10.420616140832191,3
44,No,Travel_Rarely,Research & Development,3,4,Life Sciences,2135,Male,2,Research Scientist,Divorced,47070,1.0,17,0,26.0,4,25,14,13,1,3,3.0,1.0,2.0,228,7.802089424951267,4
34,No,Travel_Frequently,Sales,1,3,Life Sciences,2136,Male,2,Sales Executive,Married,24000,4.0,18,1,14.0,3,10,1,8,3,3,3.0,2.0,4.0,232,7.4708010057471235,3
35,No,Travel_Rarely,Research & Development,9,3,Life Sciences,2137,Male,4,Healthcare Representative,Married,98240,0.0,19,0,4.0,2,3,2,2,3,3,3.0,3.0,3.0,245,10.503479591836733,3
42,No,Travel_Rarely,Research & Development,23,4,Life Sciences,2138,Female,1,Manager,Married,64470,6.0,13,0,18.0,3,1,0,0,3,3,2.0,2.0,3.0,245,9.416206349206353,3
43,No,Travel_Rarely,Research & Development,7,2,Medical,2139,Female,1,Laboratory Technician,Single,195020,3.0,18,2,23.0,3,21,15,17,4,3,4.0,4.0,4.0,229,6.4096712760795755,3
36,No,Travel_Rarely,Research & Development,2,4,Medical,2140,Male,1,Healthcare Representative,Single,27250,9.0,21,1,18.0,4,16,5,12,2,4,3.0,2.0,3.0,242,10.607794995408627,3
44,Yes,Travel_Rarely,Research & Development,21,4,Life Sciences,2141,Female,2,Laboratory Technician,Married,62720,1.0,19,1,10.0,3,10,0,5,3,3,1.0,4.0,3.0,228,6.012525584795322,3
28,No,Travel_Frequently,Research & Development,2,3,Life Sciences,2142,Female,2,Sales Representative,Married,21270,1.0,14,0,2.0,3,2,2,2,3,3,4.0,4.0,3.0,232,9.679196599616851,3
51,No,Travel_Frequently,Sales,21,4,Medical,2143,Male,2,Research Scientist,Single,182000,0.0,17,0,8.0,3,7,7,7,3,3,2.0,3.0,3.0,236,7.017285781544258,3
30,No,Non-Travel,Research & Development,2,4,Other,2144,Male,1,Research Scientist,Single,20960,7.0,11,3,10.0,2,8,1,7,3,3,3.0,3.0,3.0,236,9.497514124293783,3
29,Yes,Travel_Rarely,Research & Development,29,4,Technical Degree,2145,Female,1,Sales Representative,Divorced,28860,3.0,13,0,10.0,4,7,7,7,3,3,2.0,3.0,3.0,234,8.39062440645774,4
28,No,Travel_Rarely,Sales,1,4,Life Sciences,2146,Female,2,Sales Representative,Single,20330,2.0,15,1,5.0,5,3,1,2,3,3,4.0,1.0,2.0,226,6.765892330383484,3
25,No,Travel_Rarely,Research & Development,18,2,Life Sciences,2147,Male,1,Research Scientist,Single,36220,1.0,25,0,2.0,0,2,2,1,3,4,4.0,2.0,2.0,238,7.982099673202614,3
32,No,Travel_Rarely,Research & Development,10,4,Other,2148,Female,1,Sales Executive,Married,42330,1.0,11,0,10.0,5,10,0,8,3,3,3.0,4.0,4.0,234,6.819500237416898,3
45,No,Travel_Frequently,Research & Development,19,3,Medical,2149,Male,3,Laboratory Technician,Single,36810,3.0,17,1,22.0,2,0,0,0,3,3,3.0,2.0,3.0,237,5.978748241912802,3
39,No,Travel_Rarely,Sales,29,1,Marketing,2150,Female,1,Laboratory Technician,Divorced,54600,6.0,13,2,21.0,3,19,15,2,3,3,3.0,2.0,3.0,236,8.400860404896422,3
58,No,Travel_Rarely,Research & Development,27,3,Other,2151,Male,2,Laboratory Technician,Divorced,21870,1.0,18,1,2.0,1,2,2,2,1,3,1.0,3.0,3.0,230,5.993010869565218,3
32,Yes,Travel_Rarely,Research & Development,5,3,Technical Degree,2152,Female,1,Sales Executive,Married,96020,1.0,13,1,10.0,3,10,1,1,3,3,4.0,3.0,3.0,236,6.479733992467042,3
39,Yes,Travel_Rarely,Research & Development,18,2,Life Sciences,2153,Male,2,Laboratory Technician,Single,28360,0.0,20,0,6.0,3,5,0,3,2,4,3.0,1.0,3.0,231,7.703856421356424,3
30,No,Travel_Rarely,Sales,9,1,Marketing,2154,Male,4,Research Director,Married,40890,0.0,18,0,10.0,2,9,6,7,4,3,1.0,4.0,3.0,243,6.1668164151806115,3
36,No,Travel_Rarely,Sales,1,3,Marketing,2155,Male,2,Sales Executive,Married,166270,3.0,12,0,10.0,5,7,1,7,2,3,4.0,3.0,3.0,232,6.711335009578542,3
46,No,Travel_Rarely,Sales,4,3,Medical,2156,Male,1,Research Scientist,Single,26190,6.0,12,1,10.0,3,7,5,7,2,3,4.0,1.0,4.0,242,7.706544995408629,3
28,No,Non-Travel,Research & Development,1,3,Medical,2157,Male,5,Sales Executive,Married,56790,0.0,13,0,10.0,2,9,7,5,2,3,3.0,4.0,3.0,234,7.984185660018993,3
50,No,Travel_Rarely,Research & Development,20,2,Medical,2158,Female,5,Laboratory Technician,Married,154020,4.0,21,0,25.0,3,3,1,2,2,4,4.0,1.0,3.0,238,10.441048085901025,3
40,Yes,Travel_Rarely,Sales,8,1,Other,2159,Male,1,Laboratory Technician,Single,59850,2.0,13,3,9.0,1,5,1,0,2,3,4.0,2.0,3.0,232,9.797106082375475,3
52,Yes,Travel_Rarely,Research & Development,3,2,Technical Degree,2160,Male,3,Laboratory Technician,Single,25790,9.0,19,1,10.0,1,8,7,7,3,3,2.0,2.0,2.0,244,10.018041894353374,3
30,No,Travel_Rarely,Research & Development,6,4,Medical,2161,Female,1,Sales Executive,Married,30410,1.0,11,1,9.0,2,9,0,8,2,3,2.0,1.0,3.0,232,10.361327825670497,3
39,No,Travel_Rarely,Research & Development,26,1,Medical,2162,Male,2,Healthcare Representative,Single,34470,0.0,14,0,9.0,5,8,1,7,3,3,1.0,3.0,3.0,245,5.976122448979597,3
31,No,Non-Travel,Research & Development,1,2,Medical,2163,Male,1,Sales Executive,Divorced,195130,1.0,12,1,10.0,1,10,9,6,2,3,4.0,3.0,2.0,237,10.101002109704636,3
41,No,Non-Travel,Sales,6,3,Life Sciences,2164,Female,1,Research Director,Single,27730,1.0,11,0,19.0,3,19,11,9,3,3,3.0,2.0,3.0,245,7.795501133786845,3
31,Yes,Travel_Frequently,Research & Development,3,1,Life Sciences,2165,Male,1,Sales Executive,Single,71040,1.0,14,1,3.0,3,3,2,2,3,3,4.0,2.0,4.0,229,9.13594129063561,3
44,Yes,Travel_Rarely,Sales,5,3,Life Sciences,2166,Male,1,Laboratory Technician,Married,63220,4.0,11,1,10.0,2,3,1,2,3,3,1.0,1.0,4.0,237,6.027372245663386,3
42,No,Non-Travel,Research & Development,4,3,Life Sciences,2167,Male,2,Laboratory Technician,Married,20830,0.0,12,2,21.0,3,20,2,10,2,3,3.0,3.0,2.0,246,9.710156955736224,3
55,No,Travel_Rarely,Sales,11,3,Technical Degree,2168,Male,2,Manufacturing Director,Married,83810,4.0,15,1,23.0,3,19,9,11,3,3,4.0,3.0,3.0,231,6.629416786916789,3
56,No,Travel_Rarely,Sales,3,2,Medical,2169,Female,3,Manufacturing Director,Single,26910,6.0,16,1,36.0,6,7,7,7,3,3,4.0,2.0,3.0,241,7.9954080221300154,4
40,No,Non-Travel,Research & Development,1,1,Life Sciences,2170,Male,1,Laboratory Technician,Divorced,42860,9.0,15,0,6.0,6,4,0,0,3,3,3.0,3.0,3.0,232,7.3375275383141725,3
34,No,Travel_Rarely,Research & Development,3,2,Technical Degree,2171,Male,2,Research Director,Divorced,26590,0.0,24,3,10.0,2,9,1,6,3,4,4.0,4.0,2.0,236,7.418435734463275,3
40,No,Travel_Rarely,Sales,4,3,Medical,2172,Male,2,Sales Executive,Single,94340,1.0,13,1,9.0,3,9,8,8,2,3,3.0,4.0,3.0,240,5.998701388888888,3
41,No,Travel_Frequently,Sales,1,4,Other,2173,Female,2,Healthcare Representative,Divorced,55610,0.0,11,0,10.0,2,9,1,7,2,3,3.0,1.0,3.0,235,7.690605200945628,3
35,No,Travel_Frequently,Sales,1,2,Technical Degree,2174,Male,2,Manager,Single,66460,1.0,13,1,9.0,2,9,1,1,2,3,3.0,3.0,3.0,247,9.508205128205132,3
51,No,Travel_Rarely,Sales,18,2,Life Sciences,2175,Male,4,Manufacturing Director,Divorced,77250,1.0,13,1,33.0,2,33,0,10,3,3,3.0,2.0,3.0,242,9.48023530762167,3
38,No,Travel_Rarely,Sales,2,4,Life Sciences,2176,Female,1,Research Scientist,Divorced,107250,3.0,18,0,11.0,5,7,1,7,2,3,2.0,1.0,3.0,236,6.585955743879474,3
34,No,Travel_Rarely,Sales,4,3,Life Sciences,2177,Male,2,Research Scientist,Single,88470,1.0,16,0,10.0,3,10,9,6,4,3,3.0,1.0,4.0,243,7.23356081390032,3
25,No,Travel_Rarely,Research & Development,6,2,Medical,2178,Female,4,Research Scientist,Married,20450,3.0,19,0,7.0,3,3,1,2,3,3,4.0,4.0,2.0,225,6.2903999999999956,4
58,Yes,Travel_Rarely,Sales,1,4,Technical Degree,2179,Male,2,Sales Executive,Married,10090,7.0,13,2,31.0,3,10,5,9,4,3,3.0,1.0,2.0,235,8.488845153664299,4
40,No,Travel_Rarely,Research & Development,14,4,Medical,2180,Female,1,Research Scientist,Married,33480,3.0,22,0,7.0,2,4,0,3,1,4,2.0,2.0,3.0,236,6.117230461393601,3
36,No,Travel_Frequently,Sales,16,2,Life Sciences,2181,Male,1,Research Scientist,Married,12810,2.0,11,0,17.0,2,15,6,13,3,3,1.0,1.0,2.0,238,6.086681839402429,4
48,No,Travel_Rarely,Research & Development,2,1,Life Sciences,2182,Male,2,Research Scientist,Single,28190,1.0,20,0,11.0,2,10,0,8,2,4,4.0,4.0,3.0,230,7.596445652173916,3
27,No,Travel_Rarely,Research & Development,2,3,Life Sciences,2183,Female,2,Laboratory Technician,Married,48510,8.0,18,0,5.0,2,1,0,0,3,3,3.0,4.0,3.0,243,7.097427983539091,3
51,No,Travel_Rarely,Research & Development,4,1,Medical,2184,Female,3,Manufacturing Director,Single,40280,3.0,14,0,29.0,3,5,0,3,3,3,4.0,2.0,2.0,227,7.494571708272151,3
18,No,Non-Travel,Research & Development,1,4,Medical,2185,Male,2,Sales Executive,Single,27200,1.0,22,1,0.0,2,0,0,0,3,4,4.0,4.0,4.0,243,7.905436671239141,3
35,No,Travel_Rarely,Research & Development,1,4,Other,2186,Female,2,Research Director,Married,81200,0.0,13,0,10.0,2,9,0,0,2,3,4.0,4.0,3.0,230,7.180452898550726,3
27,No,Travel_Frequently,Research & Development,26,4,Medical,2187,Female,1,Research Director,Single,46470,3.0,17,0,8.0,3,6,0,0,4,3,4.0,4.0,3.0,234,7.352186609686605,3
55,Yes,Travel_Rarely,Research & Development,19,3,Technical Degree,2188,Male,1,Human Resources,Single,46800,6.0,14,3,24.0,0,19,3,8,4,3,1.0,3.0,2.0,243,8.68269090077732,3
56,No,Travel_Rarely,Research & Development,24,4,Life Sciences,2189,Male,2,Laboratory Technician,Married,32210,4.0,15,2,33.0,2,19,15,9,3,3,4.0,2.0,3.0,245,10.380261904761898,3
34,No,Non-Travel,Sales,1,2,Life Sciences,2190,Male,2,Research Scientist,Divorced,86210,1.0,17,1,5.0,1,5,0,0,3,3,1.0,3.0,3.0,238,6.379191176470585,3
40,No,Travel_Rarely,Research & Development,3,3,Life Sciences,2191,Male,2,Sales Executive,Divorced,45770,5.0,11,1,15.0,3,12,11,8,2,3,2.0,3.0,3.0,239,6.479356113435613,4
34,No,Travel_Rarely,Research & Development,5,3,Life Sciences,2192,Male,1,Research Scientist,Married,45530,4.0,18,1,10.0,2,8,7,7,4,3,2.0,3.0,3.0,234,7.176949192782525,3
31,Yes,Travel_Frequently,Research & Development,2,2,Medical,2193,Female,2,Manufacturing Director,Single,53960,7.0,17,1,3.0,2,1,0,0,1,3,3.0,4.0,4.0,243,7.673500228623683,3
35,Yes,Travel_Frequently,Research & Development,1,2,Medical,2194,Male,1,Manufacturing Director,Married,67960,0.0,13,0,5.0,2,4,3,2,3,3,4.0,3.0,2.0,243,9.072801783264742,3
38,No,Travel_Frequently,Research & Development,7,3,Medical,2195,Female,2,Sales Representative,Divorced,76250,1.0,15,0,4.0,2,4,0,3,2,3,4.0,3.0,3.0,240,6.375856481481484,3
34,No,Travel_Rarely,Research & Development,10,4,Other,2196,Female,2,Laboratory Technician,Single,74120,1.0,24,0,14.0,4,14,4,11,3,4,3.0,4.0,4.0,241,7.906698939603503,3
28,No,Travel_Rarely,Research & Development,2,3,Life Sciences,2197,Female,2,Healthcare Representative,Married,111590,1.0,12,0,5.0,2,5,0,4,3,3,3.0,1.0,3.0,243,6.683007544581624,3
31,Yes,Travel_Rarely,Research & Development,15,2,Life Sciences,2198,Male,2,Sales Executive,Married,49600,1.0,15,0,10.0,3,10,6,7,2,3,4.0,3.0,2.0,233,10.886272055317118,3
39,No,Travel_Rarely,Research & Development,17,4,Technical Degree,2199,Female,2,Healthcare Representative,Married,104750,3.0,11,1,8.0,3,5,1,4,3,3,1.0,4.0,4.0,232,10.322546695402293,3
51,No,Travel_Frequently,Research & Development,20,3,Medical,2200,Male,2,Sales Executive,Married,148140,2.0,11,1,14.0,2,4,3,2,2,3,2.0,2.0,3.0,244,7.075589708561019,3
41,No,Travel_Frequently,Research & Development,1,3,Life Sciences,2201,Male,4,Sales Executive,Divorced,191410,3.0,12,1,12.0,2,6,3,3,3,3,4.0,4.0,2.0,239,10.66936308693631,3
37,No,Travel_Rarely,Research & Development,2,2,Medical,2202,Female,1,Healthcare Representative,Married,54050,7.0,15,0,8.0,3,6,1,3,4,3,3.0,3.0,3.0,236,10.390741525423726,3
33,No,Travel_Frequently,Research & Development,2,3,Medical,2203,Female,1,Sales Executive,Married,87930,6.0,17,0,8.0,2,5,1,2,3,3,2.0,4.0,4.0,234,7.77814696106363,4
32,No,Travel_Rarely,Research & Development,1,4,Medical,2204,Male,5,Research Director,Married,191890,0.0,12,1,4.0,3,3,1,2,3,3,3.0,2.0,2.0,247,10.39585695006748,3
39,No,Non-Travel,Research & Development,29,2,Life Sciences,2205,Male,2,Sales Executive,Married,38750,3.0,15,0,13.0,3,6,0,5,3,3,3.0,3.0,3.0,236,6.594622175141244,3
25,No,Travel_Rarely,Research & Development,7,4,Life Sciences,2206,Male,1,Sales Executive,Married,22160,2.0,13,3,6.0,2,3,1,2,2,3,1.0,3.0,2.0,234,7.208837844254516,4
52,No,Travel_Frequently,Research & Development,2,1,Life Sciences,2207,Male,2,Sales Executive,Married,117130,2.0,14,0,24.0,2,5,0,2,3,3,4.0,3.0,2.0,236,9.086195856873822,3
43,No,Travel_Rarely,Research & Development,2,2,Medical,2208,Male,1,Laboratory Technician,Single,78610,1.0,14,2,20.0,1,20,1,8,3,3,1.0,3.0,1.0,234,9.68682929724596,3
27,No,Travel_Rarely,Research & Development,2,4,Life Sciences,2209,Male,1,Human Resources,Married,37080,1.0,16,2,6.0,2,6,4,4,3,3,4.0,4.0,3.0,243,10.314973708276174,3
27,Yes,Travel_Rarely,Research & Development,2,5,Life Sciences,2210,Female,1,Research Scientist,Single,137700,1.0,18,1,8.0,3,8,7,7,4,3,4.0,3.0,3.0,230,10.004661835748793,3
26,No,Travel_Rarely,Research & Development,2,2,Other,2211,Male,3,Laboratory Technician,Single,53040,0.0,20,1,5.0,2,4,1,1,3,4,1.0,4.0,3.0,231,6.3231192881192895,3
42,No,Travel_Rarely,Sales,23,3,Marketing,2212,Female,3,Research Scientist,Married,26420,0.0,13,1,21.0,3,20,0,9,3,3,3.0,1.0,3.0,229,6.129594856865598,3
52,No,Travel_Rarely,Research & Development,5,2,Life Sciences,2213,Female,1,Healthcare Representative,Married,27590,9.0,18,1,12.0,6,5,0,4,3,3,3.0,1.0,1.0,240,6.506946759259259,3
37,No,Travel_Rarely,Research & Development,20,5,Life Sciences,2214,Male,2,Manager,Single,68040,4.0,13,1,8.0,1,3,0,2,3,3,1.0,3.0,3.0,227,7.468182819383263,3
35,No,Travel_Frequently,Research & Development,6,4,Medical,2215,Female,2,Research Director,Single,61420,2.0,15,1,10.0,2,2,2,2,3,3,3.0,4.0,3.0,237,7.665282466010309,3
25,No,Travel_Rarely,Research & Development,1,4,Medical,2216,Male,2,Sales Executive,Married,25000,4.0,14,2,7.0,2,3,0,2,1,3,1.0,4.0,2.0,244,7.995907331511839,3
26,No,Travel_Rarely,Research & Development,29,4,Life Sciences,2217,Male,1,Research Scientist,Single,63890,0.0,22,0,8.0,2,7,0,7,2,4,3.0,1.0,3.0,243,6.798512802926378,3
29,No,Travel_Rarely,Sales,9,3,Life Sciences,2218,Male,1,Laboratory Technician,Single,111030,1.0,12,0,10.0,5,10,0,9,2,3,2.0,1.0,2.0,228,6.206890838206632,3
49,Yes,Travel_Frequently,Sales,6,5,Medical,2219,Female,2,Healthcare Representative,Single,23420,3.0,18,0,20.0,2,4,1,3,3,3,1.0,1.0,3.0,244,7.049729052823313,3
29,Yes,Travel_Frequently,Sales,3,2,Marketing,2220,Female,2,Laboratory Technician,Single,68110,0.0,15,1,9.0,2,8,7,7,3,3,3.0,4.0,3.0,239,8.612993956299391,3
54,No,Travel_Rarely,Sales,1,3,Medical,2221,Female,2,Manager,Single,22970,6.0,18,2,29.0,2,20,12,7,2,3,4.0,4.0,2.0,240,6.24898148148148,3
58,No,Travel_Rarely,Sales,22,3,Life Sciences,2222,Female,2,Laboratory Technician,Married,24500,3.0,12,1,32.0,2,9,1,5,3,3,4.0,1.0,3.0,236,10.569413841807913,3
55,No,Travel_Rarely,Research & Development,7,3,Life Sciences,2223,Female,3,Research Scientist,Divorced,50930,2.0,16,1,31.0,3,7,0,0,3,3,2.0,4.0,4.0,235,7.494744680851057,3
36,No,Travel_Rarely,Research & Development,1,3,Medical,2224,Male,2,Sales Executive,Single,53090,3.0,13,0,15.0,5,5,0,1,3,3,1.0,2.0,3.0,246,9.398778229448961,3
31,Yes,Travel_Frequently,Sales,4,3,Life Sciences,2225,Male,2,Manager,Single,30570,1.0,19,0,1.0,3,1,0,0,3,3,2.0,3.0,3.0,237,7.304688232536326,3
30,No,Travel_Rarely,Sales,3,3,Life Sciences,2226,Male,3,Sales Executive,Divorced,51210,7.0,13,0,8.0,4,3,0,2,3,3,4.0,1.0,3.0,236,7.491903248587568,3
31,No,Travel_Rarely,Research & Development,1,3,Medical,2227,Male,1,Laboratory Technician,Single,168560,3.0,12,1,9.0,3,3,1,0,3,3,1.0,2.0,3.0,237,7.3010466479137355,3
34,No,Travel_Frequently,Sales,2,1,Marketing,2228,Female,5,Manager,Divorced,26860,5.0,11,0,10.0,3,4,1,3,4,3,4.0,1.0,3.0,244,7.592990664845169,3
31,Yes,Travel_Rarely,Sales,20,3,Technical Degree,2229,Male,1,Research Scientist,Single,61800,1.0,14,1,1.0,2,1,0,0,1,3,1.0,2.0,4.0,245,8.002105442176871,3
27,No,Travel_Rarely,Human Resources,11,4,Medical,2230,Male,4,Sales Executive,Married,66320,0.0,16,0,6.0,3,5,1,4,3,3,2.0,1.0,4.0,245,7.184841269841271,3
36,No,Travel_Rarely,Sales,1,3,Marketing,2231,Male,2,Research Scientist,Single,35050,1.0,12,2,10.0,2,10,1,8,2,3,1.0,4.0,2.0,226,6.319475172074728,4
36,No,Travel_Rarely,Research & Development,24,3,Other,2232,Female,3,Research Director,Married,63970,4.0,14,1,11.0,3,3,0,2,3,3,3.0,1.0,2.0,241,7.314436376210238,4
47,No,Travel_Rarely,Research & Development,23,4,Life Sciences,2233,Female,2,Sales Executive,Married,62740,7.0,14,2,17.0,0,6,1,2,3,3,1.0,4.0,2.0,238,7.791398225957048,3
25,Yes,Travel_Rarely,Sales,16,4,Life Sciences,2234,Male,2,Research Scientist,Married,198590,3.0,19,0,6.0,3,3,2,2,2,3,1.0,1.0,3.0,230,7.1928152173913,3
37,No,Non-Travel,Sales,8,4,Medical,2235,Male,1,Healthcare Representative,Single,75870,0.0,22,1,7.0,5,6,1,3,3,4,3.0,3.0,1.0,242,7.56241161616161,3
56,No,Travel_Rarely,Research & Development,10,4,Other,2236,Male,2,Sales Representative,Married,42580,2.0,16,0,5.0,2,3,1,0,3,3,1.0,1.0,4.0,229,6.606830422125179,3
47,No,Travel_Rarely,Research & Development,3,2,Medical,2237,Male,2,Laboratory Technician,Married,43640,3.0,11,1,26.0,3,20,5,6,3,3,1.0,3.0,4.0,232,6.3418965517241395,3
24,No,Travel_Rarely,Research & Development,5,1,Other,2238,Male,1,Manufacturing Director,Married,43350,1.0,15,1,5.0,5,5,0,3,3,3,4.0,3.0,3.0,247,9.695608412055778,3
32,No,Travel_Rarely,Sales,4,3,Marketing,2239,Male,1,Research Scientist,Married,53260,4.0,14,1,7.0,2,4,0,3,3,3,4.0,4.0,2.0,235,7.510473995271865,3
34,No,Travel_Rarely,Research & Development,9,2,Medical,2240,Male,1,Sales Executive,Married,32800,5.0,13,0,7.0,3,5,0,2,3,3,4.0,2.0,2.0,243,6.132323959762234,3
41,No,Travel_Rarely,Research & Development,26,3,Medical,2241,Female,3,Sales Executive,Married,54850,2.0,17,2,7.0,2,4,0,3,3,3,2.0,3.0,2.0,239,10.501243607624362,3
40,No,Non-Travel,Sales,3,2,Life Sciences,2242,Male,1,Sales Executive,Divorced,43420,3.0,11,1,11.0,6,8,0,7,2,3,3.0,3.0,4.0,236,6.365344868173256,3
31,No,Travel_Rarely,Research & Development,16,3,Medical,2243,Male,2,Human Resources,Divorced,27820,1.0,19,1,13.0,5,13,9,9,3,3,1.0,4.0,3.0,228,6.728463693957112,3
46,Yes,Travel_Rarely,Research & Development,18,1,Medical,2244,Male,1,Manufacturing Director,Divorced,59800,4.0,11,1,28.0,2,7,4,3,3,3,1.0,4.0,4.0,230,6.684526570048308,3
39,Yes,Non-Travel,Research & Development,2,4,Medical,2245,Male,2,Manufacturing Director,Single,43810,2.0,15,2,11.0,1,1,0,0,2,3,1.0,1.0,4.0,243,9.386380887059895,3
31,Yes,Travel_Frequently,Sales,2,3,Medical,2246,Male,2,Sales Executive,Single,25720,1.0,13,3,10.0,3,10,4,7,3,3,3.0,2.0,3.0,243,6.794415866483769,3
45,No,Travel_Rarely,Sales,10,2,Marketing,2247,Male,1,Sales Executive,Divorced,38330,2.0,14,0,24.0,1,7,0,7,3,3,2.0,1.0,3.0,240,10.508590277777778,3
31,No,Travel_Rarely,Research & Development,16,4,Life Sciences,2248,Male,3,Human Resources,Single,42440,9.0,13,0,8.0,3,3,0,2,3,3,4.0,2.0,3.0,232,6.730294540229886,3
31,Yes,Travel_Frequently,Research & Development,7,4,Life Sciences,2249,Male,1,Laboratory Technician,Married,65000,6.0,23,1,7.0,5,2,2,2,3,4,2.0,4.0,1.0,246,10.276630532971998,3
45,No,Travel_Rarely,Research & Development,1,2,Life Sciences,2250,Female,1,Research Scientist,Married,184300,4.0,12,1,10.0,5,3,1,2,3,3,2.0,4.0,4.0,237,10.565856774496023,3
48,No,Travel_Rarely,Research & Development,24,3,Technical Degree,2251,Male,2,Research Scientist,Divorced,16010,4.0,12,0,15.0,3,2,2,2,3,3,3.0,1.0,3.0,239,7.085850767085077,3
34,Yes,Travel_Rarely,Research & Development,7,4,Medical,2252,Male,2,Research Scientist,Married,26940,1.0,16,1,2.0,3,2,2,2,3,3,1.0,3.0,3.0,234,7.422883428300096,3
40,No,Non-Travel,Research & Development,25,4,Other,2253,Female,1,Sales Executive,Divorced,31490,2.0,15,1,16.0,1,9,4,8,2,3,4.0,2.0,3.0,239,7.985139470013949,3
28,No,Travel_Rarely,Research & Development,1,2,Technical Degree,2254,Female,1,Research Scientist,Single,176390,0.0,13,1,6.0,0,5,1,3,3,3,4.0,1.0,3.0,245,6.513891156462583,3
44,No,Non-Travel,Research & Development,5,3,Life Sciences,2255,Male,1,Laboratory Technician,Single,23190,3.0,18,0,7.0,4,5,0,3,2,3,3.0,3.0,3.0,231,6.589474506974509,3
53,No,Travel_Rarely,Research & Development,2,4,Technical Degree,2256,Male,2,Manager,Single,116910,4.0,20,0,35.0,2,9,8,8,3,4,4.0,2.0,2.0,228,6.901845760233917,3
49,No,Travel_Rarely,Research & Development,7,3,Life Sciences,2257,Male,3,Laboratory Technician,Married,53240,2.0,19,0,20.0,2,3,1,2,1,3,1.0,3.0,2.0,240,6.7863449074074085,3
40,No,Travel_Rarely,Research & Development,2,4,Life Sciences,2258,Male,3,Laboratory Technician,Divorced,167520,2.0,18,1,8.0,3,3,1,2,3,3,3.0,3.0,4.0,229,6.509148471615719,3
44,No,Travel_Rarely,Research & Development,5,1,Other,2259,Male,3,Research Scientist,Single,52280,1.0,13,0,6.0,2,5,1,3,4,3,4.0,2.0,2.0,232,6.917345545977008,3
33,No,Travel_Frequently,Human Resources,10,3,Medical,2260,Female,2,Sales Executive,Married,27000,0.0,14,3,5.0,2,4,0,3,3,3,4.0,1.0,3.0,231,7.285915103415103,3
34,No,Travel_Rarely,Research & Development,10,4,Life Sciences,2261,Female,1,Sales Representative,Single,192460,3.0,15,1,15.0,5,13,3,12,3,3,4.0,1.0,3.0,243,6.87378143575674,3
30,No,Travel_Rarely,Sales,1,2,Technical Degree,2262,Male,1,Laboratory Technician,Married,25060,8.0,22,0,4.0,3,2,2,2,3,4,4.0,3.0,2.0,231,6.127596200096203,4
42,No,Travel_Frequently,Research & Development,8,4,Medical,2263,Female,1,Sales Executive,Single,60620,1.0,22,2,12.0,2,12,5,8,3,4,1.0,4.0,3.0,241,7.286386583679115,3
44,No,Travel_Frequently,Research & Development,5,3,Life Sciences,2264,Female,5,Manufacturing Director,Married,43820,7.0,16,2,11.0,2,1,0,0,3,3,1.0,3.0,2.0,236,7.600639124293786,4
30,No,Non-Travel,Research & Development,8,3,Life Sciences,2265,Male,1,Manufacturing Director,Divorced,21430,1.0,17,1,1.0,2,1,0,0,3,3,3.0,3.0,2.0,239,6.1728382147838206,3
57,No,Travel_Rarely,Sales,2,1,Life Sciences,2266,Male,3,Research Scientist,Married,61620,0.0,14,0,13.0,5,12,2,8,2,3,2.0,3.0,2.0,232,7.604345067049807,3
49,No,Travel_Rarely,Research & Development,7,3,Technical Degree,2267,Female,2,Sales Executive,Divorced,50940,3.0,15,0,29.0,5,8,0,7,3,3,3.0,2.0,3.0,228,6.907296539961016,3
34,No,Travel_Frequently,Research & Development,2,4,Medical,2268,Female,2,Sales Representative,Divorced,68770,7.0,20,0,16.0,3,14,6,9,3,4,2.0,1.0,2.0,225,6.293506172839502,3
28,Yes,Travel_Frequently,Research & Development,2,3,Medical,2269,Male,1,Research Scientist,Married,22740,3.0,20,1,5.0,5,3,1,2,3,4,1.0,3.0,4.0,240,6.492943287037035,3
29,Yes,Travel_Frequently,Research & Development,28,3,Medical,2270,Female,5,Research Scientist,Single,44340,5.0,17,3,7.0,1,5,0,0,3,3,1.0,2.0,1.0,229,7.808987142164004,3
34,Yes,Travel_Rarely,Research & Development,7,1,Medical,2271,Male,1,Research Scientist,Single,62880,0.0,15,1,16.0,2,15,10,10,3,3,1.0,2.0,4.0,233,8.527089890319505,3
35,No,Travel_Rarely,Sales,7,4,Other,2272,Female,4,Healthcare Representative,Married,25530,1.0,14,1,1.0,4,1,0,0,2,3,4.0,3.0,3.0,227,6.614800538423885,3
24,Yes,Travel_Frequently,Sales,3,3,Life Sciences,2273,Male,2,Research Scientist,Single,76540,2.0,17,1,4.0,3,0,0,0,2,3,2.0,1.0,2.0,241,8.507790456431534,3
24,No,Non-Travel,Research & Development,10,3,Life Sciences,2274,Female,2,Manager,Married,51600,1.0,17,1,1.0,3,1,0,0,1,3,4.0,2.0,3.0,242,7.406158172635448,3
44,No,Travel_Frequently,Research & Development,5,2,Medical,2275,Female,2,Research Scientist,Single,171590,5.0,22,1,16.0,1,2,2,2,2,4,2.0,3.0,2.0,234,10.296231006647675,3
29,No,Travel_Rarely,Sales,10,2,Life Sciences,2276,Female,1,Sales Executive,Divorced,128080,1.0,13,0,10.0,6,10,0,4,3,3,3.0,3.0,3.0,236,6.980078860640302,3
30,No,Travel_Rarely,Research & Development,1,2,Life Sciences,2277,Male,3,Sales Executive,Divorced,102210,0.0,19,1,6.0,2,5,1,3,3,3,3.0,3.0,4.0,231,6.101316738816742,3
55,No,Travel_Rarely,Sales,20,3,Marketing,2278,Male,2,Research Scientist,Married,47790,0.0,14,1,4.0,6,3,1,2,3,3,4.0,3.0,3.0,243,10.700993369913121,3
33,No,Travel_Rarely,Research & Development,7,2,Life Sciences,2279,Male,2,Research Scientist,Married,37370,8.0,22,2,8.0,2,5,0,2,3,4,1.0,2.0,3.0,230,7.8975869565217405,4
47,No,Travel_Rarely,Research & Development,8,4,Medical,2280,Female,2,Sales Representative,Married,23660,3.0,17,0,11.0,5,5,1,2,2,3,3.0,3.0,2.0,231,10.884125781625784,3
28,Yes,Travel_Frequently,Sales,1,3,Marketing,2281,Male,2,Laboratory Technician,Single,17060,7.0,12,0,8.0,3,0,0,0,3,3,3.0,1.0,2.0,233,7.586788268955651,3
28,No,Travel_Rarely,Sales,8,4,Marketing,2282,Male,1,Laboratory Technician,Divorced,163070,1.0,16,0,1.0,3,1,0,0,2,3,1.0,3.0,1.0,236,6.109356167608288,4
28,No,Travel_Frequently,Research & Development,9,3,Life Sciences,2283,Female,2,Sales Executive,Single,59330,0.0,11,0,5.0,3,4,1,3,3,3,3.0,1.0,3.0,235,7.035802600472813,3
49,No,Travel_Rarely,Research & Development,5,4,Life Sciences,2284,Female,1,Research Scientist,Married,34240,4.0,11,0,10.0,3,3,1,2,3,3,3.0,1.0,3.0,230,6.407399758454106,3
29,No,Travel_Frequently,Research & Development,8,1,Medical,2285,Male,1,Research Scientist,Married,40370,0.0,14,0,4.0,2,3,0,2,1,3,4.0,2.0,3.0,229,7.117046336729744,3
28,No,Travel_Rarely,Research & Development,5,1,Technical Degree,2286,Male,2,Laboratory Technician,Married,25590,1.0,11,0,8.0,3,8,1,7,2,3,3.0,2.0,2.0,244,5.986555100182147,3
33,No,Travel_Rarely,Research & Development,15,4,Life Sciences,2287,Female,1,Sales Executive,Single,62010,2.0,15,3,14.0,2,0,0,0,2,3,4.0,3.0,3.0,242,8.492564279155182,3
32,No,Travel_Rarely,Research & Development,7,3,Life Sciences,2288,Female,3,Laboratory Technician,Single,44030,2.0,20,0,10.0,3,5,0,0,2,4,3.0,4.0,4.0,230,7.435967391304349,3
54,No,Travel_Frequently,Sales,10,3,Life Sciences,2289,Female,4,Research Scientist,Divorced,37610,3.0,12,0,26.0,3,14,1,12,2,3,2.0,4.0,3.0,230,6.972867149758454,3
29,Yes,Travel_Rarely,Research & Development,5,3,Life Sciences,2290,Female,2,Research Scientist,Single,109340,6.0,17,2,11.0,2,9,0,7,3,3,1.0,1.0,1.0,235,6.550877068557916,3
44,No,Travel_Rarely,Sales,26,1,Marketing,2291,Male,1,Sales Representative,Married,107610,3.0,11,1,24.0,5,20,14,17,2,3,4.0,1.0,4.0,242,7.896398071625341,3
39,No,Travel_Rarely,Sales,6,1,Technical Degree,2292,Female,2,Laboratory Technician,Single,51750,4.0,17,1,9.0,2,2,2,2,4,3,2.0,2.0,3.0,235,7.128395981087471,3
46,No,Travel_Rarely,Research & Development,4,2,Life Sciences,2293,Male,3,Manufacturing Director,Married,138260,8.0,11,0,23.0,1,13,5,1,2,3,3.0,2.0,4.0,243,7.0255109739369,3
35,No,Travel_Rarely,Research & Development,23,4,Life Sciences,2294,Male,2,Research Scientist,Single,63340,1.0,14,0,11.0,2,11,3,3,4,3,4.0,2.0,1.0,241,6.211119179345319,3
23,No,Travel_Rarely,Research & Development,2,4,Medical,2295,Female,2,Manager,Single,49360,0.0,19,1,5.0,2,4,1,2,2,3,1.0,3.0,3.0,240,7.679793981481482,3
40,Yes,Travel_Rarely,Research & Development,2,3,Medical,2296,Male,2,Research Director,Single,47750,3.0,15,1,15.0,3,5,1,0,4,3,4.0,1.0,1.0,241,7.59134970032273,3
34,No,Travel_Rarely,Human Resources,2,3,Human Resources,2297,Male,2,Manufacturing Director,Married,28180,1.0,13,1,10.0,2,10,8,6,3,3,4.0,3.0,3.0,241,10.290171738128166,3
31,Yes,Travel_Frequently,Research & Development,29,3,Life Sciences,2298,Female,2,Healthcare Representative,Single,25150,1.0,14,0,7.0,3,7,7,7,2,3,4.0,3.0,1.0,228,6.3660891812865525,3
50,No,Travel_Frequently,Research & Development,6,3,Medical,2299,Male,1,Manager,Single,23420,1.0,12,1,32.0,2,32,13,9,2,3,3.0,4.0,3.0,235,9.990187943262411,3
34,No,Travel_Rarely,Sales,25,5,Marketing,2300,Female,1,Research Scientist,Married,41940,0.0,17,2,12.0,3,11,5,7,3,3,2.0,3.0,3.0,240,10.499565972222232,3
42,No,Travel_Rarely,Research & Development,1,3,Life Sciences,2301,Female,1,Manufacturing Director,Married,106850,4.0,11,3,4.0,2,1,0,0,3,3,3.0,2.0,3.0,242,6.572412764003678,3
37,No,Travel_Rarely,Research & Development,2,2,Medical,2302,Male,1,Research Scientist,Married,20220,1.0,12,0,10.0,1,10,3,7,3,3,1.0,4.0,3.0,236,8.039399717514126,3
29,No,Travel_Rarely,Research & Development,1,3,Medical,2303,Female,1,Manager,Married,23140,3.0,13,0,9.0,5,7,0,7,4,3,3.0,1.0,3.0,236,6.173074387947269,3
33,No,Travel_Rarely,Research & Development,1,1,Life Sciences,2304,Male,1,Research Scientist,Single,42560,1.0,13,3,5.0,1,5,0,2,3,3,4.0,2.0,3.0,241,7.202849239280776,3
45,No,Travel_Rarely,Sales,3,3,Life Sciences,2305,Male,3,Laboratory Technician,Married,35800,4.0,20,1,8.0,1,5,0,3,2,4,4.0,4.0,3.0,228,5.980826023391812,3
42,No,Travel_Frequently,Human Resources,1,4,Technical Degree,2306,Male,2,Manufacturing Director,Married,31620,2.0,17,2,24.0,1,20,13,9,3,3,4.0,4.0,1.0,234,8.106577635327634,3
40,No,Travel_Rarely,Sales,10,1,Life Sciences,2307,Female,1,Manufacturing Director,Married,65240,0.0,13,1,9.0,2,8,7,1,4,3,1.0,1.0,4.0,229,6.295314167879675,4
33,No,Travel_Rarely,Research & Development,9,3,Medical,2308,Female,2,Manufacturing Director,Married,28990,1.0,17,0,15.0,3,15,5,7,2,3,2.0,3.0,3.0,246,10.623160569105687,3
40,No,Travel_Rarely,Sales,5,5,Life Sciences,2309,Male,1,Manufacturing Director,Single,52310,1.0,12,2,21.0,4,21,7,7,3,3,3.0,4.0,3.0,241,8.38660327339788,4
24,No,Travel_Rarely,Sales,10,2,Marketing,2310,Male,1,Manufacturing Director,Divorced,23560,0.0,13,0,2.0,5,1,0,0,3,3,3.0,1.0,3.0,240,6.112486111111114,3
40,No,Non-Travel,Research & Development,7,3,Medical,2311,Male,1,Research Scientist,Divorced,28000,3.0,12,2,8.0,0,2,2,2,2,3,4.0,4.0,3.0,244,8.397320127504555,3
45,No,Travel_Rarely,Research & Development,4,3,Medical,2312,Female,3,Laboratory Technician,Divorced,118360,1.0,22,0,10.0,2,10,7,7,4,4,1.0,2.0,3.0,228,6.563907163742691,3
35,No,Travel_Rarely,Research & Development,10,1,Life Sciences,2313,Male,1,Healthcare Representative,Married,109030,0.0,11,0,6.0,3,5,4,2,4,3,2.0,3.0,3.0,245,7.803651927437641,3
32,No,Travel_Rarely,Research & Development,22,4,Medical,2314,Male,1,Sales Executive,Married,29730,3.0,22,0,12.0,0,7,2,5,4,4,4.0,2.0,3.0,237,7.286747538677919,3
36,No,Travel_Rarely,Sales,9,3,Marketing,2315,Female,4,Research Scientist,Single,142750,3.0,18,1,7.0,5,3,1,2,2,3,3.0,4.0,2.0,235,9.097270685579197,4
48,No,Travel_Rarely,Research & Development,12,4,Medical,2316,Male,1,Laboratory Technician,Divorced,55620,8.0,13,1,18.0,2,8,7,7,3,3,3.0,3.0,3.0,236,7.873355696798495,3
29,No,Travel_Rarely,Research & Development,23,4,Life Sciences,2317,Female,2,Healthcare Representative,Married,45370,6.0,18,1,5.0,5,1,0,0,4,3,3.0,3.0,2.0,229,7.791838913148958,3
33,No,Travel_Rarely,Research & Development,9,1,Medical,2318,Male,1,Healthcare Representative,Married,76420,2.0,20,1,8.0,2,2,2,2,2,4,1.0,1.0,1.0,243,7.097097622313669,3
30,Yes,Travel_Rarely,Research & Development,1,3,Other,2319,Male,3,Sales Executive,Married,179240,1.0,13,2,10.0,2,10,6,7,3,3,2.0,1.0,3.0,228,7.396179337231971,3
38,No,Travel_Frequently,Sales,9,3,Marketing,2320,Male,1,Manufacturing Director,Married,52040,3.0,13,1,10.0,2,6,1,2,3,3,3.0,3.0,3.0,243,6.897724051211706,3
35,No,Travel_Rarely,Sales,7,2,Life Sciences,2321,Male,1,Sales Executive,Single,22770,1.0,12,1,3.0,2,3,1,2,3,3,4.0,1.0,3.0,229,6.788795487627363,4
30,No,Travel_Rarely,Research & Development,14,3,Technical Degree,2322,Male,5,Research Director,Married,27950,3.0,13,0,9.0,4,4,1,3,3,3,3.0,2.0,3.0,227,6.514131179637786,3
35,Yes,Travel_Rarely,Research & Development,2,3,Medical,2323,Female,1,Research Scientist,Divorced,25320,1.0,13,0,1.0,2,1,0,0,1,3,1.0,1.0,3.0,234,9.681411443494774,3
53,Yes,Travel_Rarely,Research & Development,19,3,Life Sciences,2324,Male,2,Manager,Married,25590,0.0,25,0,34.0,2,33,1,9,3,4,3.0,4.0,3.0,241,6.4917369755647725,3
38,Yes,Travel_Rarely,Research & Development,2,3,Medical,2325,Female,3,Sales Executive,Married,49080,4.0,19,1,7.0,3,5,1,4,2,3,3.0,2.0,3.0,244,7.6132035519125685,3
32,No,Non-Travel,Research & Development,10,4,Life Sciences,2326,Female,5,Research Scientist,Married,23800,4.0,13,0,9.0,5,6,1,2,3,3,4.0,1.0,2.0,244,7.385480418943533,3
48,No,Travel_Rarely,Research & Development,2,5,Life Sciences,2327,Male,1,Sales Executive,Married,47650,8.0,12,1,10.0,4,8,7,6,3,3,3.0,1.0,2.0,230,7.0935241545893755,3
34,No,Travel_Rarely,Research & Development,3,3,Life Sciences,2328,Male,2,Sales Executive,Single,20440,1.0,11,0,1.0,2,1,0,0,3,3,1.0,4.0,1.0,228,7.419126461988304,3
55,No,Travel_Rarely,Research & Development,11,1,Medical,2329,Female,1,Laboratory Technician,Married,26930,1.0,18,0,36.0,6,36,2,13,2,3,3.0,4.0,3.0,227,6.409076113558492,3
34,No,Travel_Rarely,Research & Development,2,2,Life Sciences,2330,Male,2,Research Scientist,Married,65860,9.0,18,1,9.0,3,2,2,1,3,3,2.0,4.0,2.0,226,6.112743362831861,3
26,No,Travel_Rarely,Research & Development,4,3,Life Sciences,2331,Male,1,Research Director,Married,32940,1.0,11,0,1.0,6,1,0,0,3,3,1.0,4.0,3.0,239,7.309532775453281,3
38,No,Travel_Rarely,Sales,14,2,Marketing,2332,Female,1,Sales Executive,Married,41710,0.0,23,0,10.0,4,9,7,7,4,4,3.0,2.0,3.0,244,6.966947859744989,3
38,No,Travel_Rarely,Research & Development,2,3,Life Sciences,2333,Female,1,Manufacturing Director,Single,27780,2.0,13,0,8.0,5,3,1,2,2,3,2.0,2.0,4.0,238,7.210002334267039,3
36,No,Travel_Rarely,Human Resources,1,3,Human Resources,2334,Male,1,Research Scientist,Single,23770,6.0,13,2,15.0,3,1,0,0,3,3,2.0,3.0,3.0,234,7.38565289648623,3
29,No,Travel_Rarely,Research & Development,10,3,Life Sciences,2335,Male,1,Sales Representative,Single,24040,1.0,17,0,10.0,3,10,1,5,2,3,2.0,1.0,3.0,238,8.066179971988795,3
35,No,Travel_Rarely,Sales,12,2,Life Sciences,2336,Female,2,Sales Executive,Single,23180,3.0,19,0,10.0,4,5,0,4,4,3,1.0,3.0,3.0,237,9.313444678856069,3
39,No,Travel_Rarely,Sales,2,2,Medical,2337,Female,1,Sales Executive,Married,20080,2.0,12,0,11.0,3,7,7,6,3,3,4.0,3.0,3.0,228,7.799657651072122,3
29,No,Travel_Frequently,Research & Development,5,1,Medical,2338,Female,1,Research Scientist,Divorced,62440,1.0,22,0,6.0,3,6,1,3,3,4,1.0,4.0,4.0,238,6.811413398692811,3
50,No,Travel_Rarely,Research & Development,4,2,Medical,2339,Female,1,Laboratory Technician,Married,27990,4.0,12,1,27.0,0,1,0,0,1,3,3.0,3.0,3.0,237,9.3869878105954,3
23,No,Travel_Rarely,Research & Development,7,2,Life Sciences,2340,Female,3,Manager,Married,105520,2.0,11,0,4.0,2,2,2,2,3,3,4.0,3.0,3.0,227,6.714817670093004,3
36,No,Travel_Frequently,Sales,21,3,Life Sciences,2341,Male,2,Human Resources,Married,23290,3.0,15,0,9.0,2,3,0,2,3,3,1.0,1.0,3.0,233,9.199428946113494,3
42,No,Travel_Rarely,Research & Development,8,2,Life Sciences,2342,Female,5,Manager,Single,40140,8.0,13,1,24.0,3,1,0,1,3,3,4.0,4.0,3.0,241,5.996066159520515,3
35,No,Travel_Rarely,Sales,4,3,Medical,2343,Female,2,Laboratory Technician,Married,74030,1.0,12,1,10.0,4,10,6,8,3,3,2.0,3.0,2.0,232,6.420092193486586,3
34,No,Travel_Frequently,Research & Development,25,1,Life Sciences,2344,Female,1,Manager,Married,22590,1.0,14,0,8.0,2,8,7,7,3,3,4.0,3.0,2.0,226,6.023118239921337,3
40,No,Travel_Rarely,Research & Development,1,4,Life Sciences,2345,Male,2,Laboratory Technician,Married,69320,1.0,13,0,5.0,5,5,1,2,3,3,4.0,1.0,3.0,238,6.508975256769372,3
43,No,Travel_Rarely,Research & Development,1,1,Other,2346,Male,1,Manager,Divorced,46780,5.0,25,1,8.0,0,6,0,2,4,4,4.0,2.0,3.0,236,6.996113465160074,3
35,No,Travel_Rarely,Sales,6,3,Marketing,2347,Female,3,Sales Representative,Married,135820,1.0,17,1,1.0,3,1,0,1,2,3,3.0,4.0,2.0,227,7.355165198237886,3
46,No,Travel_Rarely,Research & Development,12,4,Technical Degree,2348,Male,1,Laboratory Technician,Single,23320,1.0,11,0,27.0,2,26,0,12,3,3,4.0,1.0,1.0,228,6.600259502923977,3
28,Yes,Travel_Rarely,Human Resources,1,3,Medical,2349,Female,2,Laboratory Technician,Married,24130,1.0,16,1,1.0,2,1,0,0,3,3,3.0,2.0,3.0,238,8.397721755368815,3
22,No,Non-Travel,Sales,17,2,Marketing,2350,Male,3,Sales Executive,Married,97050,1.0,18,2,4.0,3,4,1,3,2,3,2.0,3.0,2.0,242,8.875546372819102,3
50,No,Travel_Frequently,Research & Development,3,3,Other,2351,Male,2,Research Scientist,Married,42940,2.0,20,0,32.0,2,30,12,13,2,4,2.0,3.0,3.0,232,9.39608477011494,3
32,No,Travel_Rarely,Research & Development,3,2,Life Sciences,2352,Male,3,Research Scientist,Married,47210,3.0,14,1,6.0,3,3,0,2,3,3,2.0,4.0,3.0,235,6.289856973995273,3
44,No,Travel_Rarely,Research & Development,10,3,Technical Degree,2353,Male,3,Manager,Divorced,25190,0.0,21,2,23.0,2,22,1,10,3,4,2.0,4.0,2.0,240,8.78027546296296,4
30,No,Travel_Rarely,Research & Development,4,3,Medical,2354,Female,1,Research Director,Married,21210,1.0,13,1,6.0,2,6,1,1,3,3,2.0,2.0,2.0,231,6.612596200096204,3
45,No,Travel_Rarely,Sales,29,2,Technical Degree,2355,Female,2,Research Scientist,Single,29730,1.0,12,0,10.0,2,10,1,4,3,3,3.0,1.0,3.0,239,8.907959088795907,6
45,No,Non-Travel,Sales,2,4,Life Sciences,2356,Male,2,Manufacturing Director,Married,58550,1.0,14,1,10.0,3,10,4,5,2,3,1.0,1.0,3.0,242,7.881596648301194,3
31,No,Travel_Frequently,Research & Development,7,3,Medical,2357,Male,2,Research Scientist,Single,36170,7.0,21,1,10.0,5,5,0,3,3,4,4.0,1.0,3.0,229,7.217484230955846,3
36,No,Travel_Rarely,Research & Development,18,1,Medical,2358,Male,2,Manufacturing Director,Married,67250,9.0,17,1,7.0,3,3,1,1,3,3,3.0,3.0,3.0,248,10.913562948028668,3
34,No,Travel_Frequently,Sales,28,4,Marketing,2359,Male,5,Manufacturing Director,Divorced,103250,1.0,11,1,9.0,3,9,7,2,2,3,3.0,4.0,3.0,225,6.067014814814811,3
49,No,Travel_Rarely,Research & Development,1,4,Life Sciences,2360,Male,3,Healthcare Representative,Married,69490,1.0,14,1,10.0,2,9,1,4,3,3,3.0,1.0,2.0,244,7.268998178506381,3
39,No,Travel_Rarely,Research & Development,6,2,Life Sciences,2361,Male,3,Research Scientist,Married,106090,2.0,17,1,10.0,2,7,7,7,3,3,2.0,1.0,3.0,226,6.571264749262534,4
27,No,Travel_Rarely,Research & Development,2,1,Life Sciences,2362,Male,4,Research Scientist,Divorced,44470,1.0,13,0,7.0,4,7,0,7,3,3,4.0,1.0,3.0,232,6.109443247126433,3
35,No,Travel_Rarely,Research & Development,2,3,Medical,2363,Female,2,Sales Executive,Married,21570,1.0,25,0,16.0,1,16,1,10,2,4,2.0,1.0,3.0,230,7.590426328502416,3
28,No,Travel_Rarely,Research & Development,23,3,Life Sciences,2364,Male,3,Manufacturing Director,Divorced,46010,0.0,15,2,6.0,2,5,0,0,3,3,2.0,1.0,2.0,236,7.4313206214689265,3
21,No,Travel_Rarely,Research & Development,3,1,Life Sciences,2365,Female,1,Laboratory Technician,Single,170990,1.0,14,1,3.0,2,2,2,2,3,3,3.0,4.0,3.0,239,7.932450023245006,4
18,Yes,Travel_Frequently,Research & Development,3,5,Medical,2366,Male,1,Research Director,Single,24790,2.0,12,1,0.0,2,0,0,0,2,3,2.0,4.0,4.0,229,8.383343037360508,3
47,No,Travel_Rarely,Research & Development,25,4,Medical,2367,Male,2,Research Scientist,Married,148520,3.0,19,3,27.0,3,5,1,0,2,3,4.0,3.0,3.0,232,6.011422413793101,3
39,No,Travel_Rarely,Sales,2,4,Life Sciences,2368,Male,1,Laboratory Technician,Divorced,72640,0.0,17,0,10.0,5,10,0,7,3,3,3.0,3.0,3.0,226,6.8945231071779745,3
40,No,Travel_Rarely,Research & Development,22,1,Life Sciences,2369,Male,1,Laboratory Technician,Married,56660,1.0,14,1,18.0,2,18,14,12,3,3,1.0,3.0,3.0,233,7.528335717691943,3
35,No,Non-Travel,Research & Development,29,3,Medical,2370,Female,2,Sales Executive,Married,78230,1.0,13,1,15.0,3,14,2,9,3,3,3.0,3.0,3.0,230,6.192031400966187,3
37,No,Travel_Rarely,Research & Development,29,4,Technical Degree,2371,Male,1,Laboratory Technician,Married,78800,3.0,12,1,9.0,2,4,0,2,4,3,3.0,3.0,2.0,244,8.023858151183967,3
39,No,Travel_Frequently,Research & Development,2,3,Technical Degree,2372,Female,2,Manager,Single,131940,0.0,11,0,10.0,2,9,3,8,3,3,1.0,3.0,1.0,235,6.660232860520095,3
45,No,Travel_Rarely,Research & Development,28,3,Life Sciences,2373,Female,2,Laboratory Technician,Divorced,50670,1.0,11,2,10.0,3,10,3,9,2,3,4.0,4.0,3.0,244,7.326619990892532,3
38,No,Travel_Rarely,Research & Development,2,4,Life Sciences,2374,Female,3,Sales Executive,Married,50790,3.0,11,0,10.0,3,5,0,2,3,3,4.0,3.0,4.0,243,9.600522405121172,3
35,Yes,Travel_Rarely,Research & Development,2,3,Life Sciences,2375,Male,3,Healthcare Representative,Married,23210,9.0,12,1,15.0,0,13,6,0,3,3,4.0,1.0,3.0,234,5.999986942070273,3
37,No,Travel_Rarely,Research & Development,22,3,Life Sciences,2376,Female,2,Healthcare Representative,Married,174440,1.0,14,0,8.0,4,8,7,7,3,3,2.0,2.0,1.0,230,7.986035024154587,3
40,No,Travel_Rarely,Research & Development,8,3,Technical Degree,2377,Female,2,Healthcare Representative,Single,24040,6.0,17,0,18.0,2,4,3,3,2,3,3.0,4.0,2.0,229,9.199227316836488,3
44,No,Travel_Frequently,Sales,2,2,Marketing,2378,Male,1,Laboratory Technician,Married,34520,4.0,11,1,14.0,2,10,0,2,2,3,1.0,4.0,3.0,229,8.615238961669094,3
48,No,Travel_Frequently,Sales,10,4,Marketing,2379,Female,3,Manager,Married,22700,2.0,14,3,23.0,2,2,2,2,3,3,3.0,4.0,3.0,240,7.076158564814813,4
35,Yes,Travel_Rarely,Research & Development,9,3,Life Sciences,2380,Male,2,Manager,Divorced,173990,6.0,12,0,7.0,3,2,2,2,1,3,3.0,4.0,2.0,247,10.702550607287451,3
24,No,Travel_Frequently,Research & Development,15,3,Life Sciences,2381,Male,2,Research Scientist,Single,54880,1.0,22,1,6.0,6,6,1,3,3,4,1.0,4.0,3.0,242,8.667874196510558,3
27,No,Travel_Rarely,Sales,10,4,Life Sciences,2382,Male,3,Sales Executive,Married,194190,7.0,14,1,5.0,2,3,0,2,1,3,2.0,3.0,3.0,243,7.234342706904434,3
27,No,Travel_Frequently,Research & Development,7,3,Life Sciences,2383,Male,1,Research Scientist,Single,28110,2.0,20,0,6.0,3,4,1,2,3,4,4.0,4.0,2.0,230,6.421498792270528,3
40,Yes,Travel_Rarely,Sales,16,4,Marketing,2384,Male,1,Research Director,Single,36330,3.0,16,2,10.0,0,4,0,3,3,3,1.0,1.0,1.0,245,10.471295918367348,3
29,No,Travel_Rarely,Research & Development,20,1,Medical,2385,Female,2,Manager,Single,41630,9.0,15,1,8.0,4,5,1,4,2,3,3.0,3.0,3.0,244,7.317852914389802,3
36,No,Travel_Rarely,Research & Development,23,3,Life Sciences,2386,Female,3,Sales Executive,Married,21320,4.0,20,0,9.0,1,3,0,2,2,4,2.0,1.0,3.0,243,7.927488568815728,3
25,No,Travel_Frequently,Sales,5,1,Marketing,2387,Male,4,Manufacturing Director,Divorced,139730,1.0,14,0,7.0,3,7,0,7,2,3,4.0,3.0,3.0,228,6.126019736842106,3
39,No,Travel_Rarely,Sales,10,3,Marketing,2388,Female,2,Research Director,Married,26840,4.0,12,0,7.0,2,5,1,0,3,3,4.0,2.0,3.0,229,6.755457302280447,3
49,No,Travel_Rarely,Sales,4,2,Life Sciences,2389,Male,2,Research Director,Married,108450,3.0,24,0,27.0,4,4,1,2,2,4,1.0,2.0,3.0,230,7.779442028985505,3
50,No,Travel_Rarely,Research & Development,2,2,Medical,2390,Male,3,Sales Executive,Divorced,43770,5.0,12,1,19.0,2,14,1,11,2,3,4.0,1.0,3.0,235,7.804605200945628,3
20,No,Travel_Rarely,Research & Development,18,4,Medical,2391,Female,2,Sales Executive,Single,37430,1.0,13,1,2.0,2,2,2,2,3,3,3.0,3.0,3.0,230,6.620019323671498,3
34,No,Travel_Rarely,Research & Development,10,3,Medical,2392,Male,3,Laboratory Technician,Divorced,41480,1.0,11,0,11.0,3,11,7,9,3,3,4.0,2.0,3.0,236,7.673401600753301,3
36,No,Travel_Rarely,Research & Development,1,3,Life Sciences,2393,Female,2,Healthcare Representative,Single,10510,2.0,14,0,15.0,2,4,1,3,3,3,1.0,2.0,3.0,234,5.979037274453941,3
49,No,Travel_Rarely,Human Resources,6,2,Life Sciences,2394,Female,2,Research Scientist,Married,107390,2.0,11,3,30.0,3,15,2,12,3,3,3.0,3.0,3.0,239,8.466084379358438,3
36,No,Non-Travel,Research & Development,8,4,Life Sciences,2395,Male,4,Laboratory Technician,Married,103880,0.0,14,0,4.0,2,3,1,2,3,3,4.0,3.0,3.0,240,8.007373842592596,3
36,No,Travel_Rarely,Research & Development,2,2,Medical,2396,Female,2,Healthcare Representative,Divorced,114160,6.0,16,0,13.0,2,5,0,4,3,3,4.0,1.0,3.0,239,6.281566713156666,3
54,No,Travel_Rarely,Sales,24,3,Marketing,2397,Male,1,Laboratory Technician,Married,26000,3.0,14,0,36.0,5,10,4,7,3,3,2.0,3.0,3.0,229,7.595829694323152,3
43,No,Travel_Rarely,Research & Development,2,4,Life Sciences,2398,Female,1,Research Scientist,Married,24220,1.0,11,1,14.0,2,14,6,11,3,3,3.0,3.0,3.0,233,7.581850262279451,3
35,Yes,Travel_Frequently,Research & Development,17,4,Medical,2399,Male,1,Research Director,Single,54720,3.0,11,1,13.0,3,11,6,7,2,3,4.0,4.0,4.0,236,8.392455273069679,3
38,No,Travel_Frequently,Research & Development,19,2,Life Sciences,2400,Male,2,Research Scientist,Married,24510,7.0,12,1,19.0,3,13,2,9,3,3,4.0,4.0,4.0,243,7.190964791952449,3
29,No,Travel_Rarely,Research & Development,1,2,Medical,2401,Male,2,Sales Representative,Divorced,42400,1.0,14,0,10.0,2,10,0,9,2,3,1.0,2.0,2.0,242,10.692972910927455,3
33,No,Travel_Rarely,Research & Development,7,3,Medical,2402,Male,5,Sales Executive,Divorced,109990,1.0,18,3,6.0,3,6,0,4,2,3,4.0,4.0,3.0,228,6.363958333333332,3
32,No,Travel_Rarely,Research & Development,5,4,Technical Degree,2403,Male,5,Research Scientist,Divorced,50030,0.0,13,0,10.0,5,9,1,6,3,3,4.0,2.0,2.0,242,6.588329889807162,3
31,No,Travel_Rarely,Research & Development,28,4,Technical Degree,2404,Female,2,Sales Executive,Married,127420,1.0,11,0,10.0,4,10,0,2,2,3,1.0,4.0,3.0,242,7.418722451790635,4
49,No,Travel_Rarely,Research & Development,2,4,Medical,2405,Male,1,Laboratory Technician,Divorced,42270,4.0,18,0,17.0,3,2,2,2,2,3,4.0,1.0,2.0,246,9.698152664859983,3
38,No,Travel_Frequently,Sales,29,2,Medical,2406,Female,1,Sales Executive,Single,39170,1.0,15,3,4.0,2,4,3,3,3,3,4.0,2.0,3.0,235,7.8303770685579215,3
47,No,Travel_Rarely,Research & Development,1,4,Medical,2407,Male,3,Laboratory Technician,Divorced,183030,6.0,22,1,29.0,2,3,1,2,2,4,2.0,2.0,3.0,232,6.737826867816091,3
49,No,Travel_Rarely,Research & Development,21,3,Medical,2408,Male,2,Manufacturing Director,Single,23800,4.0,13,0,23.0,3,8,0,0,1,3,3.0,3.0,3.0,241,6.414545873674503,3
41,No,Travel_Rarely,Research & Development,24,4,Life Sciences,2409,Female,4,Manager,Single,137260,3.0,12,0,21.0,6,2,0,2,4,3,4.0,3.0,3.0,231,10.988097643097628,3
20,No,Travel_Rarely,Research & Development,1,3,Life Sciences,2410,Male,1,Sales Representative,Single,47770,1.0,18,1,2.0,3,2,0,2,3,3,4.0,1.0,3.0,243,7.671119112940102,3
33,No,Non-Travel,Research & Development,18,2,Medical,2411,Female,2,Healthcare Representative,Divorced,63850,1.0,13,0,7.0,6,6,1,2,2,3,3.0,4.0,3.0,243,9.468951760402371,3
36,No,Travel_Rarely,Research & Development,2,2,Technical Degree,2412,Male,3,Sales Executive,Married,199730,6.0,12,0,10.0,2,3,0,2,3,3,1.0,3.0,2.0,242,5.988968089990823,3
44,No,Travel_Rarely,Research & Development,9,3,Technical Degree,2413,Female,3,Healthcare Representative,Divorced,68610,4.0,12,0,8.0,2,2,2,2,2,3,3.0,4.0,3.0,239,8.491249418874943,3
23,Yes,Travel_Rarely,Human Resources,6,3,Life Sciences,2414,Female,3,Laboratory Technician,Single,49690,1.0,12,0,5.0,3,5,1,2,3,3,4.0,3.0,3.0,229,8.127344735565256,3
38,No,Travel_Rarely,Research & Development,11,2,Life Sciences,2415,Male,1,Sales Executive,Married,198450,7.0,11,1,7.0,3,0,0,0,3,3,4.0,3.0,2.0,242,7.387090220385679,3
53,No,Travel_Rarely,Research & Development,24,3,Life Sciences,2416,Male,4,Research Director,Married,133200,3.0,11,0,11.0,2,4,1,2,3,3,2.0,4.0,3.0,234,8.002307692307687,4
48,Yes,Travel_Frequently,Sales,10,2,Marketing,2417,Male,1,Healthcare Representative,Married,63470,2.0,12,1,19.0,3,9,7,7,1,3,4.0,3.0,3.0,241,9.926055786076537,3
32,Yes,Travel_Rarely,Sales,1,3,Life Sciences,2418,Male,2,Research Scientist,Single,27430,1.0,19,1,1.0,2,1,0,0,3,3,4.0,2.0,3.0,229,7.488606259097527,3
26,No,Non-Travel,Research & Development,18,2,Medical,2419,Male,1,Human Resources,Single,108800,1.0,23,1,7.0,5,7,5,7,3,4,4.0,4.0,3.0,238,7.173929738562097,3
55,No,Travel_Rarely,Research & Development,23,1,Life Sciences,2420,Male,5,Laboratory Technician,Divorced,23420,5.0,11,2,8.0,2,4,1,2,3,3,1.0,2.0,3.0,229,7.686730955846675,3
34,No,Travel_Rarely,Sales,28,3,Life Sciences,2421,Female,2,Research Scientist,Married,176500,1.0,19,1,15.0,6,15,4,13,1,3,2.0,4.0,4.0,239,7.996798000929801,3
60,No,Travel_Rarely,Sales,17,4,Medical,2422,Male,1,Manager,Divorced,40250,3.0,13,1,19.0,5,1,0,0,2,3,3.0,4.0,4.0,232,6.1917828065134115,3
33,No,Travel_Rarely,Sales,3,3,Life Sciences,2423,Male,3,Manager,Married,97250,1.0,11,0,14.0,0,14,2,13,3,3,2.0,2.0,3.0,243,7.780635573845448,3
37,No,Travel_Frequently,Research & Development,13,3,Life Sciences,2424,Male,1,Laboratory Technician,Divorced,119040,1.0,12,1,6.0,4,6,1,3,3,3,3.0,4.0,2.0,234,6.484710351377013,3
34,No,Travel_Rarely,Research & Development,7,2,Life Sciences,2425,Male,1,Healthcare Representative,Married,21770,1.0,13,0,10.0,5,10,8,7,3,3,2.0,4.0,3.0,244,7.1169467213114705,4
23,Yes,Travel_Rarely,Research & Development,12,2,Medical,2426,Male,2,Research Scientist,Divorced,75250,1.0,14,2,3.0,2,3,0,2,3,3,3.0,4.0,3.0,234,9.21426044634378,3
44,No,Travel_Rarely,Human Resources,1,3,Life Sciences,2427,Male,1,Research Scientist,Married,48340,1.0,14,0,9.0,1,8,6,7,4,3,3.0,4.0,3.0,242,8.474362947658399,3
35,No,Travel_Frequently,Research & Development,13,3,Life Sciences,2428,Male,3,Sales Executive,Single,20420,0.0,16,0,6.0,2,5,1,4,3,3,1.0,4.0,4.0,236,8.168764124293784,3
43,No,Travel_Rarely,Research & Development,25,4,Life Sciences,2429,Male,2,Sales Executive,Married,22200,1.0,11,0,10.0,2,10,8,8,1,3,4.0,4.0,3.0,228,8.106120857699807,3
24,No,Travel_Rarely,Research & Development,6,3,Life Sciences,2430,Male,3,Sales Executive,Married,10520,1.0,13,0,5.0,3,5,0,4,3,3,3.0,3.0,3.0,235,6.718498817966903,3
41,No,Travel_Rarely,Sales,6,4,Marketing,2431,Male,1,Research Scientist,Single,28210,1.0,17,0,10.0,3,10,8,7,3,3,4.0,3.0,3.0,231,6.988722943722941,3
29,No,Travel_Rarely,Research & Development,2,2,Life Sciences,2432,Male,2,Research Scientist,Married,192370,9.0,11,1,9.0,2,5,1,2,3,3,4.0,3.0,3.0,230,7.874943236714979,3
36,No,Travel_Rarely,Human Resources,1,4,Life Sciences,2433,Female,3,Research Scientist,Single,41070,3.0,11,1,17.0,2,13,6,7,1,3,3.0,4.0,2.0,239,6.2982670850767075,3
45,No,Non-Travel,Sales,2,3,Life Sciences,2434,Female,2,Manufacturing Director,Married,83960,3.0,15,2,25.0,3,23,14,4,2,3,3.0,3.0,2.0,237,6.32477848101266,3
24,Yes,Travel_Rarely,Sales,6,2,Medical,2435,Female,2,Manager,Married,20070,1.0,12,0,1.0,2,1,0,0,2,3,4.0,3.0,3.0,235,6.430741134751769,3
47,Yes,Travel_Frequently,Research & Development,1,3,Medical,2436,Female,2,Sales Executive,Married,196270,7.0,11,2,25.0,1,23,14,10,3,3,3.0,3.0,1.0,229,6.796874090247453,3
26,No,Travel_Rarely,Research & Development,9,1,Medical,2437,Male,1,Sales Executive,Married,106860,1.0,14,1,3.0,2,3,0,2,3,3,4.0,3.0,4.0,243,7.681713534522176,3
45,No,Travel_Rarely,Research & Development,1,4,Life Sciences,2438,Male,1,Research Director,Single,29420,1.0,22,1,21.0,4,21,8,6,3,4,4.0,2.0,3.0,228,6.625135233918127,3
32,No,Travel_Frequently,Sales,1,1,Marketing,2439,Male,2,Laboratory Technician,Married,88580,6.0,16,1,10.0,2,5,1,3,3,3,1.0,3.0,2.0,235,6.8936075650118225,4
31,No,Travel_Rarely,Research & Development,14,2,Life Sciences,2440,Male,1,Sales Executive,Married,167560,1.0,11,2,6.0,5,5,0,3,3,3,2.0,3.0,4.0,235,7.198543735224587,4
41,No,Non-Travel,Sales,2,2,Medical,2441,Male,2,Research Scientist,Married,107980,6.0,14,2,10.0,5,3,1,2,1,3,3.0,2.0,3.0,229,7.699780446385247,3
40,No,Travel_Rarely,Research & Development,22,2,Technical Degree,2442,Male,1,Healthcare Representative,Married,23230,2.0,16,1,18.0,2,1,0,0,3,3,2.0,1.0,3.0,247,9.824216149347734,3
24,No,Travel_Rarely,Research & Development,3,3,Life Sciences,2443,Female,1,Research Scientist,Divorced,14160,1.0,15,1,6.0,3,6,1,2,2,3,2.0,1.0,4.0,242,6.013961202938474,3
46,No,Travel_Rarely,Research & Development,6,3,Medical,2444,Male,4,Sales Executive,Single,46150,6.0,12,0,19.0,3,10,0,9,2,3,3.0,2.0,3.0,231,7.56339345839346,5
35,No,Travel_Rarely,Sales,8,4,Life Sciences,2445,Male,1,Laboratory Technician,Married,24610,2.0,20,1,17.0,4,7,0,7,3,4,4.0,3.0,3.0,230,7.4139130434782565,3
30,No,Travel_Rarely,Sales,9,4,Marketing,2446,Male,1,Laboratory Technician,Married,87220,1.0,17,1,10.0,3,10,0,8,3,3,2.0,4.0,2.0,227,7.298294175232503,3
47,No,Non-Travel,Research & Development,3,2,Life Sciences,2447,Female,2,Sales Executive,Married,39550,7.0,12,1,4.0,5,1,0,0,3,3,3.0,2.0,1.0,227,7.683868086147818,3
46,No,Travel_Rarely,Research & Development,1,4,Technical Degree,2448,Female,3,Sales Executive,Divorced,99570,4.0,20,0,13.0,1,10,0,3,3,4,3.0,4.0,2.0,241,9.792964499769477,3
36,Yes,Travel_Rarely,Research & Development,1,3,Medical,2449,Male,2,Manufacturing Director,Divorced,33760,5.0,20,0,16.0,3,2,2,2,3,4,2.0,1.0,3.0,247,10.40676113360324,3
32,Yes,Travel_Rarely,Research & Development,26,3,Medical,2450,Female,2,Research Director,Single,88230,6.0,13,2,10.0,3,0,0,0,3,3,1.0,2.0,3.0,244,7.00019808743169,3
23,No,Travel_Rarely,Sales,6,4,Life Sciences,2451,Male,3,Manufacturing Director,Single,103220,1.0,14,2,3.0,2,3,1,2,3,3,3.0,2.0,1.0,240,6.011363425925928,4
31,No,Travel_Frequently,Sales,3,3,Marketing,2452,Male,2,Sales Executive,Single,46210,2.0,18,1,9.0,3,5,1,4,3,3,4.0,4.0,2.0,242,6.504944903581269,3
39,No,Non-Travel,Research & Development,3,3,Life Sciences,2453,Female,2,Manufacturing Director,Married,109760,1.0,11,0,9.0,3,9,5,8,2,3,4.0,4.0,3.0,244,10.17439435336976,3
32,No,Travel_Rarely,Research & Development,6,3,Technical Degree,2454,Male,1,Research Scientist,Married,36600,3.0,11,2,10.0,0,4,0,2,2,3,4.0,3.0,1.0,239,7.647353556485354,3
40,No,Travel_Rarely,Sales,6,3,Life Sciences,2455,Male,3,Manufacturing Director,Single,104820,1.0,11,1,21.0,6,21,12,8,2,3,2.0,2.0,2.0,231,7.936594516594523,3
45,No,Travel_Rarely,Research & Development,19,4,Medical,2456,Male,1,Sales Representative,Married,71190,4.0,15,0,9.0,2,5,0,3,3,3,3.0,3.0,4.0,245,7.796080498866208,3
30,No,Travel_Frequently,Sales,9,3,Life Sciences,2457,Male,1,Research Director,Single,95820,0.0,12,1,10.0,2,9,0,7,3,3,4.0,1.0,3.0,228,6.204518762183233,3
24,No,Travel_Frequently,Sales,3,4,Marketing,2458,Male,1,Sales Executive,Married,45080,0.0,11,1,3.0,5,2,2,1,3,3,1.0,4.0,3.0,239,5.991230822873086,3
30,Yes,Travel_Frequently,Research & Development,10,3,Life Sciences,2459,Female,1,Human Resources,Divorced,22070,6.0,14,0,6.0,4,4,1,2,3,3,3.0,4.0,2.0,243,6.7124874256973,3
31,No,Travel_Rarely,Research & Development,3,2,Life Sciences,2460,Male,3,Laboratory Technician,Married,77560,1.0,15,2,6.0,3,5,0,2,4,3,1.0,3.0,3.0,245,7.615965986394561,3
27,No,Travel_Rarely,Sales,3,3,Life Sciences,2461,Male,1,Manager,Single,66940,1.0,13,1,6.0,2,6,1,4,2,3,3.0,4.0,2.0,243,6.324247828074991,3
29,Yes,Travel_Rarely,Sales,4,3,Marketing,2462,Male,5,Research Scientist,Single,36910,1.0,13,0,2.0,3,2,2,2,3,3,2.0,2.0,3.0,229,6.809577874818045,5
29,No,Travel_Frequently,Research & Development,8,4,Life Sciences,2463,Female,1,Sales Executive,Single,23770,8.0,21,1,10.0,2,3,0,2,3,4,4.0,3.0,4.0,239,8.806621338912135,3
30,No,Travel_Rarely,Sales,7,3,Life Sciences,2464,Male,3,Sales Executive,Divorced,23130,2.0,11,0,12.0,5,7,1,7,3,3,3.0,1.0,3.0,244,7.966133879781424,3
34,No,Travel_Rarely,Research & Development,1,2,Medical,2465,Female,2,Healthcare Representative,Married,176650,0.0,11,0,6.0,5,5,1,2,2,3,4.0,4.0,3.0,238,9.900068860877685,4
33,No,Non-Travel,Research & Development,2,4,Medical,2466,Male,1,Sales Representative,Single,25960,8.0,14,1,13.0,4,11,1,7,3,3,4.0,2.0,2.0,238,7.385372315592907,3
49,No,Travel_Rarely,Sales,3,4,Marketing,2467,Male,1,Sales Executive,Single,47280,3.0,11,1,8.0,4,5,0,4,3,3,4.0,4.0,4.0,241,7.704099815583209,3
33,Yes,Travel_Rarely,Research & Development,10,3,Life Sciences,2468,Male,1,Sales Executive,Single,43020,2.0,13,0,11.0,3,0,0,0,1,3,1.0,1.0,2.0,245,8.287419501133787,3
38,No,Travel_Frequently,Research & Development,28,3,Medical,2469,Male,1,Healthcare Representative,Married,29790,4.0,12,1,9.0,3,6,0,5,3,3,3.0,2.0,2.0,231,7.8558068783068835,3
31,Yes,Travel_Rarely,Human Resources,9,4,Human Resources,2470,Male,2,Laboratory Technician,Married,168850,2.0,14,2,10.0,2,1,0,0,3,3,1.0,3.0,3.0,229,6.192894226103831,3
29,No,Travel_Rarely,Research & Development,3,4,Other,2471,Female,2,Sales Representative,Divorced,55930,1.0,13,1,1.0,3,1,0,0,3,3,4.0,1.0,3.0,233,6.334084406294706,3
30,No,Travel_Rarely,Research & Development,2,1,Medical,2472,Male,1,Sales Representative,Married,104450,3.0,18,1,10.0,3,7,1,7,3,3,3.0,3.0,3.0,226,6.778561946902655,3
32,No,Non-Travel,Research & Development,10,4,Life Sciences,2473,Female,1,Laboratory Technician,Single,87400,2.0,11,1,12.0,2,7,0,7,3,3,2.0,2.0,3.0,232,5.983953544061304,3
38,No,Travel_Rarely,Research & Development,8,2,Technical Degree,2474,Female,1,Manufacturing Director,Married,25140,3.0,11,0,15.0,2,1,1,0,2,3,2.0,4.0,3.0,237,9.004004922644162,3
43,Yes,Travel_Frequently,Research & Development,1,4,Other,2475,Male,3,Sales Executive,Married,76550,9.0,12,1,6.0,3,1,0,0,3,3,3.0,3.0,3.0,232,8.375763888888887,3
42,No,Travel_Rarely,Human Resources,1,3,Other,2476,Female,1,Healthcare Representative,Divorced,174650,8.0,13,1,7.0,3,5,0,4,3,3,2.0,2.0,2.0,233,6.706082498807816,3
55,No,Travel_Rarely,Research & Development,3,2,Life Sciences,2477,Female,1,Sales Executive,Married,73510,8.0,20,1,34.0,3,1,0,0,3,4,3.0,4.0,3.0,229,7.595277777777785,4
33,No,Non-Travel,Research & Development,14,3,Other,2478,Male,1,Research Scientist,Divorced,108200,5.0,12,0,11.0,2,9,1,7,3,3,4.0,2.0,2.0,241,6.7004114799446715,3
41,No,Travel_Rarely,Research & Development,5,3,Medical,2479,Male,1,Sales Representative,Divorced,121690,1.0,19,0,5.0,2,5,0,4,3,3,3.0,1.0,3.0,230,6.290448067632849,3
34,No,Non-Travel,Research & Development,7,4,Medical,2480,Female,1,Research Scientist,Divorced,196260,1.0,21,0,15.0,5,15,0,7,2,4,4.0,3.0,3.0,240,8.189454861111107,3
53,No,Non-Travel,Research & Development,10,4,Medical,2481,Male,2,Healthcare Representative,Married,20700,4.0,13,2,27.0,2,3,0,2,4,3,1.0,3.0,2.0,234,8.101309354226023,4
43,No,Travel_Rarely,Sales,16,2,Marketing,2482,Female,1,Laboratory Technician,Single,67820,0.0,16,1,10.0,2,9,1,8,3,3,2.0,4.0,3.0,232,6.0977047413793155,4
34,No,Travel_Rarely,Sales,10,2,Life Sciences,2483,Female,5,Sales Executive,Single,77790,5.0,12,1,6.0,2,2,2,2,3,3,4.0,4.0,3.0,228,7.703959551656921,3
21,Yes,Travel_Rarely,Sales,1,2,Marketing,2484,Male,5,Healthcare Representative,Single,27910,1.0,14,0,1.0,3,1,1,0,4,3,2.0,2.0,3.0,233,7.524425369575587,3
38,No,Travel_Rarely,Research & Development,8,2,Life Sciences,2485,Female,2,Sales Executive,Married,32010,1.0,11,1,5.0,3,5,0,4,2,3,4.0,3.0,3.0,234,6.388770180436847,3
22,Yes,Travel_Rarely,Research & Development,1,3,Other,2486,Male,4,Research Scientist,Married,49680,1.0,14,0,1.0,3,1,0,0,3,3,3.0,1.0,3.0,244,8.890420081967212,3
31,No,Travel_Rarely,Research & Development,8,5,Life Sciences,2487,Male,5,Sales Executive,Married,131200,1.0,12,2,13.0,6,12,5,7,2,3,1.0,4.0,3.0,235,7.280066193853426,3
51,No,Travel_Rarely,Research & Development,1,4,Life Sciences,2488,Female,1,Manager,Married,40330,2.0,14,0,15.0,2,2,2,2,3,3,1.0,3.0,3.0,233,6.703338102050552,3
37,No,Travel_Rarely,Research & Development,24,1,Life Sciences,2489,Male,2,Sales Executive,Married,32910,1.0,16,3,5.0,2,5,0,3,2,3,2.0,2.0,3.0,234,8.021012583095917,3
46,No,Travel_Rarely,Sales,3,4,Marketing,2490,Female,1,Sales Representative,Divorced,42720,7.0,13,0,24.0,3,2,2,2,4,3,3.0,4.0,3.0,235,9.994054373522461,3
36,No,Travel_Rarely,Research & Development,27,3,Technical Degree,2491,Female,4,Research Scientist,Married,50560,7.0,12,0,15.0,2,12,5,7,2,3,4.0,1.0,3.0,235,9.504157210401893,3
44,Yes,Travel_Frequently,Sales,10,4,Life Sciences,2492,Male,1,Research Scientist,Divorced,28440,1.0,12,0,6.0,2,5,2,3,4,3,3.0,2.0,2.0,232,9.28785201149425,3
37,No,Travel_Rarely,Research & Development,19,2,Technical Degree,2493,Male,2,Sales Executive,Divorced,27030,2.0,14,0,19.0,2,10,4,7,3,3,3.0,2.0,2.0,239,6.133804044630404,4
35,Yes,Travel_Rarely,Research & Development,15,4,Life Sciences,2494,Male,2,Research Scientist,Single,19040,1.0,22,1,10.0,4,10,7,7,3,4,3.0,4.0,3.0,241,8.582574919317654,3
33,No,Travel_Rarely,Research & Development,8,5,Medical,2495,Male,2,Laboratory Technician,Married,82240,6.0,19,0,14.0,3,10,7,6,3,3,4.0,1.0,3.0,232,7.992180316091957,3
28,No,Travel_Rarely,Sales,9,3,Medical,2496,Female,2,Sales Executive,Married,47660,1.0,12,0,5.0,3,5,0,3,3,3,3.0,4.0,4.0,235,7.389827423167846,4
39,No,Travel_Rarely,Sales,3,4,Marketing,2497,Female,2,Laboratory Technician,Single,26100,7.0,12,0,9.0,2,4,2,2,2,3,3.0,3.0,3.0,233,6.908993800667623,3
46,No,Non-Travel,Research & Development,9,2,Life Sciences,2498,Male,2,Manufacturing Director,Single,57310,8.0,17,0,6.0,2,2,2,2,3,3,2.0,2.0,3.0,239,6.691906090190606,3
40,No,Travel_Rarely,Research & Development,2,2,Medical,2499,Male,1,Research Director,Married,25390,4.0,12,1,7.0,3,4,0,2,3,3,3.0,1.0,2.0,242,6.555122819100088,3
42,No,Travel_Rarely,Research & Development,7,4,Other,2500,Female,2,Laboratory Technician,Married,57140,5.0,11,0,10.0,2,0,0,0,3,3,2.0,1.0,2.0,238,6.600409663865548,3
35,No,Non-Travel,Sales,10,1,Life Sciences,2501,Female,2,Research Director,Divorced,43230,2.0,18,3,15.0,3,7,1,7,3,3,2.0,4.0,3.0,243,6.702782350251487,4
38,No,Non-Travel,Sales,6,4,Marketing,2502,Male,3,Sales Executive,Divorced,73360,5.0,11,0,13.0,3,11,3,8,3,3,1.0,2.0,3.0,229,7.757895439107231,3
34,Yes,Travel_Frequently,Research & Development,2,1,Life Sciences,2503,Male,1,Manufacturing Director,Married,134990,4.0,23,2,11.0,2,7,0,7,4,4,4.0,1.0,2.0,231,7.888297258297259,3
37,Yes,Travel_Rarely,Research & Development,24,3,Life Sciences,2504,Male,1,Laboratory Technician,Single,137580,1.0,11,1,10.0,5,10,0,8,3,3,4.0,1.0,1.0,240,6.196276620370366,4
39,No,Travel_Frequently,Research & Development,2,1,Medical,2505,Male,2,Healthcare Representative,Divorced,51550,2.0,18,1,7.0,3,2,2,2,2,3,3.0,4.0,3.0,231,6.196037758537754,3
43,No,Non-Travel,Human Resources,8,5,Medical,2506,Female,3,Sales Executive,Single,22580,4.0,18,0,7.0,2,3,1,2,3,3,1.0,3.0,2.0,231,7.399991582491581,3
41,No,Travel_Rarely,Research & Development,3,3,Life Sciences,2507,Male,3,Research Scientist,Single,35970,3.0,13,1,11.0,2,3,1,2,1,3,2.0,2.0,1.0,228,7.812406189083821,3
41,No,Travel_Rarely,Research & Development,1,1,Technical Degree,2508,Male,3,Laboratory Technician,Divorced,25150,0.0,18,0,23.0,2,22,13,5,2,3,3.0,3.0,4.0,240,10.281769675925919,3
30,No,Travel_Rarely,Sales,26,3,Marketing,2509,Female,2,Manager,Single,44200,9.0,11,0,9.0,3,7,0,2,3,3,1.0,3.0,3.0,234,7.114706790123453,3
26,Yes,Travel_Rarely,Human Resources,2,1,Technical Degree,2510,Female,3,Sales Executive,Married,65780,0.0,15,2,6.0,3,5,1,4,2,3,4.0,2.0,3.0,238,8.718123249299717,3
46,Yes,Travel_Rarely,Research & Development,10,3,Medical,2511,Male,1,Sales Executive,Married,44220,4.0,11,1,13.0,2,9,3,7,3,3,4.0,2.0,4.0,235,8.02510047281324,3
40,No,Travel_Rarely,Sales,27,2,Medical,2512,Female,3,Sales Executive,Divorced,102740,4.0,18,0,12.0,3,5,0,3,3,3,3.0,4.0,3.0,244,6.611040528233152,3
34,No,Travel_Rarely,Research & Development,2,3,Life Sciences,2513,Male,2,Laboratory Technician,Married,53430,1.0,14,0,10.0,5,10,4,8,2,3,2.0,3.0,3.0,240,7.376714120370371,3
58,No,Non-Travel,Research & Development,2,4,Medical,2514,Male,1,Laboratory Technician,Divorced,23760,4.0,12,1,37.0,3,16,14,14,3,3,2.0,2.0,2.0,244,6.598882058287795,3
35,No,Travel_Rarely,Research & Development,8,1,Technical Degree,2515,Female,3,Manufacturing Director,Married,53460,0.0,14,0,6.0,3,5,0,3,2,3,2.0,3.0,4.0,239,7.410872849837281,3
47,No,Travel_Rarely,Research & Development,19,5,Medical,2516,Female,2,Research Scientist,Divorced,28270,8.0,14,1,28.0,3,22,14,10,3,3,3.0,2.0,3.0,235,10.678910165484632,3
40,No,Travel_Rarely,Research & Development,1,4,Life Sciences,2517,Male,2,Manager,Divorced,199430,2.0,13,1,15.0,3,7,7,7,3,3,2.0,1.0,3.0,232,7.2270917145593865,3
54,No,Travel_Rarely,Sales,27,4,Medical,2518,Male,1,Research Scientist,Married,31310,4.0,14,0,14.0,3,7,1,7,2,3,4.0,4.0,2.0,226,7.0746312684365815,3
31,No,Travel_Frequently,Sales,8,4,Other,2519,Female,3,Manufacturing Director,Married,25520,2.0,18,0,9.0,2,3,2,2,3,3,1.0,1.0,3.0,229,7.494165453663273,3
28,No,Travel_Rarely,Sales,1,2,Life Sciences,2520,Male,3,Manager,Married,44770,1.0,15,0,3.0,6,3,1,2,3,3,3.0,1.0,3.0,243,7.611939871970738,3
38,No,Travel_Rarely,Research & Development,19,3,Medical,2521,Female,2,Manufacturing Director,Married,64740,2.0,13,2,20.0,3,4,0,3,1,3,2.0,4.0,2.0,243,9.50063671696388,3
26,No,Travel_Rarely,Sales,8,3,Marketing,2522,Female,1,Healthcare Representative,Single,30330,1.0,12,0,5.0,2,5,1,2,2,3,3.0,4.0,3.0,237,6.115757149554618,3
58,No,Travel_Frequently,Research & Development,10,4,Technical Degree,2523,Female,1,Sales Representative,Married,29360,2.0,13,1,23.0,3,2,2,2,3,3,1.0,3.0,3.0,245,9.615240362811788,3
18,No,Non-Travel,Research & Development,2,3,Life Sciences,2524,Male,3,Sales Representative,Single,186060,1.0,24,2,0.0,4,0,0,0,3,4,2.0,3.0,1.0,229,7.631033478893743,3
31,Yes,Travel_Rarely,Research & Development,2,3,Life Sciences,2525,Male,3,Laboratory Technician,Married,21680,0.0,14,1,2.0,2,1,0,0,3,3,4.0,1.0,3.0,238,6.141918767506996,3
29,Yes,Travel_Rarely,Research & Development,8,2,Medical,2526,Male,1,Manager,Divorced,28530,4.0,14,1,4.0,5,2,2,0,2,3,1.0,1.0,3.0,246,8.672918925022582,3
45,No,Non-Travel,Sales,1,4,Technical Degree,2527,Male,1,Research Scientist,Married,170480,4.0,15,0,10.0,3,8,5,7,2,3,3.0,3.0,4.0,226,7.199625122910524,3
36,No,Travel_Rarely,Sales,2,3,Technical Degree,2528,Female,5,Laboratory Technician,Married,22900,4.0,11,0,15.0,5,1,0,0,3,3,4.0,2.0,3.0,241,10.682005532503451,3
43,No,Travel_Frequently,Sales,8,3,Medical,2529,Male,1,Research Director,Married,36000,1.0,23,0,7.0,2,7,7,7,3,4,1.0,4.0,3.0,243,7.031896433470512,3
27,No,Travel_Frequently,Sales,8,4,Life Sciences,2530,Male,5,Research Scientist,Single,21070,0.0,13,0,6.0,2,5,0,2,3,3,4.0,4.0,2.0,245,10.22136281179139,3
29,No,Travel_Frequently,Research & Development,6,2,Medical,2531,Male,1,Human Resources,Married,41150,1.0,11,0,11.0,1,11,3,10,3,3,4.0,4.0,4.0,243,7.6926303155006845,3
32,No,Travel_Frequently,Sales,9,4,Life Sciences,2532,Male,4,Sales Executive,Single,43270,8.0,13,0,4.0,4,0,0,0,3,3,4.0,4.0,4.0,229,7.596130519165457,3
42,No,Non-Travel,Research & Development,11,3,Medical,2533,Male,1,Manager,Married,178560,3.0,18,0,10.0,2,6,3,3,3,3,3.0,3.0,2.0,239,6.496671315667134,3
47,No,Travel_Rarely,Sales,2,2,Life Sciences,2534,Female,5,Manager,Single,31960,4.0,14,1,7.0,3,2,2,0,2,3,2.0,3.0,3.0,234,6.1155828584995255,3
46,No,Travel_Rarely,Human Resources,1,3,Life Sciences,2535,Female,1,Laboratory Technician,Divorced,190810,3.0,21,0,12.0,2,9,4,7,3,4,4.0,4.0,2.0,237,7.192263244256913,3
28,No,Non-Travel,Research & Development,7,3,Life Sciences,2536,Male,1,Sales Executive,Divorced,89660,1.0,16,1,3.0,3,3,2,2,2,3,3.0,4.0,3.0,234,7.716707027540358,3
29,No,Travel_Rarely,Research & Development,16,3,Medical,2537,Female,1,Manufacturing Director,Divorced,22100,8.0,11,1,11.0,4,7,1,6,3,3,4.0,3.0,3.0,246,8.04127258355917,3
42,No,Travel_Rarely,Sales,2,4,Medical,2538,Female,2,Research Director,Single,45390,4.0,17,1,8.0,5,0,0,0,3,3,4.0,3.0,3.0,233,6.59646876490224,3
32,Yes,Travel_Rarely,Research & Development,1,1,Medical,2539,Male,2,Laboratory Technician,Single,27410,7.0,11,0,7.0,3,2,2,2,3,3,3.0,2.0,2.0,242,10.426699954086319,3
46,No,Travel_Rarely,Research & Development,23,1,Life Sciences,2540,Male,2,Laboratory Technician,Divorced,34910,2.0,14,0,25.0,0,19,2,8,3,3,1.0,1.0,3.0,228,7.880292397660821,3
27,No,Travel_Rarely,Sales,2,3,Life Sciences,2541,Female,5,Research Scientist,Married,45410,1.0,14,2,9.0,4,9,5,8,4,3,2.0,3.0,3.0,226,7.124595624385447,4
29,No,Travel_Rarely,Research & Development,1,2,Medical,2542,Male,3,Sales Executive,Married,26780,1.0,25,1,1.0,3,1,0,0,3,4,4.0,2.0,3.0,237,7.96337787154243,4
43,No,Travel_Rarely,Research & Development,1,3,Life Sciences,2543,Male,1,Manufacturing Director,Married,73790,7.0,13,2,21.0,3,16,6,14,2,3,1.0,3.0,3.0,227,6.286693587860989,3
48,No,Travel_Rarely,Research & Development,2,3,Life Sciences,2544,Female,2,Manager,Married,62720,4.0,14,0,29.0,3,22,12,9,2,3,4.0,2.0,3.0,229,6.085625909752544,3
29,Yes,Travel_Frequently,Research & Development,13,2,Life Sciences,2545,Female,1,Laboratory Technician,Single,52200,1.0,17,0,1.0,3,1,1,0,2,3,4.0,4.0,2.0,229,8.599234594856867,3
46,Yes,Travel_Rarely,Research & Development,4,4,Medical,2546,Female,2,Sales Representative,Married,27430,5.0,25,1,14.0,1,8,0,7,4,4,3.0,2.0,3.0,240,7.888104166666663,3
27,No,Travel_Frequently,Research & Development,16,4,Medical,2547,Male,3,Healthcare Representative,Married,49980,0.0,20,2,8.0,3,7,7,3,3,4,4.0,1.0,2.0,236,7.678046139359696,3
39,No,Travel_Rarely,Research & Development,2,3,Technical Degree,2548,Male,3,Healthcare Representative,Divorced,102520,8.0,13,1,7.0,3,2,2,2,3,3,4.0,4.0,3.0,231,6.535387205387203,3
55,No,Travel_Rarely,Research & Development,2,3,Life Sciences,2549,Female,1,Human Resources,Married,27810,8.0,13,1,19.0,2,5,0,4,3,3,2.0,4.0,4.0,226,6.190505162241888,3
28,No,Travel_Rarely,Research & Development,29,2,Life Sciences,2550,Male,2,Laboratory Technician,Married,68520,1.0,18,1,1.0,2,1,0,0,4,3,2.0,2.0,3.0,241,6.993290686952514,3
30,Yes,Travel_Rarely,Sales,12,4,Life Sciences,2551,Female,2,Sales Executive,Single,49500,1.0,12,2,1.0,3,1,0,0,3,3,2.0,4.0,2.0,243,7.683623685413805,3
22,Yes,Travel_Rarely,Research & Development,16,2,Life Sciences,2552,Female,2,Laboratory Technician,Single,35790,1.0,19,3,1.0,3,1,0,0,3,3,4.0,2.0,3.0,242,10.50865587695133,3
36,No,Travel_Rarely,Research & Development,11,3,Life Sciences,2553,Male,1,Sales Executive,Married,131910,1.0,14,1,10.0,2,10,1,7,2,3,2.0,3.0,3.0,230,9.496987922705317,3
31,No,Travel_Rarely,Research & Development,2,4,Life Sciences,2554,Female,5,Manager,Divorced,103770,1.0,14,0,10.0,2,10,0,2,3,3,2.0,3.0,3.0,243,7.516973022405121,3
34,No,Travel_Rarely,Sales,14,2,Technical Degree,2555,Female,1,Sales Executive,Married,22350,2.0,14,1,9.0,2,5,1,0,3,3,3.0,4.0,3.0,231,8.095313852813854,3
29,No,Travel_Rarely,Research & Development,5,5,Life Sciences,2556,Female,1,Sales Executive,Single,105020,3.0,12,0,11.0,4,3,1,2,2,3,4.0,1.0,3.0,242,7.0755853994490305,3
37,No,Travel_Rarely,Research & Development,7,2,Medical,2557,Male,1,Manufacturing Director,Married,20110,5.0,13,0,16.0,4,5,0,4,4,3,4.0,1.0,3.0,230,8.70323188405797,3
35,No,Travel_Rarely,Sales,2,1,Technical Degree,2558,Male,2,Laboratory Technician,Married,18590,0.0,25,1,4.0,2,3,0,2,2,4,4.0,2.0,3.0,242,10.515715105601464,4
45,No,Travel_Rarely,Research & Development,3,3,Medical,2559,Female,2,Sales Executive,Married,37600,0.0,14,1,10.0,2,9,3,8,2,3,2.0,4.0,2.0,238,7.1140312791783415,3
36,No,Travel_Frequently,Research & Development,5,3,Medical,2560,Female,4,Manufacturing Director,Single,177790,1.0,17,1,10.0,5,10,0,8,1,3,2.0,4.0,2.0,231,6.537147667147667,3
40,No,Travel_Rarely,Research & Development,3,3,Other,2561,Male,1,Sales Executive,Divorced,68330,2.0,13,0,22.0,3,19,11,16,3,3,1.0,1.0,3.0,228,6.808731725146198,3
26,No,Travel_Rarely,Research & Development,26,2,Life Sciences,2562,Male,2,Human Resources,Married,68120,1.0,13,0,1.0,2,1,1,0,2,3,2.0,3.0,2.0,241,9.306218303365615,3
27,No,Travel_Rarely,Research & Development,4,3,Technical Degree,2563,Male,2,Manufacturing Director,Single,51710,0.0,20,1,9.0,1,8,0,7,2,4,1.0,3.0,2.0,231,7.59368326118326,3
48,No,Travel_Frequently,Research & Development,2,3,Life Sciences,2564,Male,2,Research Director,Divorced,197400,3.0,14,0,24.0,2,22,4,7,4,3,4.0,4.0,3.0,243,7.185576131687242,3
44,No,Travel_Rarely,Sales,1,2,Medical,2565,Male,4,Manager,Married,187110,2.0,12,1,10.0,0,2,2,2,3,3,2.0,1.0,3.0,232,7.078182471264368,4
34,Yes,Non-Travel,Research & Development,27,2,Life Sciences,2566,Female,1,Sales Representative,Married,36920,1.0,12,1,5.0,5,5,3,0,3,3,4.0,1.0,3.0,231,10.214114959114953,3
56,Yes,Travel_Rarely,Human Resources,1,2,Medical,2567,Female,5,Sales Executive,Single,25590,1.0,21,0,5.0,3,4,1,0,3,4,1.0,4.0,3.0,240,6.8956180555555555,3
36,No,Travel_Rarely,Research & Development,13,3,Technical Degree,2568,Female,3,Healthcare Representative,Married,25170,2.0,14,0,12.0,3,4,1,3,3,3,3.0,2.0,1.0,236,7.319204331450091,3
41,No,Travel_Rarely,Research & Development,5,3,Life Sciences,2569,Female,1,Sales Executive,Married,66230,5.0,18,0,14.0,3,5,1,4,3,3,3.0,2.0,3.0,233,6.396317358130662,3
42,No,Travel_Rarely,Research & Development,7,3,Technical Degree,2570,Female,2,Sales Executive,Married,182650,9.0,12,1,18.0,4,13,5,7,3,3,3.0,1.0,4.0,230,7.4157898550724655,4
31,No,Travel_Rarely,Sales,9,4,Life Sciences,2571,Female,1,Sales Executive,Divorced,161240,2.0,23,1,8.0,2,5,1,4,2,4,3.0,4.0,3.0,239,8.317417480241751,3
34,No,Travel_Rarely,Research & Development,8,1,Life Sciences,2572,Female,3,Laboratory Technician,Married,25850,3.0,12,0,9.0,5,4,0,1,3,3,4.0,4.0,2.0,244,9.213606557377048,3
31,No,Travel_Rarely,Sales,25,2,Life Sciences,2573,Female,3,Manufacturing Director,Divorced,182130,8.0,21,2,4.0,3,2,2,2,4,4,1.0,3.0,2.0,228,6.783251705653018,3
26,No,Travel_Frequently,Sales,16,2,Life Sciences,2574,Male,2,Healthcare Representative,Married,83800,0.0,14,0,8.0,3,7,7,7,4,3,3.0,4.0,3.0,243,6.094803383630546,3
45,No,Travel_Frequently,Research & Development,8,4,Life Sciences,2575,Female,2,Manager,Single,29940,4.0,18,1,12.0,2,4,0,3,3,3,2.0,3.0,3.0,243,7.788163008687697,3
33,No,Travel_Rarely,Sales,1,3,Life Sciences,2576,Female,5,Sales Executive,Single,12230,1.0,13,1,10.0,3,10,0,9,3,3,2.0,3.0,2.0,238,6.366932773109245,3
28,No,Travel_Frequently,Sales,8,3,Life Sciences,2577,Male,4,Research Scientist,Married,11180,1.0,11,0,7.0,3,7,0,7,3,3,3.0,4.0,3.0,237,10.595948195030473,3
29,Yes,Travel_Frequently,Human Resources,2,4,Human Resources,2578,Male,2,Sales Executive,Single,28750,1.0,11,0,1.0,3,1,0,0,3,3,3.0,1.0,3.0,244,6.790143442622954,3
39,No,Non-Travel,Research & Development,8,5,Medical,2579,Female,2,Sales Representative,Married,188240,6.0,19,1,10.0,4,3,1,2,3,3,1.0,3.0,3.0,230,6.278269323671494,3
27,No,Travel_Rarely,Sales,3,2,Technical Degree,2580,Male,2,Healthcare Representative,Married,135770,1.0,12,1,6.0,2,5,1,2,3,3,2.0,2.0,2.0,245,7.2826541950113395,3
34,No,Travel_Frequently,Research & Development,9,4,Life Sciences,2581,Female,2,Manufacturing Director,Married,26250,1.0,12,3,16.0,4,15,6,11,3,3,3.0,4.0,3.0,244,8.898696493624772,3
28,Yes,Travel_Rarely,Research & Development,25,3,Technical Degree,2582,Male,1,Research Director,Single,187890,3.0,16,1,6.0,4,2,2,2,3,3,4.0,3.0,3.0,239,9.392832403533243,4
47,No,Non-Travel,Research & Development,1,4,Medical,2583,Male,1,Research Scientist,Married,45380,8.0,11,0,16.0,3,8,1,7,3,3,3.0,2.0,4.0,237,5.99573956868261,3
56,No,Travel_Rarely,Research & Development,4,3,Technical Degree,2584,Female,2,Sales Executive,Married,198470,4.0,14,0,6.0,6,0,0,0,3,3,4.0,1.0,3.0,232,7.906703783524902,3
39,No,Travel_Rarely,Research & Development,1,3,Other,2585,Female,1,Laboratory Technician,Married,105120,1.0,12,1,10.0,2,10,7,9,3,3,1.0,1.0,3.0,243,7.018032693187014,3
38,No,Travel_Frequently,Research & Development,4,2,Medical,2586,Female,1,Manager,Divorced,44440,1.0,13,0,20.0,2,20,0,7,3,3,4.0,2.0,3.0,238,10.800123716153125,3
58,No,Travel_Rarely,Sales,5,3,Marketing,2587,Male,5,Sales Representative,Married,21540,4.0,21,1,29.0,3,1,0,0,3,4,4.0,4.0,2.0,235,9.880895981087468,3
32,Yes,Travel_Frequently,Research & Development,9,3,Life Sciences,2588,Male,2,Laboratory Technician,Single,191900,3.0,17,1,8.0,2,4,0,3,3,3,1.0,3.0,3.0,235,10.22026359338061,3
38,No,Travel_Rarely,Research & Development,3,4,Life Sciences,2589,Female,1,Sales Representative,Divorced,44900,2.0,21,1,10.0,1,5,0,3,3,4,2.0,4.0,4.0,240,7.61587962962963,3
49,No,Travel_Frequently,Sales,11,4,Life Sciences,2590,Male,2,Research Scientist,Married,35060,3.0,11,1,28.0,4,5,4,3,2,3,2.0,4.0,3.0,238,6.336143790849671,3
42,No,Travel_Rarely,Sales,1,3,Life Sciences,2591,Female,1,Sales Executive,Divorced,23720,3.0,12,1,14.0,3,0,0,0,3,3,2.0,4.0,3.0,235,8.703656028368796,3
27,Yes,Travel_Frequently,Sales,8,1,Life Sciences,2592,Male,4,Laboratory Technician,Married,102310,1.0,13,1,1.0,2,1,0,0,3,3,1.0,2.0,3.0,232,6.453629070881228,3
35,No,Travel_Rarely,Research & Development,25,1,Medical,2593,Male,1,Sales Executive,Married,54100,0.0,18,0,6.0,4,5,0,4,3,3,2.0,1.0,1.0,236,6.594681026365353,3
28,No,Non-Travel,Research & Development,21,1,Medical,2594,Male,3,Research Scientist,Single,79780,1.0,16,2,5.0,2,5,1,4,3,3,3.0,3.0,2.0,229,6.6660819990296,3
31,No,Non-Travel,Sales,23,1,Medical,2595,Male,1,Sales Executive,Divorced,38670,1.0,11,1,4.0,4,4,2,3,4,3,3.0,1.0,4.0,243,9.782472565157748,3
36,No,Non-Travel,Research & Development,1,3,Life Sciences,2596,Male,2,Research Scientist,Married,28380,1.0,19,2,5.0,5,5,0,2,1,3,1.0,2.0,3.0,240,7.088763888888888,3
34,No,Travel_Rarely,Sales,2,3,Marketing,2597,Male,4,Healthcare Representative,Single,46950,1.0,16,1,14.0,2,14,2,1,3,3,1.0,4.0,2.0,232,5.997830459770115,3
34,No,Travel_Rarely,Research & Development,19,3,Technical Degree,2598,Female,1,Research Director,Divorced,33390,1.0,16,0,9.0,2,8,1,1,2,3,4.0,3.0,2.0,240,6.761289351851849,3
26,No,Travel_Rarely,Research & Development,2,2,Life Sciences,2599,Male,2,Research Scientist,Single,20800,0.0,13,0,8.0,6,7,7,6,4,3,3.0,1.0,2.0,227,6.794783406754772,3
29,No,Travel_Rarely,Research & Development,2,4,Other,2600,Male,2,Laboratory Technician,Married,20960,0.0,22,0,6.0,2,5,0,2,4,4,1.0,1.0,2.0,232,7.750866858237546,4
32,No,Non-Travel,Research & Development,3,1,Life Sciences,2601,Male,3,Manager,Divorced,62090,5.0,17,1,9.0,5,5,1,2,4,3,3.0,4.0,3.0,233,6.603443013829276,4
31,No,Travel_Frequently,Research & Development,25,5,Technical Degree,2602,Female,2,Human Resources,Married,180610,1.0,14,1,10.0,2,10,8,7,3,3,4.0,1.0,3.0,239,6.878268247326822,4
28,Yes,Travel_Rarely,Sales,7,5,Life Sciences,2603,Female,2,Sales Representative,Divorced,171230,5.0,15,1,6.0,2,4,0,3,2,3,3.0,4.0,2.0,233,6.291164759179781,4
38,No,Travel_Rarely,Research & Development,9,2,Technical Degree,2604,Male,3,Sales Representative,Single,23720,4.0,12,0,20.0,3,1,0,0,2,3,1.0,1.0,2.0,234,7.18015788224122,3
35,No,Travel_Rarely,Research & Development,5,3,Life Sciences,2605,Male,2,Sales Representative,Married,48830,1.0,18,1,10.0,1,10,0,9,1,3,3.0,4.0,3.0,240,8.805177083333332,3
27,No,Travel_Rarely,Sales,2,3,Life Sciences,2606,Female,1,Manager,Single,39040,1.0,15,0,7.0,2,7,0,7,3,3,4.0,4.0,3.0,231,7.914374699374696,3
32,No,Travel_Rarely,Research & Development,8,1,Medical,2607,Female,2,Research Scientist,Single,46270,8.0,17,1,8.0,2,1,0,0,2,3,4.0,4.0,3.0,244,7.296955828779604,3
31,Yes,Travel_Frequently,Research & Development,2,1,Other,2608,Male,3,Sales Executive,Married,70940,1.0,14,1,10.0,2,10,0,8,3,3,1.0,4.0,3.0,236,10.304995291902072,3
53,Yes,Travel_Rarely,Research & Development,18,3,Medical,2609,Male,1,Research Scientist,Single,34230,6.0,15,1,15.0,4,2,2,2,3,3,1.0,1.0,2.0,235,10.803005910165487,4
54,No,Travel_Rarely,Research & Development,14,3,Other,2610,Male,3,Research Scientist,Married,66740,3.0,17,1,9.0,2,4,2,3,3,3,1.0,3.0,2.0,229,7.911286996603586,3
33,No,Travel_Frequently,Research & Development,2,4,Medical,2611,Female,4,Sales Executive,Divorced,168800,1.0,14,3,9.0,2,9,2,8,3,3,4.0,3.0,3.0,232,7.888442289272035,3
43,No,Travel_Rarely,Research & Development,3,3,Medical,2612,Male,1,Research Scientist,Married,90940,1.0,12,1,10.0,0,10,0,9,3,3,1.0,3.0,3.0,230,7.491992753623187,3
38,No,Travel_Frequently,Research & Development,2,5,Medical,2613,Female,4,Sales Executive,Married,84460,0.0,14,0,7.0,3,6,1,2,2,3,4.0,2.0,3.0,239,8.016118084611817,3
55,No,Travel_Rarely,Sales,9,3,Marketing,2614,Male,2,Laboratory Technician,Married,119160,4.0,15,1,35.0,3,10,1,4,2,3,3.0,2.0,3.0,237,8.237924285044539,3
31,No,Travel_Rarely,Sales,6,3,Other,2615,Male,1,Manufacturing Director,Divorced,45340,1.0,13,0,1.0,2,1,0,0,3,3,4.0,4.0,3.0,242,10.800426997245177,3
39,No,Travel_Rarely,Research & Development,4,3,Life Sciences,2616,Male,2,Sales Executive,Single,98520,0.0,12,1,21.0,5,20,11,10,2,3,2.0,1.0,3.0,243,6.100789894833105,3
42,No,Non-Travel,Research & Development,10,4,Life Sciences,2617,Female,2,Research Scientist,Single,61510,1.0,13,1,20.0,3,20,3,7,3,3,4.0,3.0,3.0,233,6.595412494039101,4
31,No,Non-Travel,Research & Development,14,2,Life Sciences,2618,Male,2,Healthcare Representative,Married,23020,4.0,14,0,13.0,3,11,4,8,3,3,3.0,3.0,4.0,229,6.112748665696268,3
54,No,Travel_Rarely,Research & Development,1,3,Medical,2619,Female,2,Human Resources,Single,23620,6.0,13,1,9.0,2,5,1,4,4,3,3.0,1.0,3.0,230,10.46367270531401,3
24,No,Travel_Rarely,Research & Development,5,4,Other,2620,Male,1,Manufacturing Director,Single,178610,1.0,11,2,4.0,5,4,1,2,1,3,2.0,3.0,2.0,242,6.87842056932966,3
23,No,Travel_Rarely,Research & Development,7,3,Life Sciences,2621,Male,2,Research Scientist,Single,191870,1.0,11,1,5.0,2,5,1,4,3,3,4.0,4.0,4.0,230,6.9892270531401,3
40,No,Travel_Frequently,Research & Development,21,3,Medical,2622,Female,3,Research Scientist,Married,197170,1.0,21,0,10.0,1,10,9,4,2,4,4.0,3.0,4.0,230,7.810896135265701,3
40,No,Travel_Rarely,Research & Development,8,1,Medical,2623,Female,5,Research Scientist,Married,35440,3.0,18,3,15.0,3,11,5,10,2,3,2.0,2.0,3.0,241,6.20579529737206,3
25,No,Travel_Rarely,Sales,20,5,Medical,2624,Female,2,Laboratory Technician,Married,85000,4.0,12,0,6.0,2,2,1,2,3,3,3.0,2.0,3.0,236,6.1862747175141255,3
30,No,Travel_Rarely,Human Resources,20,4,Life Sciences,2625,Male,2,Research Scientist,Married,46610,1.0,11,0,12.0,3,12,1,7,2,3,4.0,2.0,2.0,241,6.082886122637158,3
25,No,Travel_Rarely,Research & Development,7,2,Medical,2626,Male,5,Sales Executive,Divorced,41030,6.0,15,1,7.0,2,2,0,2,3,3,4.0,3.0,2.0,230,10.186044685990346,3
47,No,Travel_Rarely,Research & Development,1,4,Life Sciences,2627,Male,2,Sales Executive,Single,42490,2.0,13,1,25.0,2,17,12,11,2,3,1.0,3.0,3.0,235,7.804060283687942,5
33,No,Non-Travel,Research & Development,1,3,Life Sciences,2628,Male,2,Research Scientist,Divorced,140260,1.0,12,0,1.0,4,1,0,0,3,3,2.0,3.0,2.0,235,6.205515366430263,3
38,No,Travel_Rarely,Research & Development,19,3,Life Sciences,2629,Female,2,Sales Executive,Married,68930,0.0,17,0,16.0,3,15,5,8,3,3,4.0,2.0,3.0,241,7.887488473951131,3
31,No,Travel_Rarely,Research & Development,10,4,Medical,2630,Female,3,Sales Executive,Married,61250,0.0,13,1,3.0,3,2,1,2,3,3,1.0,3.0,3.0,241,7.201739280774546,3
38,No,Travel_Frequently,Research & Development,1,4,Other,2631,Male,2,Research Scientist,Married,36690,2.0,19,0,10.0,2,8,7,7,3,3,1.0,3.0,3.0,243,6.505002286236859,3
42,No,Travel_Rarely,Research & Development,6,3,Medical,2632,Male,2,Laboratory Technician,Divorced,100080,6.0,19,1,9.0,3,4,1,2,1,3,4.0,1.0,2.0,237,9.820030473511483,3
41,No,Travel_Rarely,Sales,2,2,Medical,2633,Male,1,Healthcare Representative,Married,23870,3.0,17,1,12.0,1,5,1,0,1,3,4.0,4.0,3.0,237,7.6920675105485214,3
47,No,Non-Travel,Research & Development,21,2,Medical,2634,Male,1,Sales Executive,Married,46390,0.0,11,1,14.0,2,13,5,12,2,3,3.0,2.0,1.0,233,7.175159752026706,6
35,No,Travel_Rarely,Research & Development,4,3,Life Sciences,2635,Male,2,Healthcare Representative,Married,78980,7.0,15,0,5.0,2,2,2,2,2,3,4.0,3.0,3.0,242,10.434484618916434,3
22,No,Travel_Rarely,Human Resources,12,1,Human Resources,2636,Male,2,Sales Executive,Single,25340,0.0,11,0,4.0,1,3,1,2,3,3,4.0,3.0,4.0,243,6.435723593964336,3
35,No,Travel_Rarely,Research & Development,9,3,Medical,2637,Female,2,Sales Executive,Single,131420,1.0,25,2,10.0,4,10,0,8,3,4,2.0,3.0,3.0,235,8.021547281323878,3
33,No,Travel_Rarely,Sales,3,4,Medical,2638,Male,3,Healthcare Representative,Married,16110,0.0,14,0,10.0,2,9,8,1,2,3,2.0,4.0,3.0,237,9.094859353023912,3
32,No,Travel_Rarely,Research & Development,3,2,Technical Degree,2639,Male,3,Manufacturing Director,Single,53630,1.0,13,0,6.0,4,6,4,1,3,3,3.0,2.0,3.0,241,7.001826878745966,3
40,No,Travel_Rarely,Research & Development,1,4,Medical,2640,Male,2,Research Director,Married,50710,8.0,17,1,8.0,3,1,0,0,2,3,1.0,4.0,2.0,243,6.184851394604482,3
32,No,Travel_Rarely,Research & Development,1,2,Medical,2641,Male,3,Sales Executive,Married,136950,0.0,13,0,3.0,3,2,2,2,3,3,2.0,2.0,3.0,230,6.001692028985505,3
39,No,Travel_Rarely,Research & Development,4,4,Life Sciences,2642,Male,1,Sales Executive,Single,134020,7.0,14,1,18.0,1,7,1,7,3,3,1.0,4.0,3.0,240,8.016600694444442,3
38,No,Travel_Rarely,Sales,20,4,Medical,2643,Female,2,Research Director,Married,20290,3.0,11,1,20.0,3,18,1,11,2,3,2.0,3.0,3.0,230,8.024595410628022,4
32,No,Travel_Rarely,Research & Development,18,3,Life Sciences,2644,Male,2,Manager,Married,63770,1.0,12,2,14.0,3,14,5,7,3,3,3.0,4.0,3.0,242,7.8913028007346195,3
37,No,Travel_Rarely,Research & Development,1,3,Life Sciences,2645,Female,4,Sales Executive,Married,54290,1.0,17,1,16.0,3,16,6,8,3,3,3.0,4.0,3.0,239,9.417802185030217,3
25,No,Travel_Rarely,Research & Development,2,4,Medical,2646,Female,2,Manufacturing Director,Divorced,27850,0.0,21,0,6.0,2,5,0,4,3,4,1.0,3.0,2.0,232,8.030438218390804,3
52,No,Non-Travel,Research & Development,2,4,Other,2647,Male,1,Manager,Divorced,46140,2.0,16,1,16.0,3,9,0,0,3,3,1.0,4.0,2.0,243,6.812064471879286,4
44,No,Travel_Rarely,Research & Development,8,1,Life Sciences,2648,Female,1,Sales Representative,Single,26100,6.0,15,0,6.0,2,4,1,2,3,3,2.0,4.0,3.0,246,10.76902213188799,3
21,No,Travel_Rarely,Sales,10,5,Medical,2649,Male,3,Research Scientist,Single,66870,1.0,19,3,2.0,0,2,1,2,3,3,3.0,1.0,3.0,232,8.209698275862076,3
39,No,Non-Travel,Research & Development,3,4,Life Sciences,2650,Female,2,Research Director,Single,47240,2.0,12,1,21.0,4,6,1,3,4,3,4.0,4.0,2.0,226,6.314996312684363,4
23,Yes,Travel_Frequently,Research & Development,2,4,Life Sciences,2651,Female,2,Manufacturing Director,Married,61790,1.0,11,0,1.0,3,1,1,0,3,3,4.0,1.0,2.0,233,7.957643061516454,4
36,No,Travel_Rarely,Research & Development,24,3,Life Sciences,2652,Female,2,Laboratory Technician,Married,61200,0.0,19,0,10.0,2,9,3,4,3,3,1.0,4.0,3.0,229,7.830423338185349,3
36,No,Travel_Frequently,Research & Development,16,1,Medical,2653,Male,2,Sales Executive,Divorced,105960,7.0,15,0,18.0,3,4,0,2,2,3,4.0,2.0,3.0,238,7.825021008403362,3
56,No,Non-Travel,Research & Development,8,1,Life Sciences,2654,Male,1,Sales Executive,Divorced,54670,1.0,20,0,13.0,6,13,1,9,2,4,3.0,3.0,2.0,234,6.620111585944918,3
29,Yes,Travel_Rarely,Research & Development,9,4,Medical,2655,Male,2,Sales Representative,Married,29960,9.0,25,0,4.0,4,2,2,2,3,4,1.0,4.0,4.0,233,10.876961134954696,3
42,No,Travel_Rarely,Research & Development,17,1,Life Sciences,2656,Male,3,Research Scientist,Married,99980,5.0,24,2,24.0,3,22,4,14,2,4,1.0,3.0,2.0,236,7.378281544256119,3
56,Yes,Travel_Rarely,Sales,10,4,Other,2657,Male,2,Sales Executive,Married,40780,8.0,24,1,14.0,3,10,9,8,3,4,4.0,3.0,1.0,236,6.812821327683618,3
41,No,Travel_Rarely,Research & Development,13,4,Life Sciences,2658,Female,1,Healthcare Representative,Married,109200,0.0,15,1,21.0,3,20,0,10,4,3,1.0,2.0,3.0,236,7.81249646892655,3
34,No,Travel_Rarely,Sales,1,3,Medical,2659,Female,1,Laboratory Technician,Married,62320,1.0,13,1,8.0,3,8,1,7,3,3,4.0,3.0,3.0,231,7.357590187590184,5
36,No,Non-Travel,Sales,1,1,Medical,2660,Female,1,Human Resources,Divorced,132470,1.0,14,0,15.0,3,15,11,11,3,3,4.0,4.0,2.0,242,7.693746556473831,3
41,No,Travel_Rarely,Research & Development,1,5,Medical,2661,Male,1,Healthcare Representative,Divorced,40810,2.0,13,0,14.0,3,5,0,4,3,3,3.0,2.0,3.0,238,7.083069561157795,3
32,No,Travel_Rarely,Sales,9,4,Life Sciences,2662,Female,2,Research Scientist,Single,57690,1.0,11,0,4.0,3,4,1,2,3,3,4.0,1.0,3.0,237,6.697839896858882,3
35,No,Travel_Rarely,Research & Development,16,3,Medical,2663,Female,2,Healthcare Representative,Single,23940,1.0,16,1,9.0,3,9,1,7,3,3,3.0,4.0,3.0,241,10.486130705394183,3
38,No,Travel_Rarely,Research & Development,23,3,Medical,2664,Male,3,Sales Representative,Married,39040,1.0,22,0,10.0,3,10,1,9,2,4,1.0,4.0,3.0,244,6.9139811020036435,3
50,Yes,Travel_Frequently,Sales,4,2,Life Sciences,2665,Female,2,Laboratory Technician,Divorced,167990,7.0,14,1,12.0,2,6,0,1,2,3,2.0,3.0,3.0,235,7.196671394799053,3
36,No,Travel_Rarely,Research & Development,22,4,Life Sciences,2666,Male,1,Healthcare Representative,Married,29500,4.0,14,0,8.0,1,6,0,0,2,3,2.0,4.0,2.0,240,6.297541666666667,3
45,No,Travel_Rarely,Sales,24,3,Life Sciences,2667,Male,1,Laboratory Technician,Single,36290,8.0,16,1,8.0,2,5,0,1,4,3,4.0,3.0,3.0,233,6.082725321888418,3
40,No,Travel_Rarely,Sales,10,4,Life Sciences,2668,Male,1,Research Scientist,Single,93620,2.0,11,1,8.0,6,2,2,2,3,3,3.0,3.0,3.0,233,6.216711969480211,4
35,No,Travel_Frequently,Sales,7,2,Life Sciences,2669,Male,2,Manufacturing Director,Married,32290,1.0,25,0,10.0,2,10,0,2,2,4,3.0,3.0,4.0,245,8.381166666666665,3
40,No,Travel_Rarely,Research & Development,17,4,Life Sciences,2670,Male,1,Manager,Married,35780,2.0,14,1,20.0,2,5,0,2,3,3,3.0,3.0,3.0,230,7.506722222222224,3
35,No,Travel_Rarely,Human Resources,14,1,Life Sciences,2671,Male,2,Research Scientist,Married,79880,1.0,18,0,4.0,3,4,1,1,3,3,3.0,4.0,3.0,228,6.899807504873294,4
29,No,Travel_Rarely,Research & Development,1,3,Medical,2672,Male,3,Sales Executive,Married,42840,4.0,11,0,10.0,5,4,0,3,2,3,4.0,2.0,3.0,238,9.795089869281046,3
29,No,Travel_Rarely,Research & Development,5,3,Medical,2673,Male,2,Sales Representative,Single,75530,1.0,19,0,5.0,3,5,0,4,3,3,4.0,1.0,1.0,226,6.116676499508357,3
50,Yes,Travel_Rarely,Research & Development,17,3,Medical,2674,Male,1,Research Scientist,Divorced,173280,4.0,15,2,20.0,1,3,2,0,3,3,4.0,1.0,3.0,234,9.596655982905983,3
39,No,Travel_Rarely,Sales,25,3,Medical,2675,Male,2,Sales Executive,Married,197010,0.0,11,0,21.0,3,20,9,6,4,3,2.0,4.0,2.0,233,7.49482713400095,3
31,No,Non-Travel,Research & Development,8,4,Life Sciences,2676,Female,4,Sales Executive,Single,147320,0.0,12,0,10.0,3,9,1,7,3,3,2.0,1.0,3.0,235,7.261157210401893,3
26,No,Travel_Rarely,Research & Development,11,4,Medical,2677,Male,2,Manager,Single,92780,0.0,20,0,5.0,3,4,0,0,3,4,4.0,3.0,3.0,228,7.523019005847953,3
36,No,Travel_Frequently,Research & Development,5,1,Technical Degree,2678,Male,1,Sales Executive,Married,13590,4.0,12,0,17.0,2,5,0,3,3,3,3.0,4.0,3.0,244,7.697297358834247,4
39,No,Travel_Rarely,Research & Development,2,1,Medical,2679,Female,1,Research Scientist,Married,47790,4.0,14,2,9.0,3,7,1,7,3,3,4.0,1.0,3.0,244,5.98737591074681,3
27,No,Travel_Rarely,Research & Development,8,2,Medical,2680,Male,1,Laboratory Technician,Married,164220,1.0,20,1,6.0,3,6,0,3,3,4,2.0,2.0,3.0,239,9.295790330079031,3
49,No,Travel_Frequently,Research & Development,6,1,Medical,2681,Male,3,Healthcare Representative,Married,29960,2.0,18,1,17.0,2,9,0,8,2,3,4.0,2.0,2.0,234,6.415900997150993,3
34,No,Travel_Rarely,Sales,4,3,Medical,2682,Female,1,Sales Executive,Married,12610,2.0,14,1,6.0,6,4,1,2,3,3,2.0,3.0,4.0,231,6.470493025493023,3
41,Yes,Travel_Rarely,Research & Development,7,2,Life Sciences,2683,Female,1,Research Scientist,Single,20990,8.0,12,1,8.0,2,6,0,5,3,3,2.0,4.0,1.0,237,8.594232301922174,3
49,No,Travel_Frequently,Sales,1,4,Life Sciences,2684,Female,2,Manufacturing Director,Married,58100,1.0,21,1,10.0,2,10,1,7,3,4,3.0,2.0,3.0,228,6.697707115009749,3
37,Yes,Travel_Rarely,Research & Development,2,3,Life Sciences,2685,Male,1,Sales Executive,Single,56470,6.0,19,0,7.0,2,0,0,0,3,3,4.0,3.0,3.0,231,8.492027417027423,3
33,No,Travel_Frequently,Research & Development,10,2,Medical,2686,Male,2,Research Scientist,Married,34200,1.0,14,0,8.0,3,8,3,0,3,3,4.0,3.0,3.0,231,9.517201779701777,3
27,No,Travel_Rarely,Sales,5,4,Medical,2687,Female,4,Manufacturing Director,Married,44000,9.0,17,1,6.0,3,2,2,2,2,3,1.0,2.0,3.0,242,6.387039715335168,3
32,No,Travel_Frequently,Research & Development,9,2,Medical,2688,Female,2,Research Scientist,Single,35000,0.0,16,1,8.0,2,7,3,6,2,3,4.0,4.0,2.0,237,7.246658462259727,3
59,No,Travel_Rarely,Sales,2,2,Marketing,2689,Female,5,Sales Representative,Married,20660,4.0,12,1,12.0,3,1,0,0,3,3,3.0,1.0,2.0,239,9.969735006973501,3
30,No,Travel_Rarely,Research & Development,11,4,Medical,2690,Male,2,Laboratory Technician,Divorced,171690,1.0,17,2,1.0,2,1,0,0,3,3,4.0,3.0,3.0,234,6.396685660018995,3
38,No,Travel_Frequently,Sales,18,4,Life Sciences,2691,Male,2,Healthcare Representative,Single,41620,0.0,15,1,10.0,1,9,1,8,3,3,4.0,3.0,3.0,241,7.990215537113879,3
36,No,Travel_Rarely,Research & Development,7,3,Life Sciences,2692,Male,1,Sales Executive,Married,92040,6.0,23,1,17.0,2,7,7,7,3,4,3.0,3.0,2.0,227,7.820515173764072,3
35,No,Travel_Rarely,Human Resources,3,4,Human Resources,2693,Male,2,Manager,Married,32940,0.0,11,0,6.0,2,5,0,3,3,3,1.0,2.0,3.0,236,7.49790489642184,3
29,No,Travel_Rarely,Sales,29,4,Life Sciences,2694,Male,2,Laboratory Technician,Single,21270,0.0,11,1,10.0,3,9,0,8,2,3,4.0,3.0,3.0,232,10.72930316091954,3
31,No,Travel_Rarely,Research & Development,2,2,Medical,2695,Male,2,Laboratory Technician,Divorced,39750,1.0,15,1,5.0,3,5,4,3,3,3,1.0,3.0,2.0,239,6.335467224546725,3
34,No,Travel_Rarely,Research & Development,28,3,Technical Degree,2696,Male,1,Laboratory Technician,Divorced,107930,0.0,11,3,3.0,1,2,1,2,2,3,2.0,4.0,3.0,232,7.589471982758621,4
28,Yes,Travel_Rarely,Research & Development,1,4,Life Sciences,2697,Male,5,Research Director,Single,100960,2.0,13,0,6.0,2,4,0,3,3,3,3.0,3.0,3.0,243,10.514124371284867,3
29,No,Travel_Rarely,Research & Development,16,2,Life Sciences,2698,Female,4,Laboratory Technician,Divorced,36460,1.0,14,0,10.0,3,10,8,8,4,3,2.0,1.0,3.0,229,8.0110807860262,3
32,No,Travel_Rarely,Human Resources,22,3,Human Resources,2699,Female,2,Research Director,Divorced,74460,0.0,19,0,7.0,3,6,0,5,3,3,1.0,2.0,2.0,233,10.699831902718167,3
22,No,Non-Travel,Research & Development,8,3,Life Sciences,2700,Female,3,Sales Executive,Divorced,108510,1.0,16,1,1.0,2,1,0,0,4,3,4.0,4.0,2.0,244,9.9877424863388,3
53,No,Travel_Rarely,Research & Development,11,3,Medical,2701,Male,2,Manager,Married,21090,2.0,13,0,31.0,3,25,3,7,3,3,1.0,4.0,3.0,238,8.013222455648927,3
38,No,Travel_Rarely,Research & Development,29,3,Life Sciences,2702,Female,1,Manufacturing Director,Single,37220,5.0,14,0,6.0,0,3,1,2,3,3,4.0,4.0,3.0,238,9.679868113912237,4
24,No,Non-Travel,Research & Development,1,5,Life Sciences,2703,Male,3,Research Scientist,Divorced,93800,0.0,16,0,5.0,2,4,1,3,2,3,1.0,3.0,2.0,235,6.90188770685579,3
36,Yes,Travel_Rarely,Research & Development,1,3,Life Sciences,2704,Male,1,Research Director,Single,54860,7.0,12,1,10.0,2,5,0,3,3,3,3.0,1.0,3.0,228,6.500812621832361,3
34,No,Travel_Rarely,Sales,24,3,Marketing,2705,Male,4,Research Scientist,Single,27420,0.0,11,1,13.0,2,12,2,11,3,3,1.0,2.0,3.0,244,6.120792349726775,3
21,No,Travel_Rarely,Sales,2,3,Life Sciences,2706,Male,2,Manufacturing Director,Single,137570,1.0,12,1,0.0,3,0,0,0,3,3,3.0,4.0,3.0,231,5.98066738816739,3
34,Yes,Travel_Rarely,Sales,15,2,Marketing,2707,Female,2,Research Scientist,Single,84630,2.0,13,0,8.0,2,4,1,3,1,3,2.0,1.0,3.0,245,7.786240362811794,3
53,No,Travel_Rarely,Sales,2,1,Life Sciences,2708,Male,5,Human Resources,Divorced,31620,4.0,15,0,26.0,4,14,4,8,3,3,3.0,4.0,2.0,241,7.499900875979713,3
32,Yes,Travel_Frequently,Research & Development,10,3,Medical,2709,Female,2,Manufacturing Director,Single,165980,1.0,13,0,10.0,2,10,6,7,3,3,2.0,1.0,3.0,243,9.49158664837677,3
42,No,Travel_Rarely,Research & Development,10,3,Technical Degree,2710,Male,2,Laboratory Technician,Married,66510,0.0,20,0,10.0,5,9,4,2,2,4,3.0,2.0,3.0,234,6.884506172839505,3
44,No,Travel_Rarely,Research & Development,3,1,Life Sciences,2711,Female,1,Manufacturing Director,Married,23450,3.0,15,2,24.0,0,22,5,17,3,3,1.0,4.0,3.0,238,7.094737394957982,3
46,No,Travel_Rarely,Sales,2,3,Life Sciences,2712,Female,1,Research Scientist,Single,34200,3.0,13,2,22.0,3,2,2,1,1,3,2.0,1.0,2.0,237,8.014655414908582,3
33,No,Travel_Rarely,Sales,3,3,Medical,2713,Male,1,Manufacturing Director,Single,43730,4.0,14,0,7.0,3,1,0,0,3,3,3.0,4.0,3.0,238,6.460929038281976,3
44,No,Travel_Rarely,Human Resources,26,3,Life Sciences,2714,Male,5,Healthcare Representative,Married,47590,2.0,21,0,9.0,2,4,1,3,3,4,4.0,4.0,4.0,238,8.498006535947717,3
30,No,Travel_Rarely,Research & Development,1,4,Technical Degree,2715,Female,1,Research Scientist,Single,53010,1.0,16,1,10.0,3,10,1,8,3,3,4.0,3.0,3.0,242,6.097253213957757,3
39,Yes,Travel_Rarely,Human Resources,1,4,Medical,2716,Male,1,Sales Executive,Married,36730,3.0,14,1,19.0,3,1,0,0,3,3,4.0,4.0,4.0,238,6.489479458450049,3
24,Yes,Travel_Rarely,Human Resources,2,5,Human Resources,2717,Male,3,Sales Executive,Married,47680,2.0,11,1,6.0,2,2,2,0,2,3,2.0,4.0,2.0,242,9.689935720844815,3
43,No,Travel_Rarely,Sales,9,5,Technical Degree,2718,Female,1,Research Director,Divorced,12740,1.0,19,0,6.0,3,5,1,4,2,3,4.0,3.0,2.0,244,6.499559426229509,3
50,Yes,Travel_Rarely,Research & Development,12,4,Medical,2719,Male,1,Research Director,Married,49000,1.0,11,0,3.0,3,3,0,2,2,3,1.0,3.0,3.0,239,8.894330543933052,3
35,No,Travel_Rarely,Sales,2,4,Marketing,2720,Male,3,Manufacturing Director,Married,104660,1.0,13,0,2.0,1,2,2,2,3,3,4.0,4.0,3.0,236,7.1040713276836165,3
36,No,Travel_Rarely,Research & Development,25,1,Life Sciences,2721,Female,4,Sales Executive,Married,170070,9.0,12,1,6.0,2,1,0,0,2,3,2.0,1.0,4.0,230,9.130807971014491,3
33,No,Travel_Frequently,Sales,9,2,Marketing,2722,Male,4,Human Resources,Married,29090,2.0,11,0,10.0,2,5,1,3,2,3,3.0,1.0,3.0,235,6.599109929078016,3
35,No,Travel_Rarely,Research & Development,10,1,Medical,2723,Male,1,Research Scientist,Divorced,57650,1.0,14,1,1.0,2,1,0,0,3,3,3.0,4.0,3.0,238,6.186690009337069,3
27,No,Travel_Rarely,Sales,8,2,Marketing,2724,Female,3,Research Scientist,Divorced,45990,1.0,15,1,1.0,3,1,0,0,2,3,4.0,1.0,3.0,239,7.5895013947001395,3
26,Yes,Travel_Rarely,Sales,4,3,Marketing,2725,Male,2,Manager,Single,24040,1.0,12,0,1.0,6,1,0,1,3,3,1.0,3.0,2.0,242,7.700121671258034,3
27,No,Travel_Frequently,Sales,24,3,Life Sciences,2726,Male,4,Healthcare Representative,Single,31720,1.0,20,1,9.0,1,9,1,7,3,4,4.0,3.0,3.0,231,6.773530543530544,3
30,No,Travel_Frequently,Research & Development,1,4,Medical,2727,Male,1,Research Scientist,Single,20330,1.0,14,1,12.0,3,12,3,7,1,3,3.0,4.0,3.0,243,6.81334133516232,3
41,Yes,Travel_Rarely,Sales,20,4,Marketing,2728,Male,2,Sales Executive,Married,102090,1.0,13,1,23.0,2,22,15,8,3,3,2.0,3.0,3.0,239,6.006660855416089,3
34,No,Non-Travel,Research & Development,7,2,Technical Degree,2729,Female,1,Research Scientist,Single,86200,0.0,13,1,10.0,2,9,8,7,2,3,2.0,3.0,3.0,235,7.779143026004726,3
37,No,Travel_Rarely,Research & Development,17,3,Life Sciences,2730,Female,3,Sales Executive,Married,20640,4.0,16,0,8.0,3,1,0,0,2,3,2.0,2.0,3.0,230,6.0833719806763265,3
46,No,Travel_Frequently,Research & Development,20,3,Technical Degree,2731,Male,3,Sales Executive,Single,40350,4.0,14,1,14.0,2,9,0,8,3,3,1.0,4.0,3.0,231,9.295620490620484,3
35,No,Travel_Rarely,Research & Development,8,4,Medical,2732,Female,3,Research Scientist,Married,38380,1.0,16,1,1.0,2,1,0,1,3,3,4.0,4.0,3.0,238,6.9199218020541595,3
48,Yes,Travel_Rarely,Research & Development,2,4,Technical Degree,2733,Female,1,Sales Executive,Single,45910,9.0,16,0,23.0,6,1,0,0,1,3,1.0,3.0,3.0,234,9.309293684710356,3
28,Yes,Travel_Rarely,Research & Development,10,1,Medical,2734,Male,1,Sales Executive,Single,25610,1.0,22,1,2.0,3,2,2,2,3,4,3.0,3.0,2.0,241,10.671643614568927,3
44,No,Travel_Rarely,Research & Development,1,1,Medical,2735,Female,3,Research Scientist,Divorced,15630,5.0,12,2,9.0,3,4,1,3,3,3,2.0,1.0,2.0,237,9.391213080168779,3
35,No,Non-Travel,Research & Development,5,4,Technical Degree,2736,Female,3,Manufacturing Director,Married,48980,2.0,15,2,10.0,2,4,2,3,3,3,3.0,1.0,3.0,234,9.484306742640072,3
26,No,Travel_Rarely,Research & Development,4,4,Life Sciences,2737,Female,3,Sales Executive,Married,47890,7.0,20,1,5.0,2,2,0,0,3,4,3.0,4.0,2.0,240,10.19218287037037,4
33,No,Travel_Frequently,Sales,29,4,Life Sciences,2738,Female,1,Human Resources,Single,31800,1.0,14,1,15.0,2,15,8,12,3,3,1.0,4.0,3.0,245,8.223002267573696,3
35,No,Travel_Frequently,Research & Development,15,3,Medical,2739,Male,3,Manufacturing Director,Married,65490,1.0,20,0,9.0,3,9,1,8,3,4,2.0,1.0,2.0,230,6.477757246376811,4
35,No,Travel_Rarely,Human Resources,3,2,Life Sciences,2740,Female,1,Laboratory Technician,Married,63880,3.0,13,0,4.0,6,2,2,2,2,3,3.0,1.0,3.0,245,8.797342403628118,3
31,No,Travel_Rarely,Sales,10,2,Life Sciences,2741,Female,2,Research Scientist,Divorced,112440,3.0,12,1,10.0,3,7,1,7,3,3,4.0,4.0,2.0,227,6.07994371023005,3
37,No,Travel_Rarely,Sales,4,3,Marketing,2742,Male,4,Human Resources,Divorced,160320,1.0,13,0,7.0,2,7,0,7,3,3,1.0,3.0,4.0,234,7.4127754036087365,4
32,No,Travel_Rarely,Research & Development,21,3,Other,2743,Male,2,Sales Executive,Married,23620,1.0,11,0,9.0,2,9,7,8,3,3,1.0,4.0,3.0,234,8.112133190883187,3
38,No,Travel_Frequently,Research & Development,25,3,Medical,2744,Male,2,Manufacturing Director,Single,163280,1.0,17,3,10.0,2,10,9,9,3,3,4.0,4.0,3.0,228,6.184593079922026,3
50,No,Travel_Rarely,Sales,2,4,Marketing,2745,Female,4,Research Scientist,Divorced,83760,5.0,14,3,29.0,2,27,13,8,3,3,2.0,3.0,2.0,245,9.529191609977318,3
59,No,Travel_Rarely,Research & Development,1,3,Technical Degree,2746,Male,1,Laboratory Technician,Single,166060,7.0,11,0,28.0,6,21,7,9,3,3,1.0,1.0,2.0,240,6.903471064814815,3
36,No,Travel_Rarely,Sales,1,2,Marketing,2747,Female,2,Sales Executive,Divorced,86060,1.0,14,2,17.0,3,17,12,8,3,3,3.0,3.0,3.0,238,6.004394257703084,3
55,No,Travel_Rarely,Research & Development,7,3,Medical,2748,Male,3,Research Scientist,Divorced,22720,2.0,17,1,21.0,2,5,0,2,3,3,4.0,3.0,3.0,230,8.11756763285024,3
36,No,Travel_Frequently,Research & Development,3,3,Life Sciences,2749,Female,2,Laboratory Technician,Single,20180,1.0,13,0,6.0,5,6,0,3,3,3,2.0,2.0,3.0,240,7.211824074074076,3
45,No,Travel_Rarely,Research & Development,1,2,Medical,2750,Female,1,Sales Executive,Divorced,70830,2.0,12,1,25.0,5,1,0,0,3,3,2.0,1.0,3.0,238,6.77077147525677,4
35,No,Travel_Frequently,Human Resources,9,3,Other,2751,Female,2,Sales Representative,Married,40840,4.0,13,1,5.0,3,3,1,2,3,3,2.0,1.0,2.0,233,6.082708631378165,3
36,Yes,Travel_Rarely,Sales,7,2,Life Sciences,2752,Male,4,Laboratory Technician,Married,144110,0.0,18,3,2.0,2,1,0,0,4,3,4.0,3.0,2.0,240,8.872987268518518,3
59,No,Travel_Frequently,Research & Development,10,4,Life Sciences,2753,Male,3,Research Scientist,Single,23080,7.0,19,1,20.0,4,4,1,3,2,3,1.0,3.0,2.0,236,6.809138418079098,3
29,No,Travel_Rarely,Research & Development,28,4,Life Sciences,2754,Female,1,Sales Representative,Married,48410,0.0,11,0,6.0,3,5,0,4,3,3,3.0,2.0,3.0,242,7.797563131313132,3
31,No,Travel_Rarely,Research & Development,3,2,Medical,2755,Female,3,Sales Executive,Single,42850,1.0,21,1,1.0,2,1,1,0,1,4,3.0,2.0,3.0,239,6.308999302649937,3
32,No,Travel_Rarely,Sales,3,4,Life Sciences,2756,Male,2,Manufacturing Director,Married,97150,1.0,15,1,10.0,1,10,0,9,2,3,2.0,2.0,3.0,235,7.502165484633564,3
36,No,Travel_Rarely,Research & Development,2,3,Life Sciences,2757,Male,2,Sales Representative,Married,43200,3.0,17,0,5.0,2,1,0,0,3,3,2.0,4.0,3.0,236,7.192458804143126,3
31,No,Travel_Rarely,Research & Development,27,3,Medical,2758,Female,2,Research Director,Single,21320,1.0,18,0,11.0,3,11,1,8,3,3,3.0,4.0,3.0,243,6.103305898491086,3
35,No,Travel_Rarely,Research & Development,2,4,Medical,2759,Male,2,Healthcare Representative,Single,101240,0.0,14,1,16.0,2,15,2,8,4,3,3.0,1.0,3.0,227,6.036447626040133,3
45,No,Travel_Rarely,Human Resources,14,3,Human Resources,2760,Female,1,Sales Executive,Married,54730,4.0,13,0,17.0,3,0,0,0,1,3,4.0,1.0,4.0,229,8.942251334303734,3
37,No,Travel_Rarely,Research & Development,1,3,Life Sciences,2761,Female,3,Sales Executive,Single,52070,4.0,17,3,16.0,3,5,0,2,3,3,1.0,3.0,4.0,228,6.592121101364524,3
46,No,Travel_Rarely,Research & Development,9,3,Medical,2762,Male,3,Manager,Divorced,164370,8.0,15,1,16.0,0,4,0,2,3,3,2.0,2.0,3.0,233,10.29169289461135,3
30,No,Travel_Rarely,Sales,18,3,Life Sciences,2763,Male,4,Human Resources,Married,22960,1.0,18,1,10.0,2,10,3,0,3,3,4.0,4.0,2.0,231,9.193685666185669,3
35,No,Travel_Rarely,Research & Development,20,4,Life Sciences,2764,Female,3,Human Resources,Single,40690,1.0,13,0,6.0,5,6,0,4,3,3,2.0,3.0,3.0,232,7.903942768199236,3
55,No,Travel_Rarely,Research & Development,2,3,Life Sciences,2765,Female,2,Laboratory Technician,Married,74410,3.0,12,1,24.0,4,1,1,0,3,3,1.0,4.0,3.0,228,6.689085038986352,3
38,No,Non-Travel,Sales,11,1,Marketing,2766,Male,2,Laboratory Technician,Divorced,24300,7.0,13,2,17.0,2,13,1,9,4,3,2.0,4.0,3.0,240,8.799516203703702,3
34,No,Travel_Rarely,Research & Development,8,2,Medical,2767,Male,1,Research Scientist,Married,58780,1.0,14,0,5.0,1,5,1,3,3,3,1.0,2.0,3.0,227,7.969375917767991,3
56,No,Travel_Rarely,Human Resources,2,1,Medical,2768,Male,2,Sales Executive,Single,26440,4.0,11,1,37.0,2,6,0,2,3,3,4.0,4.0,2.0,237,6.303037974683545,3
23,No,Travel_Rarely,Research & Development,10,3,Medical,2769,Male,2,Laboratory Technician,Divorced,64390,3.0,22,3,3.0,2,0,0,0,3,4,3.0,1.0,3.0,242,6.40071051423324,3
51,No,Travel_Rarely,Research & Development,29,4,Life Sciences,2770,Female,5,Manufacturing Director,Married,24510,3.0,17,0,10.0,2,4,0,3,2,3,4.0,4.0,3.0,242,6.680548668503216,3
30,No,Travel_Rarely,Sales,8,2,Technical Degree,2771,Male,1,Sales Representative,Married,63920,1.0,21,1,11.0,2,11,10,8,4,4,3.0,4.0,3.0,242,7.5802972910927435,3
46,Yes,Travel_Rarely,Sales,1,2,Medical,2772,Female,2,Research Scientist,Single,97140,1.0,22,0,9.0,0,9,4,7,3,4,3.0,4.0,3.0,235,6.212327423167849,3
40,No,Travel_Frequently,Research & Development,6,3,Medical,2773,Male,1,Healthcare Representative,Married,60770,1.0,16,2,22.0,2,22,11,11,2,3,3.0,2.0,2.0,240,7.393092592592587,3
51,No,Travel_Rarely,Research & Development,8,4,Life Sciences,2774,Female,5,Sales Representative,Single,24500,0.0,12,1,11.0,2,10,1,0,3,3,3.0,4.0,1.0,247,10.108070175438597,3
30,No,Travel_Rarely,Research & Development,9,3,Life Sciences,2775,Male,1,Manufacturing Director,Divorced,92500,1.0,12,3,11.0,0,11,2,7,3,3,3.0,2.0,2.0,233,8.085411301859798,3
46,No,Travel_Frequently,Research & Development,12,1,Medical,2776,Male,1,Laboratory Technician,Married,20740,2.0,15,1,21.0,3,10,9,5,3,3,3.0,1.0,2.0,244,9.02978255919854,3
32,No,Travel_Rarely,Sales,15,3,Marketing,2777,Male,1,Research Scientist,Single,101690,1.0,14,0,12.0,6,11,5,7,2,3,2.0,3.0,3.0,235,7.266001182033101,3
54,No,Travel_Rarely,Research & Development,25,1,Medical,2778,Female,1,Laboratory Technician,Married,48550,9.0,25,1,16.0,2,4,0,3,2,4,1.0,3.0,1.0,236,7.628995998116762,3
24,No,Travel_Rarely,Sales,6,2,Marketing,2779,Male,2,Research Scientist,Married,40870,0.0,20,3,4.0,1,3,0,2,3,4,1.0,3.0,2.0,237,7.78024027191749,3
28,No,Non-Travel,Sales,9,4,Medical,2780,Male,2,Laboratory Technician,Married,23670,1.0,13,0,5.0,2,5,0,4,2,3,2.0,3.0,4.0,230,5.9836557971014495,3
58,No,Travel_Rarely,Research & Development,8,4,Life Sciences,2781,Male,2,Sales Executive,Single,29720,0.0,14,0,38.0,2,37,1,8,4,3,4.0,3.0,2.0,244,7.103534836065574,3
44,No,Non-Travel,Research & Development,23,2,Medical,2782,Female,1,Research Scientist,Married,195860,4.0,16,0,17.0,3,3,1,2,2,3,2.0,2.0,4.0,240,6.709030092592587,3
37,Yes,Travel_Rarely,Human Resources,9,3,Human Resources,2783,Male,2,Healthcare Representative,Divorced,54840,4.0,17,0,7.0,4,3,0,2,3,3,3.0,1.0,3.0,245,10.150894557823127,3
32,No,Travel_Rarely,Human Resources,12,2,Human Resources,2784,Female,1,Sales Representative,Single,20610,1.0,15,1,1.0,2,1,0,0,2,3,4.0,1.0,3.0,229,7.9799502668607465,3
20,Yes,Travel_Frequently,Sales,4,4,Life Sciences,2785,Female,2,Healthcare Representative,Single,99240,1.0,22,0,1.0,3,1,1,0,3,4,4.0,4.0,3.0,233,10.725876251788273,4
34,No,Travel_Rarely,Research & Development,1,4,Other,2786,Male,4,Laboratory Technician,Single,41980,1.0,22,1,16.0,2,16,2,10,2,4,1.0,3.0,3.0,243,7.589314128943768,3
37,No,Non-Travel,Sales,24,2,Life Sciences,2787,Male,1,Research Scientist,Divorced,68150,5.0,20,1,17.0,3,1,0,0,3,4,3.0,4.0,4.0,233,7.763286838340479,3
59,No,Non-Travel,Research & Development,12,2,Life Sciences,2788,Male,2,Sales Executive,Married,47230,9.0,14,0,30.0,0,3,2,2,3,3,3.0,4.0,3.0,235,7.192599290780145,3
50,No,Travel_Frequently,Research & Development,3,4,Medical,2789,Male,4,Research Scientist,Married,61420,3.0,13,2,28.0,3,8,0,7,2,3,1.0,2.0,2.0,247,9.614590643274855,3
25,Yes,Travel_Rarely,Sales,10,1,Marketing,2790,Male,2,Research Director,Single,82370,1.0,13,0,6.0,6,6,0,3,2,3,3.0,3.0,3.0,238,8.532735760971057,4
25,No,Travel_Rarely,Research & Development,26,3,Technical Degree,2791,Male,1,Laboratory Technician,Married,88530,1.0,22,1,2.0,3,2,2,1,3,4,4.0,4.0,3.0,230,7.701538647343003,3
22,No,Travel_Rarely,Research & Development,2,1,Life Sciences,2792,Male,1,Sales Representative,Single,193310,1.0,12,1,1.0,2,0,0,0,3,3,2.0,4.0,3.0,230,6.311839371980673,3
51,No,Travel_Frequently,Research & Development,1,3,Life Sciences,2793,Female,1,Sales Executive,Single,20730,3.0,14,1,23.0,4,13,12,8,3,3,1.0,1.0,2.0,242,7.474746326905421,3
34,Yes,Travel_Frequently,Human Resources,4,4,Life Sciences,2794,Female,5,Sales Executive,Single,55620,1.0,15,0,9.0,3,9,0,6,3,3,1.0,3.0,3.0,232,8.195805795019158,3
54,No,Non-Travel,Research & Development,9,3,Life Sciences,2795,Male,1,Laboratory Technician,Single,196130,2.0,17,0,23.0,5,5,4,4,3,3,4.0,4.0,3.0,233,8.075190748688604,4
24,No,Travel_Rarely,Research & Development,2,1,Life Sciences,2796,Male,2,Laboratory Technician,Married,34070,0.0,13,1,6.0,4,5,1,2,3,3,2.0,3.0,3.0,231,6.530900673400676,3
34,No,Travel_Rarely,Sales,4,3,Marketing,2797,Female,2,Sales Representative,Divorced,50630,6.0,12,1,12.0,2,1,0,0,3,3,3.0,2.0,3.0,227,6.019647577092512,3
37,No,Travel_Rarely,Sales,6,1,Technical Degree,2798,Male,1,Laboratory Technician,Single,46390,2.0,12,2,12.0,3,5,1,3,3,3,3.0,4.0,3.0,229,6.2194990295972845,3
34,No,Travel_Rarely,Sales,9,2,Medical,2799,Male,2,Healthcare Representative,Single,48760,2.0,21,1,14.0,3,11,5,8,3,4,3.0,1.0,3.0,229,7.892017224648232,3
36,No,Travel_Frequently,Human Resources,7,3,Medical,2800,Male,1,Research Scientist,Married,26900,0.0,11,0,10.0,1,9,2,8,3,3,2.0,4.0,3.0,245,8.026875283446715,3
36,No,Travel_Rarely,Research & Development,1,3,Medical,2801,Female,2,Manufacturing Director,Divorced,175670,5.0,13,0,7.0,6,1,0,0,3,3,1.0,4.0,3.0,232,7.506159003831412,4
43,No,Travel_Frequently,Research & Development,3,4,Life Sciences,2802,Male,1,Sales Executive,Married,24080,1.0,12,1,25.0,3,25,4,12,3,3,3.0,4.0,4.0,244,8.66702527322404,3
30,No,Travel_Frequently,Research & Development,10,3,Life Sciences,2803,Female,3,Healthcare Representative,Divorced,28140,1.0,24,0,10.0,2,10,0,9,3,4,1.0,3.0,2.0,237,7.911322081575244,3
33,No,Non-Travel,Sales,7,3,Life Sciences,2804,Male,2,Sales Executive,Married,112450,0.0,21,0,8.0,3,7,0,7,3,4,3.0,2.0,4.0,231,6.736566859066861,4
56,Yes,Travel_Rarely,Research & Development,15,3,Life Sciences,2805,Male,2,Laboratory Technician,Married,33120,9.0,19,0,7.0,1,5,4,3,1,3,2.0,2.0,3.0,236,9.003661723163843,4
51,No,Travel_Rarely,Research & Development,3,2,Other,2806,Female,2,Sales Representative,Single,190490,7.0,14,1,23.0,2,20,15,15,3,3,1.0,3.0,3.0,236,6.71849576271186,3
31,Yes,Travel_Rarely,Research & Development,2,4,Technical Degree,2807,Female,3,Sales Executive,Married,21410,4.0,20,0,12.0,2,7,7,7,3,4,2.0,3.0,2.0,233,8.396202908917504,3
26,No,Travel_Rarely,Sales,17,3,Medical,2808,Female,2,Manager,Married,57690,1.0,19,0,5.0,4,5,4,3,2,3,3.0,2.0,2.0,228,7.718274853801173,3
58,Yes,Travel_Rarely,Sales,2,2,Medical,2809,Female,1,Research Scientist,Married,43850,1.0,13,1,40.0,2,40,15,6,2,3,4.0,4.0,2.0,238,7.566837068160602,3
19,Yes,Travel_Rarely,Research & Development,5,2,Life Sciences,2810,Male,1,Manager,Single,53320,1.0,23,1,0.0,2,0,0,0,3,4,4.0,3.0,2.0,239,9.410347512784746,4
22,No,Travel_Rarely,Sales,29,4,Technical Degree,2811,Male,1,Sales Executive,Married,46630,0.0,13,1,3.0,1,2,2,1,3,3,3.0,4.0,3.0,231,6.397576960076958,3
49,No,Travel_Rarely,Research & Development,2,3,Life Sciences,2812,Female,1,Sales Executive,Married,47240,1.0,11,1,16.0,3,15,5,11,2,3,3.0,1.0,2.0,235,7.196874704491722,3
43,No,Travel_Frequently,Sales,2,2,Life Sciences,2813,Male,1,Sales Executive,Single,32110,4.0,13,0,18.0,2,3,1,2,4,3,2.0,3.0,3.0,245,7.990022675736964,3
50,No,Travel_Frequently,Research & Development,19,4,Life Sciences,2814,Male,2,Sales Executive,Single,53770,4.0,14,1,16.0,3,2,2,1,4,3,3.0,4.0,3.0,229,7.084341339155747,3
31,Yes,Travel_Rarely,Research & Development,15,1,Medical,2815,Female,2,Sales Executive,Married,40660,3.0,22,0,4.0,2,2,2,2,2,4,2.0,3.0,3.0,240,8.38609375,3
41,No,Travel_Rarely,Research & Development,17,2,Other,2816,Male,1,Manufacturing Director,Divorced,52080,3.0,11,3,12.0,2,9,0,7,1,3,3.0,3.0,3.0,243,8.08900891632373,3
26,No,Travel_Rarely,Research & Development,17,4,Life Sciences,2817,Male,2,Sales Executive,Married,48770,1.0,13,1,8.0,5,8,5,7,4,3,3.0,3.0,3.0,234,7.87903371320038,3
36,No,Travel_Rarely,Human Resources,25,1,Human Resources,2818,Male,2,Research Scientist,Divorced,31170,6.0,21,1,7.0,2,3,0,1,4,4,2.0,2.0,3.0,245,6.792215419501131,3
51,Yes,Travel_Frequently,Research & Development,6,3,Life Sciences,2819,Female,1,Manager,Single,15690,2.0,11,0,18.0,2,4,0,3,4,3,1.0,4.0,3.0,238,7.193490896358542,3
39,No,Travel_Rarely,Research & Development,7,3,Life Sciences,2820,Female,1,Research Scientist,Married,196580,4.0,13,1,17.0,3,15,5,9,4,3,4.0,3.0,4.0,236,7.933086158192089,3
25,No,Travel_Rarely,Sales,29,1,Medical,2821,Female,3,Research Scientist,Married,30690,2.0,14,1,6.0,3,2,2,2,2,3,1.0,3.0,3.0,241,7.785092208390964,3
30,No,Travel_Rarely,Research & Development,21,1,Medical,2822,Male,2,Laboratory Technician,Married,104350,0.0,11,0,12.0,5,11,4,7,3,3,3.0,4.0,1.0,229,10.03063803978651,3
32,Yes,Travel_Rarely,Research & Development,2,4,Life Sciences,2823,Female,2,Research Director,Single,41480,7.0,15,0,10.0,0,5,0,4,2,3,1.0,1.0,4.0,242,7.915311065197428,3
45,No,Travel_Rarely,Research & Development,2,1,Technical Degree,2824,Female,2,Healthcare Representative,Single,57680,5.0,23,1,9.0,4,6,0,3,3,4,3.0,4.0,2.0,234,7.409882478632481,3
38,No,Travel_Rarely,Research & Development,7,4,Life Sciences,2825,Female,2,Research Director,Single,50420,3.0,16,1,19.0,4,3,2,2,3,3,4.0,3.0,3.0,229,10.426072295002427,3
30,No,Travel_Rarely,Sales,13,3,Marketing,2826,Female,2,Laboratory Technician,Single,57700,1.0,16,1,5.0,2,5,0,4,4,3,1.0,3.0,2.0,243,6.693944901691819,3
32,No,Travel_Frequently,Sales,2,3,Marketing,2827,Male,3,Laboratory Technician,Divorced,77560,0.0,21,0,9.0,3,8,0,7,3,4,4.0,4.0,4.0,231,6.489492544492544,4
30,No,Travel_Rarely,Research & Development,1,3,Medical,2828,Female,3,Sales Executive,Divorced,103060,5.0,13,0,8.0,5,3,2,2,3,3,4.0,1.0,3.0,230,6.674859903381641,3
30,No,Travel_Rarely,Sales,9,3,Medical,2829,Male,2,Research Scientist,Single,39360,0.0,11,1,6.0,3,5,1,2,3,3,2.0,4.0,3.0,234,6.430403608736941,3
41,No,Travel_Frequently,Sales,10,2,Medical,2830,Female,3,Manufacturing Director,Divorced,79450,4.0,12,1,21.0,6,7,7,7,2,3,4.0,1.0,2.0,235,7.281752955082743,3
41,No,Travel_Rarely,Research & Development,10,4,Medical,2831,Male,4,Research Scientist,Married,57430,2.0,12,3,7.0,2,5,1,4,4,3,3.0,1.0,3.0,235,7.996069739952722,3
19,No,Travel_Rarely,Research & Development,1,3,Other,2832,Female,5,Manufacturing Director,Single,152020,1.0,18,3,1.0,2,1,0,0,2,3,2.0,2.0,3.0,238,6.412936507936509,3
40,No,Travel_Frequently,Research & Development,26,4,Medical,2833,Male,2,Manufacturing Director,Divorced,54400,1.0,12,1,20.0,2,20,2,13,3,3,2.0,2.0,3.0,236,7.022685969868174,3
35,No,Travel_Rarely,Sales,8,1,Marketing,2834,Female,3,Laboratory Technician,Married,37600,1.0,14,3,10.0,2,10,0,6,3,3,3.0,2.0,3.0,235,7.357715130023643,3
53,No,Travel_Rarely,Sales,14,2,Life Sciences,2835,Female,5,Manufacturing Director,Married,35170,2.0,12,1,13.0,1,7,4,5,2,3,2.0,3.0,1.0,235,10.932706855791956,3
45,No,Travel_Rarely,Sales,1,4,Technical Degree,2836,Male,1,Research Scientist,Divorced,25800,8.0,17,3,20.0,3,17,0,15,3,3,2.0,2.0,1.0,242,6.843852157943066,3
32,No,Travel_Frequently,Sales,2,2,Life Sciences,2837,Female,1,Manufacturing Director,Single,21660,1.0,19,1,9.0,4,9,3,7,1,3,2.0,4.0,3.0,243,7.894804526748974,3
29,No,Non-Travel,Research & Development,10,4,Technical Degree,2838,Male,3,Healthcare Representative,Married,58690,1.0,11,1,10.0,6,10,0,9,4,3,4.0,3.0,3.0,240,6.11870601851852,3
51,No,Travel_Rarely,Research & Development,1,3,Other,2839,Female,3,Research Director,Married,80080,2.0,15,1,10.0,4,1,0,0,3,3,2.0,3.0,3.0,228,7.58365862573099,3
58,No,Travel_Rarely,Sales,3,3,Marketing,2840,Female,1,Research Scientist,Married,52060,4.0,11,3,9.0,4,1,0,0,1,3,2.0,2.0,2.0,240,9.953753472222216,3
40,No,Travel_Rarely,Research & Development,11,2,Technical Degree,2841,Male,4,Laboratory Technician,Married,52950,7.0,18,0,15.0,4,12,2,11,3,3,3.0,4.0,2.0,229,6.194080543425523,3
34,No,Travel_Frequently,Sales,24,4,Marketing,2842,Male,2,Manufacturing Director,Married,164130,6.0,16,0,6.0,1,4,1,2,3,3,3.0,3.0,3.0,228,7.026667884990253,3
22,No,Travel_Rarely,Research & Development,3,3,Medical,2843,Male,1,Laboratory Technician,Married,132690,1.0,25,1,2.0,2,2,2,2,3,4,3.0,4.0,3.0,242,7.703482552800739,4
27,No,Non-Travel,Research & Development,3,3,Medical,2844,Male,1,Healthcare Representative,Divorced,27830,6.0,16,1,6.0,2,2,2,2,4,3,4.0,2.0,1.0,230,6.283246376811597,3
28,No,Travel_Rarely,Sales,4,4,Life Sciences,2845,Male,2,Healthcare Representative,Married,54330,1.0,13,1,5.0,4,5,0,2,2,3,3.0,4.0,1.0,233,6.489963042441583,3
57,No,Travel_Rarely,Research & Development,3,3,Life Sciences,2846,Male,2,Manufacturing Director,Divorced,20130,3.0,14,1,12.0,5,5,1,4,3,3,3.0,4.0,1.0,235,10.88718439716312,3
27,No,Non-Travel,Research & Development,2,3,Life Sciences,2847,Male,1,Manufacturing Director,Divorced,139660,1.0,19,0,1.0,1,1,0,1,3,3,3.0,3.0,2.0,245,10.613379818594105,3
50,No,Travel_Rarely,Research & Development,4,3,Life Sciences,2848,Female,2,Manufacturing Director,Single,43740,3.0,15,1,21.0,5,5,4,4,4,3,3.0,2.0,3.0,243,6.2231481481481445,4
41,No,Travel_Rarely,Sales,7,4,Marketing,2849,Male,4,Laboratory Technician,Divorced,68420,4.0,12,1,13.0,3,9,1,8,3,3,1.0,3.0,3.0,232,6.183541666666669,3
30,No,Travel_Rarely,Human Resources,1,4,Human Resources,2850,Female,1,Manager,Married,174260,2.0,12,1,12.0,0,10,7,4,2,3,2.0,4.0,3.0,239,6.886836355183633,3
38,No,Travel_Rarely,Sales,1,1,Medical,2851,Male,2,Laboratory Technician,Single,176030,4.0,16,0,12.0,0,8,0,7,2,3,1.0,4.0,4.0,243,6.278257887517149,3
32,No,Travel_Rarely,Research & Development,20,3,Medical,2852,Female,1,Manufacturing Director,Single,45810,3.0,14,1,8.0,3,5,1,4,3,3,3.0,3.0,3.0,228,6.930907651072129,3
27,No,Travel_Rarely,Research & Development,5,4,Medical,2853,Male,2,Healthcare Representative,Married,47350,0.0,13,0,6.0,2,5,1,1,3,3,3.0,2.0,2.0,239,8.924711761971174,3
19,Yes,Travel_Frequently,Research & Development,10,2,Life Sciences,2854,Male,2,Healthcare Representative,Single,41870,0.0,22,1,1.0,4,0,0,0,3,4,3.0,1.0,4.0,229,7.514374090247448,3
36,No,Travel_Frequently,Sales,25,3,Marketing,2855,Female,2,Research Director,Single,55050,4.0,21,2,13.0,3,8,7,2,3,4,4.0,2.0,2.0,236,7.428980696798491,3
30,No,Non-Travel,Sales,1,3,Medical,2856,Female,1,Sales Executive,Divorced,54700,1.0,18,1,12.0,2,12,6,10,3,3,3.0,1.0,3.0,242,6.8288854453627215,3
45,No,Travel_Rarely,Research & Development,24,2,Medical,2857,Male,2,Sales Executive,Divorced,54760,4.0,13,1,9.0,3,5,0,3,3,3,3.0,1.0,4.0,242,8.115692148760326,3
56,No,Travel_Rarely,Research & Development,4,3,Life Sciences,2858,Male,4,Manager,Divorced,25870,4.0,12,0,19.0,2,2,2,2,2,3,3.0,1.0,3.0,242,8.298600780532597,3
33,No,Travel_Rarely,Research & Development,2,2,Medical,2859,Male,1,Sales Executive,Single,24400,0.0,18,3,4.0,4,3,0,2,3,3,3.0,4.0,4.0,242,6.816934113865932,3
19,Yes,Travel_Rarely,Research & Development,8,2,Life Sciences,2860,Male,2,Sales Executive,Single,159720,1.0,21,0,1.0,2,1,1,0,3,4,2.0,4.0,2.0,240,7.197164351851851,3
46,No,Travel_Rarely,Research & Development,10,3,Technical Degree,2861,Female,2,Laboratory Technician,Divorced,153790,1.0,12,0,24.0,1,24,15,7,1,3,2.0,1.0,3.0,231,6.857817460317458,3
38,No,Travel_Rarely,Sales,4,4,Life Sciences,2862,Male,1,Manufacturing Director,Single,70820,1.0,14,0,2.0,3,2,2,1,4,3,3.0,4.0,3.0,238,7.900873015873023,3
31,No,Travel_Rarely,Sales,2,5,Life Sciences,2863,Male,2,Sales Representative,Married,27280,8.0,11,0,7.0,3,4,0,2,4,3,3.0,4.0,3.0,241,10.368086675887508,3
34,No,Travel_Rarely,Sales,9,3,Marketing,2864,Female,2,Manager,Single,53680,2.0,14,1,9.0,2,3,1,2,3,3,4.0,2.0,3.0,230,6.208591787439613,3
41,Yes,Travel_Rarely,Research & Development,18,4,Life Sciences,2865,Male,5,Laboratory Technician,Single,53470,1.0,24,1,4.0,1,4,0,2,3,4,2.0,2.0,2.0,235,10.054291962174938,3
50,No,Travel_Rarely,Sales,19,4,Marketing,2866,Male,3,Sales Executive,Married,31950,2.0,11,0,5.0,4,3,0,2,2,3,3.0,3.0,2.0,229,6.779118146530805,4
53,No,Travel_Rarely,Sales,1,2,Life Sciences,2867,Male,1,Manager,Divorced,39890,1.0,13,0,5.0,2,4,1,3,3,3,4.0,1.0,3.0,235,6.132815602836879,3
33,No,Travel_Rarely,Research & Development,4,3,Life Sciences,2868,Male,1,Human Resources,Married,33060,1.0,11,3,8.0,6,8,1,6,1,3,4.0,2.0,3.0,240,7.5066203703703644,3
40,No,Travel_Rarely,Research & Development,11,3,Life Sciences,2869,Female,2,Sales Executive,Married,70050,1.0,20,2,21.0,2,20,9,9,3,4,4.0,3.0,3.0,230,6.219706521739131,3
55,No,Travel_Rarely,Research & Development,6,1,Life Sciences,2870,Female,2,Laboratory Technician,Single,26550,8.0,17,0,36.0,0,24,2,15,2,3,3.0,2.0,3.0,242,6.093933654729107,3
34,No,Travel_Frequently,Human Resources,7,4,Other,2871,Female,1,Research Scientist,Married,13930,1.0,11,2,10.0,4,10,1,9,4,3,4.0,3.0,2.0,238,6.819717553688142,3
51,No,Travel_Rarely,Human Resources,4,2,Human Resources,2872,Male,2,Sales Representative,Single,25700,3.0,18,0,21.0,2,7,1,0,3,3,4.0,2.0,3.0,243,7.382190214906259,3
52,No,Travel_Rarely,Research & Development,2,4,Medical,2873,Female,2,Sales Representative,Married,35370,0.0,11,1,34.0,3,33,11,9,3,3,3.0,3.0,3.0,226,6.266114798426752,3
27,No,Travel_Rarely,Sales,15,3,Marketing,2874,Male,1,Research Scientist,Single,39860,1.0,12,2,7.0,3,7,0,3,3,3,4.0,2.0,2.0,245,7.528170068027213,3
35,Yes,Travel_Rarely,Research & Development,2,4,Life Sciences,2875,Female,2,Research Director,Married,108830,3.0,12,0,8.0,3,1,0,1,4,3,2.0,3.0,3.0,238,8.999426937441642,3
43,No,Non-Travel,Research & Development,6,2,Medical,2876,Male,1,Healthcare Representative,Divorced,20280,4.0,20,1,7.0,2,5,2,2,2,4,4.0,4.0,4.0,231,8.0142316017316,3
45,No,Non-Travel,Research & Development,9,2,Medical,2877,Female,1,Sales Executive,Married,95250,9.0,19,0,22.0,3,20,11,8,3,3,1.0,4.0,3.0,237,6.208377871542432,3
37,No,Travel_Rarely,Research & Development,7,3,Life Sciences,2878,Female,1,Research Scientist,Married,29290,1.0,12,0,8.0,2,8,1,7,1,3,2.0,1.0,2.0,237,10.083961556493191,3
35,No,Travel_Frequently,Research & Development,1,3,Other,2879,Male,2,Research Director,Single,22750,5.0,13,0,10.0,2,6,1,2,4,3,2.0,2.0,3.0,232,6.117416187739461,4
42,No,Non-Travel,Research & Development,1,1,Technical Degree,2880,Male,2,Sales Executive,Divorced,78790,2.0,11,1,11.0,2,5,0,2,3,3,3.0,3.0,3.0,239,6.392047884704786,3
38,No,Travel_Rarely,Sales,8,2,Marketing,2881,Male,5,Research Scientist,Married,49300,9.0,14,0,14.0,0,1,0,0,3,3,4.0,3.0,3.0,225,6.299181481481485,3
38,No,Travel_Rarely,Human Resources,25,1,Human Resources,2882,Female,1,Manufacturing Director,Married,78470,3.0,14,1,9.0,3,7,1,7,4,3,4.0,4.0,1.0,234,7.2835897435897445,3
27,No,Travel_Frequently,Research & Development,13,4,Medical,2883,Male,1,Manager,Married,44010,5.0,13,0,6.0,4,2,2,0,2,3,3.0,1.0,3.0,239,6.521139005113898,3
49,No,Non-Travel,Research & Development,23,1,Other,2884,Female,2,Sales Executive,Divorced,92410,1.0,19,1,7.0,5,7,1,7,3,3,4.0,4.0,3.0,245,9.592640589569157,3
34,No,Travel_Frequently,Research & Development,7,2,Medical,2885,Male,4,Sales Representative,Divorced,29740,1.0,23,0,5.0,2,5,2,0,3,4,4.0,3.0,4.0,237,10.514044772620727,3
40,No,Travel_Rarely,Research & Development,23,3,Medical,2886,Female,1,Laboratory Technician,Married,45020,8.0,12,2,15.0,0,7,3,7,2,3,3.0,4.0,4.0,245,10.400431972789118,3
38,Yes,Travel_Rarely,Sales,6,4,Life Sciences,2887,Female,3,Research Scientist,Married,107480,7.0,15,0,17.0,3,1,0,0,3,3,2.0,1.0,3.0,230,8.400432367149762,3
29,Yes,Travel_Rarely,Sales,10,2,Life Sciences,2888,Female,2,Research Scientist,Married,15550,1.0,19,2,10.0,2,10,1,9,3,3,2.0,4.0,2.0,238,6.715693277310921,3
22,No,Travel_Rarely,Research & Development,1,3,Life Sciences,2889,Female,4,Healthcare Representative,Divorced,129360,1.0,11,2,4.0,3,4,2,2,3,3,4.0,2.0,2.0,230,8.494217391304348,3
36,No,Travel_Frequently,Research & Development,1,3,Life Sciences,2890,Female,2,Laboratory Technician,Single,23050,1.0,17,0,8.0,3,8,1,7,3,3,2.0,4.0,3.0,231,7.506036556036555,4
40,No,Non-Travel,Research & Development,28,2,Life Sciences,2891,Male,1,Manufacturing Director,Married,167040,9.0,22,0,5.0,2,3,0,2,4,4,4.0,4.0,1.0,234,6.1082846628679945,4
46,No,Travel_Rarely,Research & Development,25,1,Medical,2892,Male,5,Research Scientist,Divorced,34330,7.0,18,0,17.0,3,4,0,3,3,3,4.0,1.0,3.0,236,6.019111346516009,3
32,Yes,Travel_Rarely,Research & Development,5,3,Medical,2893,Male,1,Healthcare Representative,Married,34770,1.0,11,0,14.0,2,14,9,8,4,3,4.0,4.0,2.0,244,7.798501821493626,3
30,No,Non-Travel,Research & Development,17,4,Life Sciences,2894,Male,2,Healthcare Representative,Single,64300,1.0,12,1,12.0,2,11,5,8,2,3,3.0,3.0,3.0,235,8.02510401891253,3
27,No,Travel_Frequently,Research & Development,18,2,Medical,2895,Female,1,Laboratory Technician,Single,65160,1.0,19,1,7.0,4,7,0,7,3,3,4.0,3.0,3.0,228,6.187480506822614,3
51,No,Travel_Rarely,Research & Development,2,1,Medical,2896,Female,1,Manufacturing Director,Married,39070,5.0,13,0,16.0,2,10,4,7,3,3,2.0,2.0,1.0,239,6.688292654579262,3
30,Yes,Travel_Rarely,Research & Development,10,4,Life Sciences,2897,Female,2,Research Scientist,Single,55620,5.0,13,0,8.0,3,5,0,4,2,3,4.0,1.0,3.0,238,8.483143090569564,3
41,No,Travel_Rarely,Research & Development,1,3,Life Sciences,2898,Male,2,Human Resources,Single,68830,3.0,19,2,16.0,3,1,0,0,2,3,4.0,4.0,3.0,236,9.080530838041431,3
30,Yes,Travel_Frequently,Sales,3,2,Medical,2899,Male,2,Healthcare Representative,Single,28620,5.0,14,0,9.0,2,6,0,1,2,3,3.0,1.0,3.0,239,7.004625755462571,3
29,Yes,Travel_Rarely,Research & Development,2,3,Life Sciences,2900,Male,1,Sales Executive,Single,49780,0.0,13,0,7.0,3,6,1,5,2,3,3.0,3.0,2.0,238,7.803890056022404,3
45,No,Non-Travel,Research & Development,2,3,Medical,2901,Female,2,Research Scientist,Single,103680,6.0,12,2,23.0,2,19,12,8,3,3,4.0,4.0,3.0,245,6.583583900226757,3
54,No,Travel_Rarely,Sales,8,2,Marketing,2902,Female,2,Laboratory Technician,Married,61340,2.0,19,0,16.0,2,6,0,5,2,3,4.0,1.0,3.0,239,6.371495815899582,3
36,No,Travel_Rarely,Research & Development,16,4,Life Sciences,2903,Male,1,Healthcare Representative,Single,67350,8.0,25,2,16.0,3,13,3,7,2,4,4.0,2.0,4.0,238,7.622738095238097,3
33,No,Travel_Rarely,Sales,9,1,Other,2904,Female,3,Sales Executive,Married,32950,6.0,22,2,7.0,2,3,1,1,3,4,3.0,2.0,3.0,239,7.508465829846582,3
37,No,Travel_Frequently,Sales,2,4,Life Sciences,2905,Male,2,Laboratory Technician,Divorced,52380,1.0,15,1,10.0,5,10,0,7,3,3,2.0,4.0,3.0,232,10.113996647509579,3
38,No,Travel_Rarely,Research & Development,1,2,Medical,2906,Male,4,Laboratory Technician,Divorced,64720,0.0,12,0,17.0,4,16,5,13,3,3,1.0,3.0,2.0,232,6.934340277777781,3
31,No,Non-Travel,Sales,4,1,Medical,2907,Female,3,Research Scientist,Married,96100,0.0,11,1,6.0,2,5,1,4,2,3,3.0,3.0,3.0,243,5.972023319615919,3
59,No,Travel_Rarely,Research & Development,5,3,Life Sciences,2908,Female,3,Manager,Married,198330,3.0,13,0,7.0,2,1,0,0,3,3,3.0,4.0,3.0,236,6.214212570621467,3
37,No,Travel_Frequently,Sales,2,3,Marketing,2909,Female,2,Laboratory Technician,Divorced,97560,4.0,19,0,13.0,2,9,5,8,3,3,1.0,4.0,3.0,229,7.02096555070354,4
29,No,Travel_Frequently,Sales,15,4,Medical,2910,Female,1,Sales Executive,Married,49680,1.0,19,3,11.0,4,11,4,1,3,3,2.0,4.0,3.0,240,6.28642361111111,3
35,No,Travel_Frequently,Research & Development,19,3,Life Sciences,2911,Female,1,Sales Executive,Single,21450,1.0,13,0,10.0,6,10,0,8,2,3,3.0,3.0,4.0,237,5.982920768870131,3
29,Yes,Travel_Rarely,Research & Development,7,1,Life Sciences,2912,Female,1,Research Scientist,Single,21800,1.0,21,0,4.0,2,4,0,1,3,4,3.0,4.0,2.0,241,8.365998155832175,3
52,No,Travel_Rarely,Research & Development,1,2,Medical,2913,Female,4,Manager,Single,83460,7.0,14,0,6.0,5,2,2,2,3,3,3.0,4.0,2.0,232,7.386176963601536,3
42,No,Travel_Rarely,Research & Development,7,4,Life Sciences,2914,Female,2,Sales Executive,Married,34450,1.0,11,2,22.0,2,22,11,15,3,3,3.0,4.0,3.0,233,6.401950405340964,3
59,No,Travel_Rarely,Research & Development,4,4,Technical Degree,2915,Male,1,Healthcare Representative,Married,27600,8.0,11,0,7.0,3,2,2,2,4,3,2.0,3.0,2.0,235,6.69633806146572,3
50,No,Travel_Rarely,Research & Development,11,2,Life Sciences,2916,Male,2,Sales Executive,Divorced,62940,3.0,23,1,32.0,2,7,0,6,4,4,4.0,4.0,2.0,244,7.6826730418943505,3
33,Yes,Travel_Rarely,Sales,11,4,Marketing,2917,Male,1,Research Scientist,Married,71400,5.0,21,0,8.0,2,5,0,4,2,4,3.0,4.0,1.0,230,10.900699275362326,3
43,No,Travel_Rarely,Sales,1,3,Marketing,2918,Female,2,Manufacturing Director,Married,29320,5.0,24,0,22.0,3,17,1,9,3,4,4.0,4.0,3.0,238,9.317622549019612,3
33,Yes,Travel_Rarely,Sales,1,3,Life Sciences,2919,Male,2,Manager,Married,51470,7.0,11,0,13.0,2,9,1,7,3,3,1.0,1.0,4.0,241,7.1007134624250785,3
52,No,Non-Travel,Research & Development,2,3,Technical Degree,2920,Male,1,Sales Executive,Single,45070,1.0,14,0,33.0,3,33,15,12,2,3,1.0,3.0,4.0,230,8.800496376811598,3
32,No,Travel_Rarely,Human Resources,13,4,Life Sciences,2921,Female,3,Manufacturing Director,Married,85640,2.0,16,1,6.0,2,4,1,2,2,3,3.0,2.0,3.0,241,8.019951590594747,3
32,Yes,Travel_Rarely,Sales,23,1,Life Sciences,2922,Male,3,Healthcare Representative,Single,24680,0.0,11,0,4.0,2,3,1,2,3,3,4.0,3.0,1.0,234,10.182786087369422,3
39,No,Travel_Rarely,Sales,26,4,Life Sciences,2923,Male,2,Research Director,Divorced,81610,7.0,12,1,7.0,2,3,1,2,4,3,3.0,3.0,3.0,240,6.318539351851854,3
32,No,Non-Travel,Sales,2,4,Marketing,2924,Male,4,Research Scientist,Married,21090,0.0,13,1,4.0,3,3,2,2,2,3,3.0,4.0,3.0,236,6.210912193973639,4
41,No,Travel_Rarely,Sales,29,3,Life Sciences,2925,Female,2,Laboratory Technician,Divorced,52940,2.0,15,0,17.0,3,1,0,0,2,3,3.0,1.0,2.0,237,6.091800281293951,3
40,No,Travel_Rarely,Research & Development,2,3,Life Sciences,2926,Male,1,Manufacturing Director,Divorced,27180,1.0,14,1,9.0,4,9,4,7,2,3,3.0,4.0,3.0,238,7.347649393090564,3
45,No,Travel_Rarely,Research & Development,18,1,Life Sciences,2927,Female,2,Sales Representative,Married,58110,0.0,14,0,25.0,4,24,1,7,2,3,3.0,4.0,3.0,232,6.942974137931031,4
31,No,Travel_Frequently,Research & Development,7,4,Medical,2928,Male,1,Research Scientist,Divorced,24370,9.0,14,1,9.0,3,2,2,2,4,3,2.0,3.0,3.0,243,7.32451989026063,3
33,No,Travel_Rarely,Research & Development,2,4,Life Sciences,2929,Female,1,Sales Executive,Married,27660,1.0,12,1,2.0,2,2,0,2,3,3,3.0,4.0,2.0,226,6.760009832841696,4
34,No,Travel_Rarely,Research & Development,26,3,Other,2930,Female,1,Sales Executive,Married,190380,6.0,13,0,13.0,3,11,5,9,2,3,4.0,1.0,3.0,244,6.3933310564663035,3
37,No,Travel_Rarely,Research & Development,22,5,Medical,2931,Female,2,Manufacturing Director,Married,30550,2.0,14,3,17.0,3,3,0,2,3,3,3.0,1.0,2.0,245,7.59382653061225,3
45,No,Travel_Frequently,Sales,21,1,Marketing,2932,Male,3,Research Scientist,Married,22890,4.0,13,0,9.0,3,3,0,2,2,3,1.0,3.0,3.0,234,8.004546533713192,3
37,Yes,Travel_Frequently,Sales,2,3,Marketing,2933,Male,1,Laboratory Technician,Divorced,40010,6.0,11,1,17.0,2,1,0,0,3,3,1.0,3.0,3.0,233,7.073854315689082,3
39,No,Travel_Frequently,Research & Development,22,3,Medical,2934,Female,1,Manufacturing Director,Single,129650,0.0,19,1,20.0,2,19,11,8,3,3,3.0,3.0,3.0,231,7.441578884078884,3
29,No,Travel_Rarely,Sales,4,3,Other,2935,Female,2,Human Resources,Single,35390,1.0,18,0,6.0,2,6,1,5,2,3,3.0,4.0,3.0,243,7.301593507087335,3
42,No,Travel_Rarely,Research & Development,5,4,Medical,2936,Female,1,Research Scientist,Single,60290,3.0,17,1,10.0,5,3,0,2,3,3,4.0,1.0,3.0,229,8.514418971373118,3
29,No,Travel_Rarely,Research & Development,2,4,Medical,2937,Male,1,Laboratory Technician,Divorced,26790,2.0,15,0,10.0,2,3,0,2,2,3,4.0,4.0,3.0,226,6.0817969518190775,3
25,No,Travel_Rarely,Research & Development,25,2,Life Sciences,2938,Male,2,Sales Executive,Married,37020,0.0,20,0,5.0,4,4,1,2,3,4,1.0,3.0,3.0,241,7.718641078838172,3
42,No,Travel_Rarely,Sales,18,2,Medical,2939,Male,1,Laboratory Technician,Divorced,23980,0.0,14,1,10.0,2,9,7,8,2,3,4.0,1.0,3.0,243,9.495627572016453,3
40,No,Travel_Rarely,Research & Development,28,3,Medical,2940,Male,2,Laboratory Technician,Divorced,54680,0.0,12,0,22.0,6,21,3,9,4,3,1.0,3.0,3.0,244,7.017724271402548,3
51,No,Travel_Rarely,Sales,6,2,Life Sciences,2941,Female,1,Healthcare Representative,Married,131160,1.0,11,0,1.0,6,1,0,0,3,3,3.0,4.0,2.0,231,7.420300625300626,3
31,Yes,Travel_Frequently,Research & Development,10,1,Life Sciences,2942,Female,1,Research Scientist,Single,41890,0.0,23,1,6.0,3,5,1,4,2,4,3.0,2.0,4.0,237,7.702797702766051,3
32,No,Travel_Frequently,Research & Development,17,4,Other,2943,Male,4,Sales Executive,Married,193280,1.0,15,3,5.0,2,5,0,3,3,3,2.0,2.0,1.0,238,7.012908496732023,3
38,No,Non-Travel,Research & Development,2,5,Life Sciences,2944,Male,3,Human Resources,Married,83210,3.0,11,3,13.0,5,8,7,5,2,3,4.0,4.0,3.0,232,7.22146192528735,3
32,No,Travel_Rarely,Research & Development,10,1,Medical,2945,Male,1,Sales Executive,Single,23420,4.0,12,2,9.0,2,6,0,4,3,3,4.0,1.0,3.0,236,7.979356167608286,3
46,No,Travel_Rarely,Research & Development,8,3,Life Sciences,2946,Female,4,Research Director,Married,40710,3.0,13,0,28.0,5,7,7,7,3,3,3.0,2.0,2.0,238,10.815976890756314,3
28,Yes,Travel_Rarely,Research & Development,11,2,Medical,2947,Male,2,Sales Executive,Single,58130,2.0,20,1,5.0,2,0,0,0,3,4,1.0,3.0,1.0,236,6.895297787193972,4
29,No,Travel_Rarely,Research & Development,18,3,Life Sciences,2948,Male,2,Sales Executive,Married,31430,2.0,22,3,10.0,2,0,0,0,3,4,1.0,2.0,3.0,228,6.726156189083823,3
31,No,Travel_Rarely,Research & Development,1,3,Life Sciences,2949,Male,3,Laboratory Technician,Married,20440,0.0,21,0,10.0,2,9,7,8,3,4,2.0,4.0,3.0,243,7.22682898948331,3
25,No,Non-Travel,Research & Development,7,4,Medical,2950,Female,4,Laboratory Technician,Divorced,134640,1.0,13,1,6.0,2,6,1,5,3,3,2.0,1.0,3.0,242,7.085127410468322,3
45,No,Travel_Rarely,Research & Development,17,2,Medical,2951,Male,2,Laboratory Technician,Married,79910,0.0,13,2,21.0,2,20,4,10,2,3,3.0,4.0,3.0,243,8.409649062642892,3
36,No,Travel_Rarely,Research & Development,28,1,Life Sciences,2952,Male,1,Laboratory Technician,Married,33770,0.0,12,2,16.0,2,15,10,11,3,3,4.0,4.0,3.0,236,7.072117467043312,3
55,No,Travel_Rarely,Research & Development,14,4,Life Sciences,2953,Female,1,Sales Executive,Single,55380,0.0,17,0,37.0,2,36,4,13,3,3,4.0,1.0,3.0,240,9.271862268518513,3
47,Yes,Non-Travel,Research & Development,1,1,Medical,2954,Male,1,Research Scientist,Married,57620,1.0,11,2,10.0,4,10,9,9,2,3,1.0,2.0,2.0,244,9.422889344262293,3
28,No,Travel_Rarely,Research & Development,1,3,Life Sciences,2955,Male,1,Manufacturing Director,Married,25920,1.0,14,0,5.0,2,5,0,4,3,3,4.0,4.0,2.0,226,6.066950589970502,3
37,No,Travel_Rarely,Research & Development,1,3,Life Sciences,2956,Male,2,Healthcare Representative,Married,53460,4.0,11,0,7.0,2,5,0,1,3,3,3.0,4.0,4.0,238,6.701199813258642,3
21,No,Travel_Rarely,Research & Development,3,2,Life Sciences,2957,Male,1,Laboratory Technician,Single,42130,1.0,12,3,3.0,3,3,1,0,2,3,4.0,3.0,4.0,232,6.594208572796935,3
37,No,Non-Travel,Research & Development,1,3,Medical,2958,Male,2,Sales Executive,Divorced,41270,2.0,13,1,15.0,2,5,0,2,3,3,1.0,4.0,3.0,246,11.001878952122855,3
35,No,Travel_Rarely,Sales,7,4,Life Sciences,2959,Male,1,Sales Representative,Divorced,24380,7.0,16,0,10.0,5,7,6,2,2,3,2.0,2.0,2.0,234,7.0305911680911715,3
38,No,Travel_Rarely,Research & Development,8,3,Life Sciences,2960,Female,1,Manager,Divorced,68700,1.0,11,1,8.0,5,8,7,7,3,3,1.0,1.0,3.0,246,9.294923215898827,3
26,No,Travel_Frequently,Research & Development,1,4,Other,2961,Male,2,Laboratory Technician,Divorced,104470,1.0,18,0,6.0,3,6,1,4,3,3,3.0,2.0,1.0,237,7.546754571026725,3
50,No,Travel_Rarely,Sales,8,4,Life Sciences,2962,Male,1,Research Scientist,Divorced,96670,3.0,23,0,28.0,2,10,1,6,2,4,1.0,2.0,2.0,229,5.977702571567199,3
53,No,Travel_Rarely,Research & Development,11,4,Life Sciences,2963,Female,2,Research Scientist,Married,21480,3.0,11,0,21.0,2,5,1,3,3,3,3.0,3.0,2.0,228,8.349351851851848,3
42,No,Travel_Rarely,Research & Development,4,4,Life Sciences,2964,Male,1,Manufacturing Director,Married,89260,1.0,14,0,20.0,4,20,11,6,1,3,2.0,3.0,3.0,227,6.814167890357317,3
29,No,Travel_Frequently,Research & Development,16,4,Medical,2965,Male,1,Laboratory Technician,Single,65130,1.0,11,1,10.0,2,10,0,9,3,3,2.0,4.0,2.0,227,7.1034654919236395,3
55,No,Travel_Rarely,Research & Development,1,4,Other,2966,Female,1,Research Scientist,Married,67990,3.0,11,0,12.0,2,10,0,8,3,3,2.0,4.0,3.0,229,9.400733867054825,4
26,No,Travel_Frequently,Research & Development,9,3,Life Sciences,2967,Female,1,Manager,Married,162910,1.0,22,0,5.0,3,5,3,3,3,4,1.0,1.0,3.0,242,11.003064738292005,3
37,No,Travel_Rarely,Sales,5,1,Marketing,2968,Male,1,Research Scientist,Single,27050,1.0,11,0,17.0,2,17,5,7,3,3,4.0,4.0,3.0,229,7.611183891314898,3
44,Yes,Travel_Frequently,Research & Development,1,2,Medical,2969,Male,2,Research Scientist,Divorced,103330,3.0,14,1,19.0,2,1,0,0,2,3,4.0,3.0,1.0,233,11.021406771578436,3
38,No,Travel_Rarely,Sales,2,3,Marketing,2970,Female,1,Manager,Divorced,44480,9.0,12,0,10.0,3,2,1,2,2,3,4.0,4.0,3.0,236,6.781370056497173,3
26,Yes,Travel_Rarely,Research & Development,4,3,Medical,2971,Male,3,Research Scientist,Divorced,68540,2.0,11,0,5.0,5,3,0,2,2,3,1.0,2.0,3.0,244,10.136935336976318,3
28,No,Travel_Rarely,Research & Development,7,3,Other,2972,Male,1,Human Resources,Single,96370,1.0,13,0,5.0,6,5,0,2,2,3,4.0,4.0,3.0,234,6.700665954415955,3
49,No,Travel_Frequently,Research & Development,1,1,Medical,2973,Female,2,Research Scientist,Single,35910,9.0,13,0,22.0,2,3,1,2,3,3,3.0,1.0,3.0,231,10.511506734006739,3
36,No,Travel_Rarely,Sales,5,3,Technical Degree,2974,Male,3,Sales Executive,Single,54050,4.0,14,0,10.0,2,8,7,7,3,3,3.0,2.0,3.0,237,6.199465541490854,3
31,No,Travel_Frequently,Research & Development,9,4,Medical,2975,Male,1,Sales Executive,Divorced,46840,1.0,16,1,2.0,4,2,2,2,3,3,4.0,2.0,2.0,242,6.593007346189157,3
26,Yes,Travel_Rarely,Research & Development,8,3,Medical,2976,Male,2,Manager,Single,157870,1.0,12,2,8.0,5,8,7,4,3,3,4.0,4.0,3.0,234,10.273392687559362,3
37,No,Travel_Frequently,Sales,9,1,Marketing,2977,Male,1,Laboratory Technician,Married,15140,1.0,14,0,4.0,3,4,1,2,3,3,2.0,4.0,2.0,237,10.029451476793254,3
42,No,Travel_Frequently,Sales,2,2,Marketing,2978,Male,3,Research Director,Married,29560,5.0,13,0,23.0,2,20,4,8,3,3,3.0,2.0,4.0,228,6.033411306042887,3
18,Yes,Travel_Rarely,Research & Development,1,4,Life Sciences,2979,Male,1,Sales Executive,Single,23350,1.0,14,2,0.0,3,0,0,0,2,3,3.0,3.0,3.0,231,6.770954785954791,3
35,No,Travel_Rarely,Sales,20,2,Life Sciences,2980,Male,1,Laboratory Technician,Married,51540,0.0,19,0,12.0,2,11,6,9,2,3,3.0,2.0,2.0,241,7.696398109727984,3
36,No,Travel_Frequently,Research & Development,8,3,Other,2981,Female,3,Sales Executive,Married,69620,4.0,12,2,4.0,2,1,0,0,2,3,3.0,4.0,3.0,235,7.188699763593377,3
51,No,Travel_Rarely,Research & Development,2,3,Life Sciences,2982,Male,2,Laboratory Technician,Divorced,56750,5.0,13,0,13.0,2,4,1,2,2,3,4.0,2.0,3.0,238,7.606370214752564,3
41,No,Travel_Rarely,Research & Development,29,1,Life Sciences,2983,Male,1,Laboratory Technician,Single,23790,1.0,12,0,22.0,6,22,0,4,3,3,4.0,2.0,3.0,238,6.92564659197012,3
18,No,Travel_Rarely,Sales,7,3,Life Sciences,2984,Male,1,Research Scientist,Single,38120,1.0,15,0,0.0,3,0,0,0,3,3,4.0,3.0,3.0,237,6.973782231598692,3
28,No,Travel_Rarely,Research & Development,9,3,Medical,2985,Male,1,Sales Representative,Single,46480,0.0,23,2,9.0,2,8,0,7,2,4,2.0,1.0,3.0,237,7.201891701828411,3
31,No,Travel_Rarely,Research & Development,8,1,Technical Degree,2986,Male,1,Manufacturing Director,Married,29360,4.0,12,1,10.0,2,8,7,7,3,3,2.0,4.0,2.0,241,7.210875979714155,3
39,No,Travel_Rarely,Sales,5,4,Marketing,2987,Female,2,Human Resources,Divorced,21050,0.0,20,0,19.0,3,18,3,7,3,4,3.0,4.0,2.0,246,7.600149051490509,3
36,No,Non-Travel,Research & Development,5,4,Life Sciences,2988,Male,1,Sales Executive,Married,85780,7.0,21,0,11.0,4,9,0,8,3,4,2.0,2.0,3.0,231,7.826676286676282,3
32,No,Travel_Rarely,Sales,2,3,Marketing,2989,Male,2,Laboratory Technician,Married,27060,1.0,21,1,13.0,4,13,4,8,3,4,4.0,3.0,2.0,238,6.953546918767504,3
38,No,Travel_Rarely,Research & Development,5,2,Life Sciences,2990,Female,3,Research Scientist,Married,63840,3.0,19,2,19.0,4,10,0,1,2,3,1.0,2.0,3.0,226,6.884545231071772,3
58,No,Non-Travel,Research & Development,2,3,Life Sciences,2991,Male,2,Manufacturing Director,Divorced,39680,2.0,13,2,12.0,3,5,1,2,2,3,4.0,3.0,3.0,242,10.898085399449037,3
31,No,Travel_Rarely,Research & Development,20,1,Technical Degree,2992,Female,3,Research Scientist,Married,99070,0.0,13,1,6.0,3,5,0,3,2,3,3.0,4.0,3.0,234,9.100579297245966,3
31,No,Travel_Rarely,Sales,7,4,Marketing,2993,Male,2,Sales Executive,Married,132250,3.0,21,1,9.0,2,2,1,0,3,4,1.0,1.0,3.0,240,6.82708217592593,3
45,No,Travel_Frequently,Research & Development,3,1,Medical,2994,Female,1,Sales Executive,Divorced,35400,1.0,13,0,24.0,6,24,9,11,3,3,1.0,1.0,3.0,233,7.299360991893187,3
31,No,Travel_Rarely,Sales,16,4,Marketing,2995,Female,2,Research Scientist,Divorced,28040,0.0,19,2,3.0,0,2,2,2,3,3,3.0,4.0,1.0,241,8.615947441217147,3
33,No,Travel_Frequently,Research & Development,9,3,Life Sciences,2996,Male,4,Research Director,Married,193920,6.0,12,1,12.0,3,10,8,8,3,3,4.0,2.0,3.0,241,6.76307399723375,3
39,No,Travel_Rarely,Sales,1,4,Life Sciences,2997,Male,1,Sales Executive,Married,196650,1.0,22,1,21.0,6,21,11,10,3,4,3.0,1.0,3.0,239,10.997257089725704,3
43,No,Travel_Frequently,Research & Development,7,4,Medical,2998,Male,4,Research Scientist,Single,24390,0.0,15,0,9.0,2,8,1,7,3,3,3.0,4.0,3.0,231,7.680348725348724,3
49,No,Travel_Rarely,Research & Development,1,3,Life Sciences,2999,Male,3,Manufacturing Director,Single,73140,7.0,22,0,25.0,2,7,0,7,3,4,3.0,3.0,3.0,237,9.991833098921708,3
52,Yes,Travel_Rarely,Research & Development,7,1,Life Sciences,3000,Female,2,Research Scientist,Married,47740,2.0,18,1,11.0,2,8,7,7,3,3,3.0,2.0,2.0,230,7.913886473429948,3
27,No,Travel_Rarely,Research & Development,15,4,Medical,3001,Male,3,Research Scientist,Single,39020,1.0,22,0,4.0,2,4,1,2,3,4,3.0,2.0,2.0,244,10.689522996357006,3
32,No,Travel_Rarely,Research & Development,1,3,Life Sciences,3002,Male,3,Research Scientist,Married,26620,1.0,11,1,13.0,6,13,11,9,4,3,3.0,2.0,3.0,239,10.529409576940958,3
27,No,Travel_Rarely,Research & Development,13,2,Medical,3003,Female,4,Research Director,Single,28560,1.0,12,2,5.0,5,5,0,4,4,3,4.0,3.0,3.0,241,10.103739050253571,3
31,No,Travel_Rarely,Sales,24,3,Life Sciences,3004,Male,2,Healthcare Representative,Divorced,10810,4.0,11,3,13.0,4,7,1,7,4,3,4.0,4.0,3.0,235,6.6240165484633495,3
32,No,Travel_Rarely,Research & Development,7,3,Technical Degree,3005,Male,2,Healthcare Representative,Single,24720,7.0,13,0,10.0,2,7,0,7,3,3,1.0,4.0,2.0,231,7.5000456950456975,3
28,Yes,Travel_Rarely,Research & Development,9,4,Medical,3006,Male,1,Sales Executive,Married,56730,5.0,14,1,5.0,4,3,2,2,2,3,1.0,4.0,2.0,240,10.722796296296298,3
30,No,Travel_Rarely,Research & Development,13,3,Life Sciences,3007,Female,4,Research Director,Married,41970,1.0,13,0,11.0,3,10,1,9,3,3,4.0,4.0,3.0,225,6.202790123456793,3
31,No,Travel_Frequently,Research & Development,2,1,Life Sciences,3008,Female,1,Manager,Married,97130,1.0,17,0,10.0,5,10,8,9,2,3,3.0,3.0,3.0,238,6.587253734827266,3
39,No,Travel_Frequently,Research & Development,19,4,Medical,3009,Female,1,Research Scientist,Married,20620,1.0,13,0,21.0,4,21,13,3,3,3,3.0,4.0,3.0,233,6.085376728659989,3
39,Yes,Travel_Rarely,Research & Development,1,1,Medical,3010,Female,1,Laboratory Technician,Married,42840,4.0,17,1,12.0,0,1,0,0,3,3,4.0,3.0,2.0,235,10.018378250591018,3
33,No,Travel_Frequently,Sales,4,2,Life Sciences,3011,Male,4,Research Scientist,Single,47880,3.0,11,1,9.0,0,7,0,1,3,3,2.0,4.0,2.0,233,7.389129709108248,3
47,No,Travel_Rarely,Research & Development,4,3,Life Sciences,3012,Female,2,Healthcare Representative,Married,59060,4.0,23,0,21.0,4,3,1,1,4,4,4.0,3.0,3.0,239,6.509202696420269,3
43,No,Travel_Frequently,Research & Development,14,3,Medical,3013,Female,5,Research Director,Divorced,38860,1.0,17,2,9.0,2,9,0,0,3,3,3.0,3.0,4.0,230,6.316731884057967,3
27,No,Non-Travel,Research & Development,2,3,Life Sciences,3014,Male,1,Research Director,Married,168230,0.0,17,0,6.0,3,5,1,4,3,3,3.0,2.0,3.0,234,9.298370132953465,3
54,No,Travel_Frequently,Research & Development,1,4,Life Sciences,3015,Male,2,Research Scientist,Single,29330,3.0,12,2,20.0,2,4,0,3,3,3,4.0,3.0,2.0,241,6.113697556477636,3
43,No,Travel_Rarely,Research & Development,7,2,Life Sciences,3016,Female,2,Manager,Married,65000,8.0,23,0,10.0,3,1,0,0,3,4,3.0,1.0,2.0,227,7.1997907488986765,3
45,No,Travel_Rarely,Sales,3,1,Marketing,3017,Female,1,Sales Executive,Married,171740,9.0,14,1,12.0,6,10,9,8,3,3,4.0,4.0,3.0,232,7.089812021072796,3
40,No,Travel_Rarely,Research & Development,2,4,Other,3018,Male,4,Research Scientist,Married,50330,2.0,14,2,6.0,6,4,0,2,3,3,2.0,4.0,2.0,244,9.893391393442617,3
29,Yes,Travel_Rarely,Research & Development,29,3,Medical,3019,Female,1,Research Scientist,Married,23070,1.0,13,1,7.0,0,7,0,7,3,3,2.0,1.0,2.0,237,10.506102906704172,3
29,No,Travel_Rarely,Human Resources,8,3,Medical,3020,Male,3,Sales Representative,Single,25870,0.0,22,2,4.0,3,3,2,2,3,4,2.0,4.0,3.0,244,6.917478369763208,3
30,No,Travel_Rarely,Research & Development,10,3,Life Sciences,3021,Male,2,Research Scientist,Divorced,55070,1.0,12,2,10.0,2,10,1,2,2,3,4.0,3.0,3.0,240,7.593638888888891,3
27,No,Travel_Rarely,Research & Development,11,2,Medical,3022,Male,1,Manager,Married,43930,1.0,18,1,8.0,2,8,0,7,2,3,2.0,2.0,3.0,234,6.125528252611582,3
37,No,Travel_Rarely,Sales,1,4,Life Sciences,3023,Male,2,Healthcare Representative,Divorced,133480,7.0,14,0,8.0,4,6,0,4,3,3,4.0,4.0,2.0,238,6.028761671335197,3
38,No,Travel_Rarely,Research & Development,28,4,Medical,3024,Male,1,Laboratory Technician,Divorced,65830,0.0,12,0,12.0,1,11,2,9,3,3,3.0,4.0,3.0,237,8.99025316455696,3
31,No,Travel_Rarely,Research & Development,6,3,Medical,3025,Female,3,Manager,Single,81030,1.0,15,1,11.0,5,11,4,10,3,3,3.0,4.0,3.0,245,10.400454648526075,3
29,No,Travel_Rarely,Research & Development,3,4,Life Sciences,3026,Male,3,Sales Executive,Divorced,39780,1.0,11,0,7.0,0,7,1,7,3,3,4.0,2.0,3.0,235,8.375703309692673,3
35,No,Travel_Rarely,Sales,16,2,Technical Degree,3027,Male,3,Manager,Single,25440,0.0,13,1,17.0,3,16,0,13,4,3,3.0,2.0,3.0,231,7.913146945646943,4
23,No,Travel_Rarely,Research & Development,20,4,Life Sciences,3028,Male,1,Manufacturing Director,Divorced,53990,1.0,23,0,4.0,2,4,0,2,2,4,3.0,4.0,2.0,239,7.131063458856351,3
41,No,Travel_Rarely,Research & Development,9,2,Life Sciences,3029,Female,1,Laboratory Technician,Single,54870,6.0,19,2,8.0,0,5,1,2,3,3,4.0,2.0,3.0,238,9.68606325863679,3
47,No,Travel_Frequently,Sales,1,3,Medical,3030,Female,2,Laboratory Technician,Single,68340,3.0,16,1,5.0,2,0,0,0,4,3,2.0,3.0,3.0,240,7.781565972222222,3
42,No,Travel_Rarely,Research & Development,3,4,Life Sciences,3031,Male,1,Manager,Single,10910,2.0,22,0,16.0,0,1,0,0,1,4,1.0,4.0,3.0,230,6.323136473429957,3
29,No,Non-Travel,Sales,22,4,Marketing,3032,Male,2,Human Resources,Married,57360,1.0,22,0,4.0,1,4,0,2,2,4,4.0,3.0,2.0,236,6.295467278719396,4
42,No,Travel_Rarely,Sales,7,4,Medical,3033,Male,3,Research Scientist,Divorced,22260,0.0,12,1,4.0,3,3,1,0,2,3,3.0,3.0,3.0,239,8.77528823802882,3
32,No,Travel_Rarely,Research & Development,2,3,Medical,3034,Male,2,Research Scientist,Married,57470,1.0,13,0,8.0,0,8,0,7,3,3,3.0,2.0,3.0,231,7.719472101972104,3
48,No,Travel_Rarely,Sales,13,4,Medical,3035,Male,4,Sales Executive,Married,98540,3.0,16,1,15.0,2,0,0,0,2,3,1.0,3.0,1.0,230,7.304210144927535,3
37,No,Travel_Rarely,Research & Development,8,5,Technical Degree,3036,Male,2,Manufacturing Director,Divorced,54670,4.0,12,0,13.0,2,7,6,7,3,3,3.0,1.0,3.0,239,10.815693863319387,4
30,No,Non-Travel,Sales,25,4,Other,3037,Male,1,Healthcare Representative,Married,53800,7.0,21,1,4.0,0,2,2,2,3,4,4.0,3.0,4.0,231,10.423221500721494,3
26,No,Travel_Rarely,Sales,28,3,Medical,3038,Female,5,Laboratory Technician,Married,51510,1.0,15,3,8.0,3,8,7,7,3,3,3.0,3.0,3.0,240,5.980144675925929,3
42,No,Travel_Rarely,Sales,2,2,Medical,3039,Female,1,Laboratory Technician,Single,21330,3.0,13,2,14.0,2,1,0,0,3,3,1.0,4.0,3.0,243,6.077879515317789,3
21,Yes,Travel_Frequently,Research & Development,9,3,Medical,3040,Female,4,Manufacturing Director,Single,178750,1.0,12,0,3.0,5,3,1,2,2,3,1.0,2.0,3.0,235,8.08078605200946,3
36,No,Non-Travel,Human Resources,28,3,Human Resources,3041,Male,2,Laboratory Technician,Single,24320,4.0,22,0,7.0,4,1,0,0,1,4,4.0,4.0,3.0,227,7.304043073910915,3
36,No,Travel_Frequently,Research & Development,6,3,Life Sciences,3042,Female,2,Research Scientist,Married,47710,4.0,13,1,16.0,2,13,1,12,3,3,1.0,4.0,3.0,230,7.088579710144926,3
57,No,Travel_Rarely,Research & Development,21,4,Life Sciences,3043,Male,5,Research Scientist,Married,191610,2.0,18,0,15.0,2,3,1,2,1,3,4.0,3.0,3.0,227,6.295064855604504,4
40,No,Travel_Rarely,Research & Development,8,3,Other,3044,Male,2,Sales Executive,Married,50870,3.0,14,1,10.0,3,7,1,7,3,3,4.0,3.0,3.0,240,8.112756944444444,3
21,No,Non-Travel,Research & Development,1,5,Life Sciences,3045,Female,2,Manager,Single,28630,1.0,14,0,3.0,2,3,2,2,1,3,1.0,4.0,2.0,238,7.990563725490194,3
33,Yes,Travel_Rarely,Human Resources,28,2,Human Resources,3046,Female,5,Manager,Single,55610,1.0,21,1,1.0,3,1,0,0,1,4,4.0,3.0,3.0,240,10.470368055555554,3
37,No,Travel_Rarely,Research & Development,5,3,Life Sciences,3047,Male,4,Research Scientist,Married,21440,6.0,19,0,17.0,3,5,0,3,4,3,3.0,1.0,3.0,230,8.023785024154591,3
46,No,Non-Travel,Sales,2,4,Marketing,3048,Female,2,Laboratory Technician,Married,30650,2.0,11,0,7.0,3,1,0,0,3,3,3.0,3.0,4.0,239,6.100156903765696,4
41,Yes,Travel_Frequently,Research & Development,16,1,Medical,3049,Female,1,Research Scientist,Single,28100,1.0,11,0,8.0,3,8,7,7,4,3,1.0,2.0,3.0,236,7.621844397363464,3
50,No,Travel_Rarely,Research & Development,9,3,Medical,3050,Female,3,Laboratory Technician,Single,98880,6.0,15,0,20.0,2,4,1,3,3,3,4.0,4.0,3.0,240,6.919409722222218,3
40,Yes,Travel_Rarely,Research & Development,8,3,Medical,3051,Female,1,Healthcare Representative,Married,86280,2.0,20,0,8.0,2,6,1,0,2,4,3.0,3.0,3.0,236,9.27770597928437,3
31,No,Travel_Rarely,Research & Development,1,3,Life Sciences,3052,Male,4,Human Resources,Single,28670,0.0,24,0,3.0,5,2,2,2,3,4,3.0,2.0,3.0,248,10.78573028673836,3
21,Yes,Travel_Rarely,Human Resources,10,2,Human Resources,3053,Male,1,Laboratory Technician,Single,53730,1.0,12,1,1.0,2,1,0,0,3,3,3.0,2.0,3.0,243,5.978644261545495,3
29,No,Travel_Rarely,Research & Development,1,3,Life Sciences,3054,Female,2,Research Director,Single,66670,9.0,12,1,6.0,6,3,1,2,4,3,4.0,4.0,3.0,245,7.767982993197274,3
35,No,Travel_Rarely,Research & Development,29,3,Life Sciences,3055,Female,3,Sales Executive,Single,50030,9.0,15,0,10.0,2,1,0,0,3,3,3.0,2.0,3.0,245,7.713648526077095,3
27,No,Travel_Rarely,Sales,2,3,Life Sciences,3056,Male,1,Sales Executive,Divorced,23670,1.0,12,1,5.0,2,5,0,4,3,3,4.0,2.0,3.0,234,6.209772079772081,3
28,No,Travel_Rarely,Research & Development,2,2,Medical,3057,Male,3,Manager,Single,28580,1.0,12,0,7.0,2,7,0,7,2,3,2.0,4.0,3.0,235,7.117503546099293,4
49,No,Travel_Rarely,Sales,2,3,Technical Degree,3058,Male,2,Manufacturing Director,Single,52040,8.0,14,1,26.0,3,5,0,0,3,3,2.0,3.0,3.0,239,7.829485123198513,4
51,No,Travel_Rarely,Research & Development,1,2,Life Sciences,3059,Male,1,Sales Executive,Married,41050,4.0,22,1,18.0,2,7,0,7,3,4,3.0,4.0,2.0,234,7.5984579772079766,3
36,No,Travel_Rarely,Sales,15,2,Life Sciences,3060,Male,1,Sales Executive,Married,96790,4.0,12,0,6.0,1,2,2,2,3,3,4.0,3.0,3.0,244,6.03607126593807,3
34,Yes,Non-Travel,Research & Development,7,3,Life Sciences,3061,Male,1,Sales Representative,Single,56170,8.0,25,1,9.0,3,5,0,4,3,4,1.0,4.0,2.0,232,9.12105842911878,3
55,No,Travel_Rarely,Sales,26,3,Marketing,3062,Male,1,Laboratory Technician,Single,104480,2.0,13,0,30.0,3,5,1,2,3,3,3.0,4.0,3.0,243,8.711053955189762,3
24,No,Travel_Rarely,Research & Development,1,3,Life Sciences,3063,Female,5,Manager,Divorced,28970,1.0,18,3,5.0,4,5,0,3,3,3,4.0,3.0,4.0,247,10.002121007647325,3
30,No,Travel_Rarely,Research & Development,3,3,Life Sciences,3064,Female,2,Manager,Married,59680,2.0,13,0,1.0,3,1,0,0,3,3,3.0,2.0,3.0,226,6.882211160275324,3
26,Yes,Travel_Frequently,Sales,14,3,Life Sciences,3065,Male,2,Manager,Single,75100,0.0,18,3,7.0,3,6,0,4,3,3,3.0,1.0,3.0,231,6.978617123617124,3
22,No,Travel_Rarely,Research & Development,16,5,Other,3066,Male,1,Research Scientist,Married,29910,1.0,19,2,2.0,3,2,1,2,2,3,1.0,2.0,3.0,241,6.301039649608111,3
36,No,Travel_Rarely,Research & Development,1,3,Medical,3067,Female,5,Healthcare Representative,Married,196360,1.0,12,1,10.0,3,10,9,0,3,3,2.0,3.0,3.0,235,6.397997635933802,3
30,Yes,Travel_Frequently,Sales,3,2,Marketing,3068,Male,3,Research Scientist,Single,11290,9.0,19,0,3.0,2,1,0,0,2,3,3.0,4.0,3.0,234,8.179294871794868,3
37,No,Travel_Rarely,Research & Development,10,1,Technical Degree,3069,Male,1,Sales Executive,Divorced,133410,1.0,14,1,18.0,3,18,12,17,3,3,4.0,1.0,2.0,233,6.481071769194086,3
40,No,Travel_Rarely,Research & Development,6,2,Medical,3070,Male,3,Research Scientist,Divorced,43320,7.0,14,2,8.0,3,5,1,3,2,3,4.0,2.0,3.0,235,6.712291962174941,3
42,No,Travel_Rarely,Research & Development,2,3,Medical,3071,Female,4,Manager,Divorced,110310,3.0,12,1,8.0,2,5,1,2,2,3,2.0,1.0,3.0,246,7.534024390243911,3
37,No,Travel_Rarely,Sales,9,1,Marketing,3072,Male,3,Sales Executive,Single,44400,2.0,11,1,18.0,3,1,0,1,2,3,3.0,2.0,2.0,243,9.865617283950618,3
43,No,Travel_Rarely,Sales,10,2,Life Sciences,3073,Female,1,Sales Executive,Divorced,46170,1.0,11,0,25.0,2,25,3,9,3,3,1.0,2.0,3.0,235,7.428755319148946,3
40,No,Travel_Rarely,Sales,6,2,Life Sciences,3074,Female,1,Laboratory Technician,Married,26470,6.0,13,0,20.0,2,1,0,0,2,3,2.0,3.0,3.0,234,7.4966239316239305,3
54,No,Travel_Rarely,Human Resources,9,3,Life Sciences,3075,Female,2,Manufacturing Director,Married,63230,4.0,23,1,24.0,2,4,1,2,2,4,1.0,1.0,2.0,229,5.990690198932554,3
34,No,Non-Travel,Research & Development,28,3,Medical,3076,Male,1,Laboratory Technician,Married,56770,9.0,20,1,6.0,3,3,1,2,3,4,3.0,3.0,3.0,235,6.852196217494089,3
31,No,Travel_Rarely,Research & Development,10,4,Life Sciences,3077,Male,3,Sales Executive,Married,21870,1.0,15,1,13.0,2,13,3,12,2,3,2.0,1.0,1.0,226,6.103375122910523,3
43,No,Travel_Frequently,Sales,14,3,Life Sciences,3078,Female,1,Manufacturing Director,Married,37480,7.0,14,2,8.0,3,3,1,2,2,3,4.0,4.0,3.0,244,7.702863160291437,3
43,No,Travel_Rarely,Sales,27,4,Life Sciences,3079,Male,2,Sales Representative,Divorced,39770,4.0,18,1,8.0,3,5,0,2,3,3,3.0,3.0,3.0,233,8.903843586075348,3
25,No,Travel_Rarely,Human Resources,7,2,Human Resources,3080,Male,1,Manufacturing Director,Single,86330,1.0,19,1,5.0,2,5,1,3,4,3,2.0,4.0,3.0,230,10.906502415458936,3
37,No,Non-Travel,Research & Development,1,3,Medical,3081,Male,3,Laboratory Technician,Married,20080,3.0,22,0,15.0,5,13,10,7,2,4,2.0,3.0,3.0,242,10.685216942148761,3
31,No,Travel_Rarely,Research & Development,24,1,Medical,3082,Male,3,Laboratory Technician,Married,44400,1.0,13,1,4.0,2,4,3,2,3,3,4.0,1.0,3.0,240,7.138725694444447,4
39,No,Travel_Frequently,Research & Development,26,4,Technical Degree,3083,Female,1,Sales Executive,Divorced,30670,1.0,20,1,21.0,5,21,1,6,1,4,2.0,3.0,3.0,245,8.985918367346942,3
56,No,Travel_Frequently,Research & Development,20,4,Life Sciences,3084,Female,3,Sales Executive,Married,53210,9.0,14,0,36.0,1,7,7,7,3,3,3.0,1.0,2.0,227,7.4406742535487,3
30,No,Travel_Rarely,Sales,5,4,Medical,3085,Female,2,Manufacturing Director,Single,54100,0.0,17,1,6.0,2,5,4,4,3,3,2.0,3.0,3.0,237,7.581409985935308,3
41,No,Travel_Rarely,Research & Development,7,3,Technical Degree,3086,Female,3,Research Scientist,Married,27820,1.0,14,0,10.0,2,10,0,7,2,3,2.0,4.0,3.0,236,6.603824152542371,3
28,No,Travel_Rarely,Research & Development,7,3,Medical,3087,Male,3,Healthcare Representative,Divorced,119570,1.0,13,0,10.0,2,10,1,8,2,3,3.0,1.0,3.0,235,6.203099290780142,3
25,Yes,Travel_Rarely,Research & Development,5,2,Life Sciences,3088,Female,3,Laboratory Technician,Married,26600,5.0,13,0,6.0,3,2,0,2,3,3,1.0,1.0,3.0,237,6.491569385841536,3
52,No,Travel_Rarely,Research & Development,26,2,Life Sciences,3089,Female,2,Sales Representative,Married,33750,2.0,21,0,28.0,2,5,0,4,2,4,4.0,3.0,3.0,233,8.206621363853126,3
45,No,Travel_Rarely,Research & Development,2,3,Medical,3090,Female,1,Sales Executive,Married,50980,3.0,14,1,8.0,4,2,0,2,3,3,1.0,4.0,2.0,242,6.792599862258952,3
52,No,Travel_Rarely,Research & Development,12,3,Medical,3091,Male,2,Research Scientist,Married,48780,2.0,11,1,31.0,3,5,1,4,3,3,4.0,4.0,1.0,240,7.300627314814812,3
42,No,Travel_Frequently,Sales,10,3,Marketing,3092,Female,2,Healthcare Representative,Divorced,28370,2.0,13,1,19.0,0,5,0,2,2,3,1.0,3.0,3.0,242,6.7988314967860415,3
30,No,Travel_Rarely,Sales,25,3,Marketing,3093,Male,1,Sales Executive,Single,24060,2.0,20,1,11.0,5,5,0,2,3,4,3.0,4.0,3.0,244,7.315416666666665,3
60,No,Travel_Rarely,Research & Development,10,3,Life Sciences,3094,Female,1,Manufacturing Director,Married,22690,5.0,18,1,33.0,4,29,11,10,3,3,1.0,1.0,1.0,236,6.205156544256122,3
46,No,Travel_Rarely,Sales,19,4,Marketing,3095,Female,1,Sales Executive,Divorced,41080,2.0,14,0,19.0,5,10,0,8,2,3,3.0,3.0,2.0,236,7.580708568738233,3
42,No,Travel_Frequently,Research & Development,18,4,Technical Degree,3096,Male,4,Sales Executive,Married,132060,0.0,13,2,7.0,2,6,0,4,3,3,4.0,4.0,4.0,233,6.61540057224607,3
24,Yes,Travel_Rarely,Research & Development,27,2,Medical,3097,Male,1,Research Scientist,Single,104220,1.0,17,1,6.0,0,5,1,4,2,3,1.0,2.0,3.0,241,10.635645458736741,3
34,Yes,Travel_Frequently,Research & Development,5,3,Medical,3098,Male,2,Research Scientist,Divorced,137440,0.0,20,1,3.0,3,2,1,0,3,4,4.0,3.0,2.0,232,6.200646551724139,3
38,No,Travel_Frequently,Sales,3,3,Marketing,3099,Female,2,Sales Executive,Married,49070,1.0,11,1,1.0,3,1,0,0,3,3,4.0,4.0,3.0,234,8.592567663817668,3
40,No,Travel_Rarely,Sales,26,4,Marketing,3100,Female,1,Sales Executive,Married,34820,0.0,18,1,21.0,2,20,1,12,2,3,3.0,3.0,3.0,232,6.006141044061305,3
26,No,Travel_Rarely,Research & Development,3,2,Medical,3101,Female,4,Healthcare Representative,Divorced,24360,1.0,24,0,3.0,2,3,0,2,4,4,1.0,4.0,1.0,229,6.303130761766129,3
30,No,Non-Travel,Research & Development,15,3,Medical,3102,Female,2,Sales Executive,Married,23800,4.0,18,3,9.0,2,5,1,4,2,3,3.0,4.0,1.0,242,7.906804407713496,3
29,No,Travel_Rarely,Research & Development,8,3,Medical,3103,Female,3,Manufacturing Director,Married,194310,1.0,11,0,10.0,3,10,0,7,3,3,2.0,3.0,3.0,233,7.181322126847884,3
29,Yes,Travel_Rarely,Research & Development,19,4,Life Sciences,3104,Male,3,Research Scientist,Married,17900,5.0,16,1,6.0,4,2,1,1,2,3,3.0,2.0,4.0,228,6.599958576998047,3
19,Yes,Travel_Rarely,Research & Development,4,3,Medical,3105,Male,1,Sales Executive,Single,76440,1.0,15,2,1.0,2,1,0,0,3,3,1.0,4.0,4.0,236,7.925364877589451,3
30,No,Non-Travel,Research & Development,2,4,Life Sciences,3106,Female,3,Research Scientist,Married,51310,0.0,15,1,10.0,2,9,7,8,3,3,3.0,1.0,3.0,240,6.711006944444443,3
57,No,Travel_Rarely,Research & Development,2,2,Life Sciences,3107,Male,4,Research Scientist,Divorced,63060,3.0,12,1,32.0,3,1,0,0,3,3,1.0,4.0,2.0,228,6.319523635477583,3
50,No,Travel_Rarely,Sales,10,4,Life Sciences,3108,Female,3,Manager,Married,47870,0.0,12,0,28.0,3,27,15,7,3,3,2.0,3.0,3.0,230,7.219125603864739,3
30,No,Non-Travel,Sales,10,2,Life Sciences,3109,Male,3,Laboratory Technician,Single,188800,0.0,22,1,12.0,3,11,6,7,3,4,3.0,4.0,2.0,229,6.28816957787482,3
60,No,Travel_Frequently,Research & Development,16,3,Life Sciences,3110,Female,4,Laboratory Technician,Married,23390,4.0,20,0,22.0,4,18,13,11,3,4,3.0,1.0,4.0,240,7.1989918981481384,3
47,No,Travel_Rarely,Research & Development,1,3,Technical Degree,3111,Male,5,Manufacturing Director,Divorced,135700,5.0,16,2,20.0,2,5,0,4,2,3,1.0,4.0,3.0,240,7.784305555555562,3
46,No,Travel_Rarely,Sales,4,1,Technical Degree,3112,Male,1,Laboratory Technician,Married,67120,6.0,21,1,26.0,3,3,0,1,2,4,1.0,3.0,1.0,231,6.7805651755651715,3
35,No,Travel_Rarely,Research & Development,15,2,Medical,3113,Female,2,Laboratory Technician,Single,54060,0.0,12,1,6.0,2,5,4,3,3,3,4.0,3.0,3.0,239,6.487327986982801,3
54,No,Travel_Rarely,Research & Development,2,4,Medical,3114,Male,2,Human Resources,Single,89380,7.0,11,3,19.0,2,1,0,0,3,3,3.0,3.0,3.0,236,7.706647834274955,3
34,No,Travel_Rarely,Sales,8,2,Life Sciences,3115,Male,1,Laboratory Technician,Divorced,24390,3.0,11,2,14.0,2,7,5,7,4,3,3.0,3.0,3.0,230,7.565422705314005,3
46,No,Travel_Rarely,Research & Development,2,3,Life Sciences,3116,Male,1,Healthcare Representative,Married,88370,2.0,18,0,15.0,3,3,1,2,2,3,3.0,4.0,3.0,242,9.19482093663912,3
31,No,Travel_Rarely,Research & Development,7,3,Life Sciences,3117,Male,2,Research Director,Divorced,53430,1.0,14,1,13.0,3,13,0,8,3,3,3.0,2.0,4.0,231,6.413506493506497,3
33,Yes,Travel_Rarely,Research & Development,10,3,Life Sciences,3118,Female,4,Research Director,Married,67280,7.0,22,0,15.0,2,7,7,7,2,4,2.0,3.0,4.0,241,8.488653757491937,3
33,Yes,Travel_Rarely,Sales,5,4,Marketing,3119,Male,2,Research Director,Divorced,66520,7.0,25,0,8.0,5,4,1,3,3,4,1.0,4.0,3.0,239,6.980869363086936,3
30,No,Travel_Rarely,Research & Development,2,3,Life Sciences,3120,Male,1,Sales Executive,Single,48500,0.0,12,1,4.0,4,3,1,2,3,3,4.0,2.0,3.0,238,6.498657796451916,4
35,No,Travel_Rarely,Research & Development,12,2,Medical,3121,Female,2,Sales Representative,Married,28090,4.0,23,1,10.0,2,8,0,0,1,4,4.0,3.0,3.0,237,8.896620956399442,3
31,Yes,Travel_Frequently,Research & Development,22,2,Medical,3122,Female,2,Sales Executive,Married,56890,3.0,15,2,12.0,2,1,0,0,2,3,1.0,3.0,3.0,237,6.606826066572901,3
34,Yes,Travel_Frequently,Sales,17,1,Marketing,3123,Male,1,Research Director,Divorced,20010,9.0,22,1,11.0,5,3,0,2,4,4,2.0,1.0,3.0,234,11.012135565052235,4
42,No,Travel_Frequently,Research & Development,2,4,Medical,3124,Female,1,Research Scientist,Married,29770,4.0,15,3,8.0,3,2,2,0,2,3,2.0,3.0,3.0,228,7.799356725146197,4
36,No,Non-Travel,Research & Development,3,4,Medical,3125,Male,1,Research Scientist,Single,40250,1.0,11,0,10.0,3,10,9,7,3,3,2.0,4.0,2.0,239,7.201123895862393,3
22,Yes,Travel_Frequently,Research & Development,7,3,Medical,3126,Female,2,Laboratory Technician,Single,37850,5.0,13,2,4.0,2,2,1,2,3,3,3.0,3.0,3.0,233,6.430002384358603,3
48,No,Travel_Rarely,Research & Development,6,3,Medical,3127,Male,1,Laboratory Technician,Married,108540,2.0,14,1,14.0,6,9,6,7,3,3,2.0,4.0,3.0,237,6.771397093295827,3
55,No,Travel_Rarely,Research & Development,1,3,Medical,3128,Female,1,Sales Executive,Single,120310,3.0,11,0,37.0,5,10,7,7,3,3,1.0,2.0,3.0,229,7.418745754488107,3
41,No,Non-Travel,Research & Development,3,2,Life Sciences,3129,Female,2,Research Scientist,Single,99360,7.0,17,1,16.0,2,14,1,10,2,3,4.0,4.0,3.0,239,6.181212226871224,3
35,No,Travel_Rarely,Research & Development,22,3,Medical,3130,Female,1,Sales Representative,Married,29660,9.0,18,0,15.0,2,11,6,9,2,3,2.0,3.0,3.0,239,6.00781961878196,3
40,No,Travel_Rarely,Research & Development,15,3,Life Sciences,3131,Female,2,Laboratory Technician,Single,25710,7.0,14,0,22.0,1,20,5,13,3,3,2.0,3.0,3.0,233,7.329167858845965,3
39,No,Travel_Frequently,Research & Development,12,1,Medical,3132,Male,1,Research Scientist,Married,99910,1.0,16,1,8.0,3,8,0,7,3,3,3.0,3.0,3.0,239,7.065051139005115,3
31,No,Travel_Rarely,Research & Development,1,4,Life Sciences,3133,Male,3,Research Director,Single,61420,4.0,13,2,10.0,2,6,0,5,2,3,2.0,4.0,4.0,245,8.685710884353746,3
42,No,Travel_Rarely,Research & Development,5,3,Medical,3134,Male,3,Sales Executive,Married,53900,1.0,14,0,10.0,3,10,5,8,3,3,4.0,1.0,2.0,231,10.796660654160656,3
45,No,Travel_Rarely,Research & Development,2,1,Medical,3135,Female,4,Sales Executive,Married,44040,0.0,23,0,9.0,2,8,3,7,3,4,4.0,2.0,4.0,231,7.365032467532465,3
26,Yes,Travel_Frequently,Research & Development,2,1,Life Sciences,3136,Female,2,Laboratory Technician,Divorced,59930,0.0,12,0,8.0,3,7,1,0,3,3,2.0,3.0,2.0,237,9.178884200656356,3
29,No,Travel_Rarely,Research & Development,5,3,Medical,3137,Male,1,Research Scientist,Divorced,51300,4.0,11,0,8.0,3,3,1,2,2,3,4.0,4.0,4.0,231,7.425431697931702,3
33,No,Travel_Rarely,Research & Development,16,3,Medical,3138,Female,1,Laboratory Technician,Divorced,20900,4.0,16,0,10.0,2,6,0,5,3,3,1.0,3.0,3.0,229,7.413226589034451,3
31,No,Travel_Rarely,Research & Development,2,4,Life Sciences,3139,Female,1,Sales Executive,Divorced,29090,9.0,14,2,10.0,2,5,0,1,3,3,3.0,4.0,2.0,241,6.6954621945597,3
18,Yes,Travel_Frequently,Research & Development,2,3,Technical Degree,3140,Male,1,Sales Executive,Single,34680,1.0,18,2,0.0,4,0,0,0,4,3,2.0,2.0,3.0,235,9.204595744680855,3
40,No,Non-Travel,Research & Development,1,4,Technical Degree,3141,Female,2,Laboratory Technician,Divorced,30680,3.0,19,0,20.0,3,1,0,1,2,3,3.0,1.0,3.0,228,6.8573233430799245,3
41,No,Non-Travel,Research & Development,23,3,Life Sciences,3142,Male,2,Manufacturing Director,Single,26700,2.0,15,2,10.0,2,8,0,7,2,3,1.0,3.0,3.0,229,9.293875545851531,3
26,No,Travel_Rarely,Research & Development,9,4,Medical,3143,Male,3,Healthcare Representative,Divorced,26930,5.0,17,3,8.0,3,0,0,0,2,3,1.0,3.0,3.0,236,5.988631120527308,3
35,No,Travel_Rarely,Research & Development,16,4,Medical,3144,Male,2,Human Resources,Single,95260,1.0,15,0,5.0,2,5,0,3,2,3,1.0,3.0,3.0,229,6.293220524017465,3
34,No,Travel_Rarely,Research & Development,26,3,Medical,3145,Male,1,Laboratory Technician,Single,52370,1.0,19,1,10.0,3,10,5,7,2,3,4.0,4.0,3.0,242,6.387674471992654,3
26,Yes,Travel_Rarely,Sales,1,3,Marketing,3146,Female,2,Manufacturing Director,Single,24260,1.0,22,0,1.0,3,1,0,0,1,4,3.0,4.0,1.0,232,8.699645593869732,3
37,No,Travel_Rarely,Research & Development,8,1,Life Sciences,3147,Male,1,Sales Executive,Single,41930,4.0,16,1,12.0,5,6,1,2,3,3,2.0,4.0,4.0,234,7.3976293922127265,3
46,No,Travel_Frequently,Research & Development,4,1,Medical,3148,Male,5,Human Resources,Married,29110,5.0,13,0,28.0,3,2,1,2,3,3,1.0,3.0,2.0,233,6.2406688125894165,3
41,No,Travel_Rarely,Research & Development,24,1,Life Sciences,3149,Male,1,Research Director,Married,26610,7.0,14,1,22.0,2,18,11,8,3,3,2.0,1.0,3.0,245,7.7222006802721115,3
37,No,Non-Travel,Research & Development,7,2,Medical,3150,Male,1,Sales Executive,Divorced,20280,1.0,16,1,9.0,3,9,7,7,3,3,1.0,2.0,3.0,236,7.506805555555553,3
52,No,Travel_Rarely,Sales,2,1,Medical,3151,Male,1,Laboratory Technician,Divorced,99800,3.0,11,1,18.0,2,10,6,9,3,3,4.0,1.0,3.0,237,9.078030942334742,3
32,Yes,Non-Travel,Research & Development,7,2,Life Sciences,3152,Female,2,Research Director,Married,32980,8.0,22,0,6.0,4,4,1,2,2,4,4.0,3.0,3.0,240,5.980728009259257,3
24,No,Travel_Frequently,Sales,22,3,Life Sciences,3153,Female,1,Healthcare Representative,Married,29350,0.0,14,2,3.0,5,2,2,1,2,3,4.0,4.0,3.0,228,5.993148148148148,3
38,No,Travel_Rarely,Research & Development,5,3,Life Sciences,3154,Female,1,Research Scientist,Married,154270,3.0,16,1,18.0,2,1,0,0,3,3,3.0,3.0,3.0,233,6.010115641392464,3
37,No,Travel_Rarely,Research & Development,1,4,Technical Degree,3155,Female,5,Research Scientist,Married,39440,6.0,11,2,8.0,3,6,4,3,3,3,2.0,2.0,2.0,241,6.884231212540342,3
49,No,Travel_Rarely,Sales,21,1,Life Sciences,3156,Male,1,Sales Executive,Divorced,40110,1.0,18,2,31.0,2,31,0,9,1,3,4.0,3.0,3.0,247,10.81094466936572,3
24,No,Travel_Rarely,Sales,1,3,Marketing,3157,Female,1,Sales Executive,Married,34070,1.0,15,2,6.0,2,6,1,4,2,3,2.0,4.0,3.0,242,9.029714187327825,3
26,No,Travel_Rarely,Research & Development,19,4,Technical Degree,3158,Female,4,Sales Executive,Married,119940,1.0,14,1,6.0,6,5,1,4,3,3,1.0,2.0,4.0,240,7.4096365740740735,3
24,No,Travel_Rarely,Sales,7,3,Medical,3159,Female,1,Laboratory Technician,Married,12320,1.0,12,0,1.0,4,1,0,0,1,3,4.0,2.0,3.0,228,6.796458333333333,3
50,No,Travel_Frequently,Sales,2,2,Marketing,3160,Male,1,Sales Executive,Married,29600,1.0,14,3,32.0,2,32,10,7,3,3,1.0,2.0,3.0,237,6.8087341772151895,3
25,No,Travel_Rarely,Research & Development,2,3,Life Sciences,3161,Male,1,Research Scientist,Married,190940,1.0,16,0,7.0,3,7,0,6,2,3,2.0,3.0,3.0,231,7.4041341991341945,3
24,Yes,Travel_Frequently,Research & Development,2,3,Medical,3162,Male,2,Research Scientist,Married,39190,1.0,21,0,6.0,3,6,1,2,3,4,1.0,3.0,3.0,237,10.791623300515711,3
30,Yes,Travel_Frequently,Research & Development,9,3,Other,3163,Male,2,Healthcare Representative,Married,68250,1.0,14,0,1.0,2,1,0,0,3,3,2.0,1.0,4.0,242,6.911392332415062,3
34,No,Travel_Rarely,Sales,6,2,Life Sciences,3164,Male,4,Research Director,Married,102480,1.0,12,1,6.0,4,6,1,3,3,3,2.0,4.0,3.0,244,8.937468123861578,3
31,Yes,Travel_Rarely,Research & Development,9,1,Medical,3165,Female,1,Sales Representative,Divorced,189470,2.0,12,2,9.0,2,3,1,2,2,3,2.0,1.0,1.0,235,6.717291962174941,3
35,No,Travel_Rarely,Research & Development,2,3,Life Sciences,3166,Female,5,Sales Executive,Single,24960,4.0,17,3,9.0,3,3,0,2,3,3,1.0,4.0,3.0,234,7.893947056030386,3
31,No,Travel_Rarely,Sales,1,3,Marketing,3167,Female,2,Sales Executive,Divorced,64650,4.0,17,0,13.0,3,7,5,7,3,3,1.0,4.0,4.0,237,6.314440928270037,3
27,No,Travel_Rarely,Sales,22,4,Medical,3168,Male,1,Sales Representative,Divorced,22060,0.0,14,1,6.0,4,5,0,3,3,3,1.0,3.0,2.0,240,7.8910208333333305,3
37,No,Travel_Rarely,Sales,9,4,Marketing,3169,Female,2,Laboratory Technician,Married,20860,4.0,14,0,17.0,3,3,1,0,3,3,4.0,3.0,2.0,244,8.928014571948996,3
20,No,Travel_Rarely,Research & Development,17,4,Medical,3170,Female,1,Sales Representative,Single,22930,1.0,13,2,1.0,3,1,0,0,1,3,4.0,2.0,4.0,239,7.145572989307297,3
42,No,Travel_Rarely,Research & Development,28,4,Life Sciences,3171,Female,2,Manufacturing Director,Married,26450,1.0,15,0,10.0,5,10,2,2,3,3,3.0,4.0,3.0,228,7.480773635477583,4
43,No,Travel_Rarely,Research & Development,10,5,Technical Degree,3172,Female,2,Sales Executive,Divorced,26830,4.0,11,0,21.0,3,1,0,0,3,3,2.0,4.0,2.0,237,8.685696202531647,3
38,No,Travel_Rarely,Human Resources,2,4,Medical,3173,Male,1,Human Resources,Single,20140,3.0,17,1,8.0,5,0,0,0,4,3,3.0,1.0,2.0,242,6.786083562901745,3
43,No,Travel_Frequently,Sales,4,3,Medical,3174,Female,2,Healthcare Representative,Divorced,34190,3.0,11,1,10.0,5,8,4,7,3,3,4.0,3.0,3.0,238,9.060249766573296,3
48,No,Travel_Rarely,Research & Development,8,1,Medical,3175,Male,2,Laboratory Technician,Married,53760,7.0,13,1,21.0,3,3,0,2,4,3,4.0,1.0,1.0,237,7.013436474449132,3
44,No,Travel_Rarely,Sales,29,4,Marketing,3176,Male,2,Sales Executive,Single,19510,4.0,22,3,10.0,4,2,0,2,4,4,1.0,3.0,4.0,241,6.716417704011062,3
34,No,Travel_Rarely,Research & Development,13,4,Life Sciences,3177,Female,1,Laboratory Technician,Divorced,23410,1.0,20,2,8.0,3,8,0,6,2,4,3.0,3.0,3.0,238,8.410260270774979,3
27,Yes,Travel_Rarely,Sales,27,3,Life Sciences,3178,Male,2,Research Scientist,Divorced,22930,0.0,18,0,5.0,0,4,0,2,3,3,3.0,1.0,3.0,230,6.512541062801932,4
21,No,Travel_Rarely,Sales,16,2,Life Sciences,3179,Male,3,Sales Executive,Single,87260,1.0,11,1,3.0,2,3,1,2,1,3,3.0,3.0,3.0,240,7.165077546296299,3
44,No,Travel_Rarely,Research & Development,2,2,Life Sciences,3180,Male,1,Laboratory Technician,Married,40110,4.0,14,1,26.0,2,2,0,1,3,3,4.0,4.0,4.0,242,8.711613865932053,3
22,No,Travel_Rarely,Research & Development,2,2,Medical,3181,Female,2,Laboratory Technician,Married,195450,0.0,14,0,3.0,3,2,2,2,2,3,1.0,3.0,3.0,229,5.994663998059194,4
33,No,Travel_Rarely,Sales,13,4,Marketing,3182,Female,2,Manufacturing Director,Divorced,45680,0.0,18,1,6.0,2,5,1,2,3,3,3.0,3.0,3.0,239,7.303262436076243,3
32,No,Travel_Rarely,Research & Development,1,1,Life Sciences,3183,Female,1,Healthcare Representative,Married,30220,1.0,16,1,6.0,3,6,0,5,3,3,1.0,4.0,2.0,243,9.408271604938268,3
30,No,Travel_Frequently,Research & Development,4,5,Technical Degree,3184,Male,3,Manager,Divorced,57720,1.0,17,0,1.0,3,1,0,0,3,3,3.0,3.0,3.0,237,7.319099859353026,3
53,No,Travel_Rarely,Research & Development,24,3,Other,3185,Female,3,Manager,Single,22690,7.0,11,1,18.0,2,14,8,10,2,3,4.0,1.0,4.0,242,7.110381083562903,3
34,No,Travel_Rarely,Research & Development,1,5,Medical,3186,Male,1,Research Scientist,Married,53810,1.0,12,0,10.0,0,10,8,8,3,3,2.0,4.0,2.0,244,7.3836737249544635,3
45,Yes,Travel_Frequently,Research & Development,19,4,Life Sciences,3187,Male,3,Research Director,Married,34410,2.0,13,1,5.0,5,1,0,0,3,3,1.0,1.0,3.0,230,7.6030398550724625,3
26,No,Travel_Rarely,Research & Development,7,2,Life Sciences,3188,Male,1,Manufacturing Director,Married,54540,1.0,13,1,3.0,5,3,0,2,4,3,3.0,4.0,3.0,231,9.990916305916308,3
37,No,Travel_Rarely,Research & Development,4,3,Medical,3189,Male,1,Manager,Married,98840,1.0,14,0,10.0,3,10,7,8,2,3,3.0,3.0,3.0,233,6.228323795898902,3
29,No,Travel_Rarely,Research & Development,2,3,Life Sciences,3190,Female,1,Healthcare Representative,Married,41570,1.0,17,3,6.0,2,6,1,2,3,3,2.0,3.0,2.0,241,6.803848547717842,3
35,No,Travel_Rarely,Research & Development,10,5,Medical,3191,Female,4,Laboratory Technician,Single,134580,1.0,11,0,17.0,3,17,11,8,3,3,2.0,4.0,3.0,233,6.678400095374347,3
33,No,Travel_Frequently,Research & Development,8,3,Technical Degree,3192,Male,2,Laboratory Technician,Divorced,90690,3.0,25,1,15.0,3,13,4,7,3,4,3.0,4.0,1.0,227,7.48084557023985,4
54,No,Travel_Rarely,Research & Development,5,2,Life Sciences,3193,Female,2,Sales Executive,Married,40140,2.0,19,1,16.0,4,9,7,1,2,3,3.0,2.0,4.0,230,6.402996376811594,3
36,No,Travel_Rarely,Research & Development,8,3,Life Sciences,3194,Male,2,Research Scientist,Divorced,59150,2.0,13,1,13.0,3,3,0,2,2,3,2.0,2.0,3.0,239,10.695917015341697,3
27,No,Travel_Rarely,Sales,9,3,Marketing,3195,Male,5,Research Director,Single,59930,0.0,14,1,5.0,3,4,1,1,1,3,1.0,4.0,3.0,243,6.983818015546405,3
20,Yes,Travel_Rarely,Research & Development,1,3,Life Sciences,3196,Male,5,Sales Representative,Single,61620,1.0,12,3,1.0,2,1,1,1,2,3,4.0,3.0,3.0,244,8.586739526411657,3
33,Yes,Travel_Frequently,Research & Development,15,4,Medical,3197,Female,1,Laboratory Technician,Single,24060,1.0,11,0,10.0,3,10,9,7,3,3,1.0,1.0,3.0,231,10.374517797017793,3
35,No,Non-Travel,Research & Development,2,1,Medical,3198,Male,1,Research Scientist,Married,187400,1.0,19,1,1.0,2,1,0,0,4,3,3.0,3.0,3.0,229,6.723173216885005,3
23,No,Travel_Rarely,Research & Development,2,3,Life Sciences,3199,Male,1,Healthcare Representative,Married,76370,2.0,11,1,5.0,3,3,0,2,3,3,1.0,1.0,4.0,229,7.078298156234835,3
25,No,Travel_Rarely,Research & Development,11,3,Medical,3200,Male,2,Manufacturing Director,Married,100960,0.0,11,1,4.0,3,3,1,2,3,3,4.0,2.0,3.0,236,7.679447975517893,3
38,No,Travel_Rarely,Research & Development,16,3,Life Sciences,3201,Male,5,Research Scientist,Single,147560,0.0,20,1,8.0,3,7,0,5,2,4,4.0,4.0,3.0,232,6.811202107279693,3
29,No,Travel_Frequently,Sales,2,4,Life Sciences,3202,Male,4,Healthcare Representative,Divorced,64990,1.0,18,3,10.0,3,10,2,8,2,3,2.0,4.0,3.0,234,7.774786324786326,3
48,No,Travel_Rarely,Research & Development,16,3,Technical Degree,3203,Male,1,Sales Executive,Married,97240,3.0,13,0,12.0,2,2,2,2,4,3,2.0,2.0,3.0,229,7.108345463367298,3
27,No,Travel_Frequently,Sales,4,3,Technical Degree,3204,Male,5,Laboratory Technician,Divorced,21940,1.0,12,0,6.0,5,6,0,4,3,3,4.0,4.0,3.0,236,8.89139359698682,3
37,No,Travel_Rarely,Research & Development,16,3,Life Sciences,3205,Male,3,Manager,Single,33880,3.0,11,0,4.0,2,1,0,0,4,3,4.0,4.0,3.0,238,7.5609477124183035,3
50,No,Travel_Rarely,Sales,5,3,Medical,3206,Male,1,Laboratory Technician,Married,54730,1.0,19,1,20.0,2,20,3,8,4,3,4.0,3.0,3.0,236,9.110238935969871,4
34,No,Travel_Rarely,Research & Development,18,1,Medical,3207,Male,1,Healthcare Representative,Single,27030,1.0,21,1,9.0,2,8,7,7,3,4,4.0,2.0,4.0,230,6.78175966183575,3
24,Yes,Travel_Rarely,Research & Development,17,2,Life Sciences,3208,Female,1,Healthcare Representative,Single,25010,9.0,12,0,4.0,3,2,2,0,1,3,1.0,3.0,3.0,228,7.514184941520471,3
39,No,Travel_Rarely,Research & Development,12,5,Medical,3209,Female,1,Sales Representative,Single,62200,1.0,14,2,20.0,2,20,11,10,3,3,4.0,3.0,3.0,237,6.6742827004219425,3
32,No,Travel_Rarely,Research & Development,2,3,Life Sciences,3210,Male,5,Research Scientist,Single,30380,1.0,11,0,10.0,5,10,0,8,1,3,4.0,4.0,2.0,232,7.880511254789278,3
50,Yes,Travel_Frequently,Research & Development,4,2,Medical,3211,Male,4,Sales Representative,Married,44240,3.0,14,1,18.0,2,4,1,3,2,3,2.0,3.0,3.0,238,8.186869747899157,3
38,No,Travel_Rarely,Research & Development,9,4,Life Sciences,3212,Male,1,Sales Executive,Single,43120,0.0,12,1,10.0,2,9,1,8,2,3,2.0,4.0,2.0,228,7.195928362573099,3
27,No,Travel_Rarely,Research & Development,10,3,Medical,3213,Male,5,Research Scientist,Married,132450,1.0,23,1,9.0,3,9,0,7,2,4,3.0,1.0,3.0,232,6.492173132183906,3
32,No,Travel_Rarely,Sales,1,3,Medical,3214,Male,2,Sales Executive,Single,136640,3.0,14,0,10.0,6,7,7,7,3,3,3.0,4.0,3.0,228,7.872965399610142,4
47,No,Travel_Rarely,Research & Development,2,3,Medical,3215,Female,5,Sales Executive,Single,50210,2.0,17,0,20.0,3,7,1,7,3,3,4.0,1.0,3.0,244,6.696672358834241,3
40,No,Travel_Frequently,Research & Development,3,4,Medical,3216,Female,3,Human Resources,Married,51260,5.0,18,0,20.0,2,18,1,12,3,3,4.0,1.0,3.0,243,8.612737768632831,3
53,No,Travel_Rarely,Research & Development,7,1,Life Sciences,3217,Male,2,Laboratory Technician,Married,28590,3.0,18,1,32.0,2,5,1,3,3,3,3.0,3.0,3.0,234,6.809521604938275,3
41,No,Travel_Rarely,Sales,6,3,Medical,3218,Male,1,Sales Executive,Divorced,102390,3.0,24,3,23.0,3,21,12,6,3,4,2.0,4.0,2.0,238,7.724133986928105,3
60,No,Travel_Rarely,Research & Development,8,2,Life Sciences,3219,Female,5,Laboratory Technician,Single,53290,8.0,20,0,10.0,3,2,2,2,4,4,1.0,1.0,3.0,231,6.591772486772489,3
27,No,Travel_Frequently,Research & Development,29,1,Life Sciences,3220,Male,2,Manufacturing Director,Divorced,43250,1.0,14,0,9.0,2,9,1,7,2,3,4.0,1.0,2.0,228,7.398501461988306,3
41,No,Travel_Rarely,Research & Development,3,3,Medical,3221,Male,1,Manufacturing Director,Married,72600,1.0,16,0,22.0,2,22,2,10,3,3,4.0,3.0,3.0,236,6.219918785310732,3
50,No,Travel_Rarely,Sales,9,3,Life Sciences,3222,Male,2,Research Scientist,Married,23220,7.0,25,1,4.0,0,2,2,2,4,4,4.0,2.0,3.0,233,7.39945278969957,3
28,Yes,Travel_Rarely,Sales,2,4,Life Sciences,3223,Male,3,Research Scientist,Single,20750,7.0,18,3,10.0,0,7,3,7,2,3,1.0,2.0,3.0,242,8.102418503213956,3
36,No,Non-Travel,Research & Development,10,4,Technical Degree,3224,Female,2,Research Scientist,Married,41520,9.0,19,1,10.0,3,8,0,5,3,3,1.0,1.0,3.0,238,6.010324463118582,3
38,No,Travel_Rarely,Research & Development,1,3,Medical,3225,Female,3,Manager,Single,96190,4.0,13,1,10.0,2,1,0,0,3,3,3.0,3.0,4.0,240,9.792004629629636,3
44,No,Non-Travel,Research & Development,8,2,Life Sciences,3226,Male,1,Research Scientist,Single,135030,2.0,12,0,9.0,6,5,1,4,2,3,1.0,3.0,3.0,232,6.090522030651338,3
47,No,Travel_Frequently,Research & Development,27,3,Life Sciences,3227,Male,1,Research Scientist,Divorced,54410,9.0,22,1,28.0,6,22,11,13,2,4,4.0,3.0,2.0,244,8.281967213114752,3
30,No,Travel_Rarely,Research & Development,8,3,Life Sciences,3228,Male,2,Sales Executive,Divorced,52090,7.0,14,1,10.0,3,8,7,7,3,3,3.0,4.0,2.0,242,7.524912764003674,3
29,No,Travel_Rarely,Research & Development,1,2,Medical,3229,Female,1,Sales Executive,Single,106730,1.0,13,3,1.0,2,1,0,0,3,3,3.0,3.0,3.0,241,6.440665053019824,3
42,Yes,Travel_Frequently,Research & Development,10,1,Life Sciences,3230,Female,1,Sales Executive,Divorced,50100,6.0,21,3,7.0,3,2,2,2,3,4,3.0,3.0,3.0,234,9.94542497625831,3
43,No,Travel_Frequently,Research & Development,26,1,Life Sciences,3231,Male,1,Laboratory Technician,Married,135490,3.0,11,2,7.0,3,2,2,2,3,3,4.0,4.0,3.0,229,7.093515283842795,3
34,No,Travel_Rarely,Research & Development,2,5,Technical Degree,3232,Male,2,Healthcare Representative,Single,49990,3.0,12,2,10.0,2,5,4,3,4,3,2.0,3.0,3.0,230,6.403804347826089,4
23,No,Travel_Rarely,Sales,13,3,Marketing,3233,Male,5,Sales Executive,Married,42210,1.0,11,1,5.0,4,4,0,2,3,3,2.0,1.0,4.0,229,7.827048762736532,3
39,No,Travel_Rarely,Sales,2,4,Marketing,3234,Female,4,Healthcare Representative,Married,138720,9.0,12,3,12.0,3,8,3,6,2,3,3.0,2.0,1.0,229,6.308489810771467,4
56,No,Travel_Rarely,Research & Development,2,4,Medical,3235,Male,1,Manager,Married,20420,7.0,12,0,30.0,6,10,1,1,3,3,3.0,4.0,2.0,242,7.119548898071626,3
40,No,Travel_Rarely,Sales,9,3,Marketing,3236,Male,2,Research Scientist,Single,20730,0.0,14,0,5.0,3,4,2,3,3,3,4.0,4.0,2.0,243,8.80456675811614,3
27,No,Travel_Rarely,Research & Development,10,3,Life Sciences,3237,Female,1,Laboratory Technician,Single,29560,8.0,13,0,9.0,6,7,0,7,3,3,4.0,1.0,1.0,230,7.4932306763284995,3
29,No,Travel_Rarely,Sales,20,3,Marketing,3238,Female,2,Manager,Divorced,29260,1.0,15,1,2.0,3,2,2,2,2,3,4.0,2.0,3.0,241,7.091451129552791,4
53,No,Travel_Rarely,Research & Development,9,3,Life Sciences,3239,Female,3,Laboratory Technician,Single,48090,2.0,18,0,19.0,2,2,2,2,3,3,4.0,4.0,3.0,236,6.28268479284369,3
35,No,Non-Travel,Research & Development,5,1,Medical,3240,Male,1,Healthcare Representative,Divorced,51630,2.0,18,2,16.0,4,1,0,0,3,3,4.0,1.0,4.0,231,7.127432659932662,3
32,No,Travel_Frequently,Sales,4,4,Life Sciences,3241,Male,2,Sales Executive,Married,188440,1.0,19,0,10.0,3,10,4,7,1,3,1.0,4.0,3.0,235,7.783390070921988,3
38,No,Travel_Rarely,Sales,10,3,Medical,3242,Male,4,Laboratory Technician,Married,181720,6.0,12,2,6.0,5,1,0,1,3,3,4.0,3.0,1.0,245,10.898861678004529,3
34,No,Travel_Rarely,Research & Development,20,3,Medical,3243,Female,3,Laboratory Technician,Divorced,57440,3.0,19,1,7.0,4,0,0,0,2,3,2.0,1.0,3.0,237,6.180956399437411,4
52,No,Travel_Rarely,Sales,21,5,Technical Degree,3244,Male,3,Manager,Married,28890,1.0,11,1,34.0,2,34,1,16,3,3,3.0,1.0,4.0,234,5.995623219373222,3
33,Yes,Travel_Rarely,Research & Development,1,2,Medical,3245,Male,3,Laboratory Technician,Single,28710,1.0,17,3,10.0,2,10,7,8,3,3,4.0,4.0,2.0,239,10.023396094839603,3
25,No,Travel_Rarely,Research & Development,8,3,Life Sciences,3246,Male,2,Research Scientist,Single,74840,1.0,15,0,6.0,3,6,1,4,3,3,3.0,4.0,2.0,243,7.70978395061728,4
45,No,Travel_Rarely,Sales,2,3,Life Sciences,3247,Male,3,Healthcare Representative,Single,60740,0.0,14,0,9.0,2,8,3,1,3,3,2.0,3.0,3.0,232,5.988954741379311,3
23,No,Travel_Rarely,Research & Development,23,1,Life Sciences,3248,Female,2,Research Scientist,Single,173280,1.0,17,1,2.0,2,2,0,2,1,3,1.0,3.0,3.0,243,8.017960676726105,3
47,Yes,Travel_Frequently,Research & Development,4,3,Life Sciences,3249,Male,1,Research Director,Single,27740,4.0,13,1,8.0,2,5,1,3,3,3,2.0,3.0,3.0,232,10.02877035440613,3
34,No,Travel_Rarely,Research & Development,12,3,Technical Degree,3250,Male,1,Research Scientist,Single,45050,1.0,12,0,6.0,3,6,1,4,3,3,4.0,4.0,3.0,240,7.766991898148149,3
55,Yes,Travel_Rarely,Human Resources,7,3,Human Resources,3251,Male,4,Laboratory Technician,Married,74280,5.0,12,0,24.0,2,5,1,4,3,3,4.0,1.0,3.0,234,8.032659069325733,3
36,No,Non-Travel,Research & Development,7,2,Life Sciences,3252,Male,5,Sales Executive,Single,116310,1.0,18,1,10.0,2,10,0,9,1,3,1.0,1.0,3.0,231,7.417550505050502,3
52,No,Non-Travel,Research & Development,1,4,Life Sciences,3253,Male,5,Sales Executive,Married,97380,0.0,18,2,5.0,2,4,1,2,3,3,4.0,4.0,3.0,243,7.197127343392773,3
26,No,Travel_Frequently,Research & Development,2,2,Life Sciences,3254,Male,1,Manufacturing Director,Divorced,28350,3.0,11,1,5.0,2,2,2,0,3,3,1.0,4.0,3.0,228,7.121989522417158,3
29,No,Travel_Rarely,Research & Development,10,2,Medical,3255,Male,3,Manufacturing Director,Married,169590,4.0,14,3,11.0,5,8,1,1,3,3,2.0,3.0,2.0,230,6.297399758454104,3
26,Yes,Travel_Rarely,Research & Development,15,2,Life Sciences,3256,Male,2,Laboratory Technician,Single,26130,6.0,19,1,6.0,2,4,1,2,3,3,4.0,1.0,2.0,229,6.15782993692382,3
34,No,Travel_Rarely,Research & Development,14,4,Technical Degree,3257,Male,2,Manufacturing Director,Single,61460,2.0,12,0,10.0,3,4,1,3,3,3,2.0,4.0,3.0,238,6.222678571428573,3
54,No,Travel_Rarely,Research & Development,18,4,Medical,3258,Female,2,Laboratory Technician,Divorced,49630,9.0,15,1,9.0,2,5,1,4,3,3,4.0,1.0,3.0,229,8.904882338670546,4
27,No,Travel_Frequently,Research & Development,13,2,Life Sciences,3259,Female,4,Research Scientist,Married,195370,0.0,12,0,5.0,5,4,1,1,3,3,3.0,4.0,3.0,235,6.8356371158392495,3
37,No,Travel_Rarely,Sales,2,4,Technical Degree,3260,Male,2,Manufacturing Director,Divorced,61720,0.0,11,0,6.0,1,5,4,3,3,3,4.0,1.0,2.0,241,9.532072383586904,3
38,No,Travel_Frequently,Sales,2,4,Life Sciences,3261,Female,2,Research Scientist,Single,23680,6.0,11,1,17.0,3,15,4,12,3,3,1.0,1.0,3.0,237,10.801050164088144,3
34,No,Travel_Rarely,Sales,2,3,Marketing,3262,Male,1,Sales Representative,Single,103120,1.0,12,0,6.0,2,6,1,3,3,3,3.0,1.0,3.0,241,6.855058782849233,3
35,No,Travel_Rarely,Research & Development,5,4,Medical,3263,Male,3,Manager,Married,16750,1.0,16,0,3.0,6,3,0,2,2,3,1.0,4.0,2.0,235,7.784760047281324,3
30,No,Travel_Rarely,Research & Development,20,3,Medical,3264,Male,1,Laboratory Technician,Married,25230,3.0,13,1,7.0,2,2,0,2,3,3,4.0,3.0,3.0,239,7.16063807531381,3
40,No,Travel_Frequently,Research & Development,10,4,Medical,3265,Male,2,Manufacturing Director,Married,65670,1.0,13,1,8.0,3,8,3,7,4,3,3.0,2.0,3.0,234,6.3608855650522305,3
34,No,Travel_Rarely,Research & Development,10,3,Life Sciences,3266,Male,3,Healthcare Representative,Married,47390,5.0,24,2,6.0,2,3,1,2,3,4,3.0,1.0,3.0,232,7.914244492337172,3
42,No,Travel_Frequently,Research & Development,9,4,Medical,3267,Male,1,Manufacturing Director,Divorced,92080,1.0,15,1,24.0,2,24,14,9,4,3,2.0,4.0,2.0,232,7.803479406130271,3
23,Yes,Travel_Rarely,Sales,2,3,Medical,3268,Female,4,Manufacturing Director,Married,45590,1.0,18,1,1.0,2,0,0,0,2,3,3.0,1.0,3.0,244,7.983474499089252,3
24,No,Non-Travel,Sales,1,5,Marketing,3269,Female,1,Manufacturing Director,Divorced,81890,1.0,14,1,1.0,3,1,0,0,3,3,3.0,2.0,3.0,238,6.813900560224087,3
52,No,Travel_Rarely,Research & Development,29,3,Life Sciences,3270,Male,2,Manufacturing Director,Married,29420,8.0,11,1,9.0,1,5,1,4,2,3,4.0,3.0,3.0,235,6.109673758865246,3
50,No,Travel_Rarely,Research & Development,8,4,Life Sciences,3271,Male,2,Sales Executive,Married,49410,5.0,11,1,30.0,3,4,0,3,1,3,3.0,3.0,3.0,229,6.421843765162541,3
29,Yes,Travel_Rarely,Sales,2,4,Marketing,3272,Female,4,Research Scientist,Married,106500,1.0,13,2,1.0,2,1,0,0,4,3,2.0,1.0,3.0,234,10.668609924026603,3
33,No,Travel_Rarely,Research & Development,3,4,Life Sciences,3273,Male,4,Manufacturing Director,Married,59020,0.0,12,1,14.0,2,13,3,7,3,3,3.0,3.0,4.0,231,7.0448027898027945,4
33,Yes,Travel_Rarely,Research & Development,23,5,Life Sciences,3274,Male,1,Human Resources,Single,86390,5.0,16,2,6.0,3,3,0,2,2,3,1.0,1.0,3.0,243,7.963464791952449,3
47,No,Travel_Rarely,Research & Development,6,4,Other,3275,Male,2,Manager,Married,63470,1.0,14,0,26.0,2,26,3,0,4,3,3.0,4.0,2.0,238,9.543667133520074,3
36,No,Travel_Rarely,Sales,6,3,Medical,3276,Female,2,Sales Executive,Married,42000,0.0,22,0,10.0,3,9,0,5,3,4,3.0,2.0,3.0,239,7.685820548582053,3
29,No,Travel_Rarely,Research & Development,10,3,Other,3277,Male,1,Research Scientist,Married,34520,1.0,11,0,10.0,3,10,0,7,2,3,3.0,3.0,3.0,230,7.6831859903381625,3
58,Yes,Travel_Rarely,Research & Development,24,3,Other,3278,Female,2,Research Scientist,Single,43170,7.0,17,0,40.0,2,31,13,8,3,3,4.0,2.0,3.0,232,8.926272749042143,3
35,No,Travel_Rarely,Sales,10,4,Marketing,3279,Female,1,Research Scientist,Single,26320,3.0,13,3,7.0,3,2,2,2,4,3,4.0,3.0,3.0,229,7.792069383794274,3
42,No,Travel_Rarely,Sales,15,1,Marketing,3280,Male,2,Laboratory Technician,Married,46680,9.0,18,2,8.0,2,4,0,2,3,3,4.0,4.0,3.0,240,10.508887731481487,3
28,Yes,Travel_Rarely,Research & Development,19,4,Medical,3281,Female,2,Sales Executive,Single,32040,6.0,16,1,5.0,4,2,2,1,2,3,3.0,3.0,2.0,241,6.249610419548182,3
36,No,Travel_Rarely,Research & Development,2,3,Life Sciences,3282,Male,2,Healthcare Representative,Married,27200,4.0,14,1,8.0,3,5,0,4,3,3,3.0,2.0,3.0,244,6.5906102003642975,3
32,No,Travel_Rarely,Research & Development,3,1,Medical,3283,Male,2,Manufacturing Director,Married,171810,1.0,14,0,14.0,2,14,6,8,2,3,3.0,3.0,3.0,236,7.996312382297551,4
40,No,Travel_Frequently,Sales,9,3,Marketing,3284,Male,3,Manufacturing Director,Single,22380,6.0,14,0,10.0,3,1,0,0,3,3,1.0,3.0,3.0,237,6.904626113455223,3
30,No,Travel_Rarely,Research & Development,7,3,Technical Degree,3285,Male,2,Research Director,Single,14830,5.0,13,0,12.0,3,0,0,0,3,3,3.0,4.0,2.0,239,9.370607856810782,4
45,No,Travel_Rarely,Research & Development,10,4,Life Sciences,3286,Male,1,Research Director,Single,56050,1.0,12,2,1.0,2,1,0,0,3,3,2.0,3.0,3.0,241,6.5988105117565725,3
42,No,Travel_Rarely,Research & Development,20,2,Medical,3287,Male,2,Sales Representative,Married,72950,1.0,15,0,10.0,3,9,7,8,3,3,2.0,2.0,2.0,234,7.6141322412155725,3
38,No,Travel_Frequently,Sales,4,3,Medical,3288,Male,2,Research Scientist,Divorced,23060,2.0,19,1,13.0,5,4,1,2,3,3,1.0,1.0,2.0,238,7.583628618113909,3
34,No,Travel_Frequently,Research & Development,7,4,Life Sciences,3289,Male,3,Laboratory Technician,Single,23480,1.0,14,1,6.0,3,5,1,3,3,3,3.0,4.0,3.0,242,6.900036730945826,3
49,Yes,Travel_Rarely,Sales,7,2,Life Sciences,3290,Female,2,Healthcare Representative,Married,89980,1.0,14,2,9.0,2,9,7,7,4,3,3.0,4.0,4.0,228,6.285461744639375,3
55,Yes,Travel_Rarely,Human Resources,16,3,Technical Degree,3291,Male,4,Manufacturing Director,Single,43190,4.0,11,0,12.0,3,9,7,3,4,3,3.0,4.0,2.0,227,6.378344346549192,3
43,No,Travel_Rarely,Research & Development,25,2,Medical,3292,Male,2,Healthcare Representative,Married,61320,6.0,13,0,22.0,3,4,1,0,2,3,2.0,1.0,3.0,243,7.298232738911754,3
27,No,Travel_Rarely,Sales,2,4,Medical,3293,Male,2,Manager,Divorced,33460,1.0,21,1,9.0,2,9,0,8,2,4,3.0,4.0,3.0,232,10.484794061302686,3
35,No,Travel_Rarely,Research & Development,1,3,Medical,3294,Male,1,Research Director,Single,108550,3.0,13,1,17.0,2,8,1,6,3,3,3.0,3.0,4.0,231,7.007824675324678,3
28,No,Travel_Rarely,Sales,1,2,Technical Degree,3295,Female,1,Sales Executive,Married,22310,1.0,12,0,8.0,3,8,7,5,2,3,2.0,2.0,3.0,231,9.899078884078888,3
34,No,Travel_Rarely,Sales,2,5,Life Sciences,3296,Male,4,Research Scientist,Married,23230,0.0,17,0,4.0,2,3,0,2,3,3,3.0,4.0,1.0,232,6.877794540229885,4
26,Yes,Travel_Frequently,Research & Development,22,4,Other,3297,Female,1,Sales Executive,Married,20240,1.0,23,0,8.0,2,8,1,7,3,4,3.0,3.0,3.0,231,8.024657287157291,3
27,No,Non-Travel,Sales,1,3,Technical Degree,3298,Female,1,Sales Executive,Married,27130,1.0,11,0,0.0,2,0,0,0,3,3,4.0,4.0,2.0,232,7.299756944444447,3
51,No,Travel_Rarely,Sales,16,3,Medical,3299,Male,3,Research Scientist,Married,94390,2.0,15,3,29.0,0,20,4,17,3,3,1.0,3.0,2.0,237,6.11052977027661,3
44,No,Travel_Rarely,Sales,24,5,Medical,3300,Female,1,Sales Executive,Single,25660,9.0,11,1,10.0,3,5,2,3,3,3,4.0,2.0,2.0,235,6.288274231678484,3
25,No,Travel_Rarely,Research & Development,17,3,Medical,3301,Male,1,Laboratory Technician,Single,199260,7.0,11,3,6.0,5,4,0,1,4,3,1.0,1.0,2.0,237,6.39866619784341,3
33,No,Travel_Rarely,Research & Development,8,4,Life Sciences,3302,Male,3,Laboratory Technician,Divorced,24510,1.0,13,1,9.0,3,9,0,8,2,3,1.0,1.0,3.0,235,5.992264775413713,3
35,No,Travel_Rarely,Sales,6,4,Medical,3303,Female,2,Manager,Single,94190,1.0,24,1,6.0,5,6,1,1,2,4,3.0,1.0,2.0,230,6.915613526570049,3
36,No,Travel_Rarely,Sales,10,4,Marketing,3304,Male,3,Manager,Married,86860,1.0,13,0,18.0,2,18,4,11,3,3,2.0,4.0,2.0,234,9.690696818613489,3
32,No,Travel_Rarely,Research & Development,3,4,Medical,3305,Female,4,Sales Executive,Divorced,30380,2.0,20,0,8.0,3,5,0,3,3,4,2.0,4.0,2.0,241,7.82750922083909,3
30,No,Travel_Frequently,Research & Development,4,5,Medical,3306,Male,5,Sales Representative,Divorced,30580,9.0,14,1,10.0,2,5,0,3,3,3,2.0,4.0,2.0,229,6.400223192624936,3
53,No,Travel_Rarely,Sales,6,3,Marketing,3307,Male,4,Sales Executive,Married,23250,7.0,18,1,35.0,1,5,0,4,4,3,1.0,4.0,3.0,247,10.413876518218627,3
45,No,Travel_Rarely,Research & Development,1,5,Technical Degree,3308,Male,2,Healthcare Representative,Divorced,20880,4.0,15,3,18.0,2,5,0,2,3,3,4.0,1.0,3.0,240,8.501261574074073,3
32,No,Travel_Rarely,Sales,10,3,Marketing,3309,Female,1,Human Resources,Married,30720,5.0,12,0,9.0,4,5,1,3,1,3,3.0,3.0,2.0,226,6.597560226155357,3
52,No,Travel_Frequently,Research & Development,1,1,Life Sciences,3310,Male,2,Laboratory Technician,Married,50060,3.0,16,1,31.0,2,9,0,0,3,3,3.0,4.0,3.0,236,7.587263418079104,4
37,No,Travel_Rarely,Sales,24,2,Life Sciences,3311,Female,4,Laboratory Technician,Divorced,42570,4.0,15,0,9.0,2,1,0,0,3,3,4.0,3.0,3.0,234,6.080773979107313,3
28,No,Travel_Rarely,Research & Development,21,4,Life Sciences,3312,Female,1,Healthcare Representative,Divorced,25000,1.0,16,2,6.0,3,5,0,4,3,3,2.0,4.0,3.0,228,6.343983918128658,3
22,No,Travel_Rarely,Research & Development,2,2,Life Sciences,3313,Male,1,Sales Representative,Married,11020,6.0,19,0,4.0,3,2,2,2,2,3,4.0,4.0,1.0,244,6.5201775956284145,3
44,No,Travel_Rarely,Research & Development,22,3,Medical,3314,Female,1,Laboratory Technician,Married,104530,2.0,11,1,10.0,2,3,0,2,3,3,1.0,4.0,2.0,247,10.969163292847501,3
42,No,Travel_Frequently,Sales,13,4,Life Sciences,3315,Female,2,Laboratory Technician,Single,22880,5.0,16,1,8.0,4,2,2,2,2,3,2.0,4.0,3.0,241,7.997912632549558,3
36,No,Travel_Rarely,Research & Development,14,3,Other,3316,Male,2,Research Scientist,Married,39290,0.0,24,0,6.0,6,5,0,3,2,4,1.0,1.0,3.0,238,7.627617880485533,3
25,No,Travel_Rarely,Sales,11,3,Life Sciences,3317,Female,1,Laboratory Technician,Married,23110,1.0,11,1,5.0,2,5,0,3,3,3,3.0,1.0,3.0,245,10.406759637188204,3
35,No,Travel_Rarely,Research & Development,9,2,Life Sciences,3318,Female,1,Healthcare Representative,Married,31400,1.0,13,1,17.0,2,17,5,15,2,3,4.0,3.0,3.0,238,8.78671918767507,3
35,Yes,Travel_Frequently,Sales,8,2,Marketing,3319,Female,1,Laboratory Technician,Divorced,36900,1.0,13,1,10.0,2,10,7,8,4,3,4.0,2.0,2.0,243,9.962005029721077,3
32,No,Non-Travel,Research & Development,21,3,Life Sciences,3320,Male,1,Sales Executive,Divorced,44500,0.0,13,0,4.0,3,3,0,2,3,3,4.0,4.0,3.0,236,7.890476694915258,3
25,No,Travel_Rarely,Sales,5,3,Marketing,3321,Female,4,Research Scientist,Married,27560,1.0,12,2,5.0,2,5,0,3,3,3,3.0,1.0,4.0,228,7.807816764132551,3
49,No,Travel_Rarely,Sales,9,3,Technical Degree,3322,Female,2,Sales Representative,Married,190330,2.0,18,1,7.0,5,4,0,2,3,3,3.0,1.0,3.0,232,7.488967911877396,3
24,No,Non-Travel,Research & Development,2,5,Technical Degree,3323,Male,2,Healthcare Representative,Married,187220,0.0,22,1,6.0,3,5,3,4,3,4,1.0,4.0,2.0,229,7.586379184861721,3
32,No,Travel_Frequently,Research & Development,12,5,Medical,3324,Male,1,Research Scientist,Married,95470,1.0,13,1,10.0,3,10,5,3,2,3,2.0,2.0,3.0,244,6.822150500910748,3
38,No,Travel_Rarely,Sales,22,2,Medical,3325,Male,1,Sales Executive,Married,137340,0.0,13,0,3.0,3,2,1,2,4,3,2.0,2.0,3.0,238,7.005576563958923,3
42,No,Travel_Rarely,Research & Development,18,1,Technical Degree,3326,Female,2,Research Scientist,Married,199990,2.0,23,1,17.0,6,5,1,3,3,4,3.0,4.0,2.0,229,9.61358806404658,3
31,No,Travel_Rarely,Research & Development,16,3,Life Sciences,3327,Female,3,Sales Executive,Married,22790,3.0,12,1,8.0,3,6,0,2,3,3,4.0,4.0,3.0,233,10.09712446351932,3
29,Yes,Travel_Rarely,Sales,3,3,Marketing,3328,Male,3,Laboratory Technician,Divorced,59160,6.0,12,0,5.0,2,3,0,2,3,3,2.0,3.0,3.0,235,9.37634633569741,3
53,No,Travel_Rarely,Research & Development,9,3,Life Sciences,3329,Male,1,Sales Representative,Married,20890,5.0,16,0,28.0,2,2,2,2,2,3,1.0,4.0,3.0,232,6.390003591954024,3
35,No,Travel_Rarely,Research & Development,1,3,Life Sciences,3330,Male,3,Healthcare Representative,Married,167920,3.0,12,1,16.0,3,13,4,8,4,3,4.0,2.0,3.0,236,7.074260828625241,3
37,No,Travel_Frequently,Research & Development,13,4,Life Sciences,3331,Female,3,Human Resources,Married,35640,5.0,11,0,10.0,1,5,0,0,1,3,3.0,4.0,3.0,243,7.37062528577961,3
53,No,Travel_Rarely,Research & Development,1,1,Medical,3332,Male,1,Sales Executive,Single,44250,6.0,22,1,33.0,2,12,3,8,4,4,4.0,4.0,3.0,239,6.700677591817756,3
43,No,Travel_Frequently,Research & Development,1,3,Medical,3333,Male,1,Laboratory Technician,Married,52650,4.0,11,1,12.0,4,5,2,2,3,3,4.0,4.0,2.0,229,7.623434012615232,3
47,No,Travel_Rarely,Sales,15,4,Marketing,3334,Female,3,Research Director,Married,65530,0.0,15,0,8.0,2,7,7,7,3,3,3.0,4.0,3.0,241,10.684698017519594,3
37,No,Non-Travel,Research & Development,1,5,Medical,3335,Female,2,Research Scientist,Single,62610,1.0,12,0,10.0,1,10,0,9,3,3,1.0,2.0,3.0,241,8.351735822959894,3
50,No,Non-Travel,Research & Development,17,3,Medical,3336,Female,1,Laboratory Technician,Divorced,42980,1.0,20,1,31.0,6,31,14,7,3,4,1.0,1.0,3.0,240,6.632049768518513,3
39,No,Travel_Rarely,Research & Development,1,3,Other,3337,Female,3,Human Resources,Married,68040,8.0,14,1,13.0,3,5,0,4,2,3,4.0,4.0,3.0,231,6.913459595959595,3
33,No,Travel_Rarely,Sales,7,3,Life Sciences,3338,Male,2,Manufacturing Director,Divorced,38150,3.0,11,1,7.0,3,4,0,3,3,3,4.0,2.0,4.0,238,9.403011204481793,3
32,Yes,Travel_Rarely,Research & Development,9,1,Medical,3339,Female,1,Laboratory Technician,Single,27410,1.0,15,1,1.0,5,1,0,1,2,3,1.0,4.0,1.0,246,10.006964769647695,3
29,No,Travel_Rarely,Research & Development,5,4,Life Sciences,3340,Female,4,Healthcare Representative,Divorced,66730,6.0,12,1,8.0,2,4,0,3,4,3,1.0,4.0,3.0,242,6.388003902662991,3
44,No,Travel_Rarely,Research & Development,26,2,Life Sciences,3341,Male,2,Manufacturing Director,Married,76390,1.0,14,0,8.0,6,8,7,1,3,3,2.0,1.0,3.0,229,9.783470402717127,3
28,No,Travel_Rarely,Sales,24,5,Life Sciences,3342,Female,1,Research Scientist,Single,23280,1.0,11,2,4.0,3,4,0,2,3,3,1.0,4.0,3.0,230,6.395218599033815,3
58,Yes,Travel_Frequently,Sales,9,2,Technical Degree,3343,Male,1,Sales Executive,Divorced,21530,9.0,11,0,3.0,3,1,0,0,3,3,4.0,4.0,2.0,243,10.47176268861454,3
43,No,Travel_Rarely,Sales,7,4,Marketing,3344,Male,2,Sales Executive,Divorced,48760,4.0,16,2,4.0,4,1,0,0,3,3,1.0,2.0,4.0,232,6.5975850095785455,4
20,Yes,Travel_Rarely,Research & Development,11,3,Medical,3345,Male,2,Sales Executive,Single,93960,1.0,12,0,2.0,6,2,0,2,1,3,3.0,3.0,2.0,233,7.086974248927038,6
21,Yes,Travel_Rarely,Research & Development,1,3,Medical,3346,Male,2,Sales Executive,Single,104000,1.0,13,1,1.0,2,1,0,0,3,3,4.0,4.0,2.0,241,7.891711618257259,3
36,No,Travel_Rarely,Research & Development,26,4,Medical,3347,Male,1,Laboratory Technician,Married,84740,0.0,14,0,17.0,3,16,4,11,3,3,3.0,4.0,2.0,247,10.330182186234813,3
47,No,Travel_Rarely,Research & Development,2,3,Life Sciences,3348,Male,2,Manufacturing Director,Single,99810,1.0,21,1,3.0,3,3,1,2,3,4,4.0,4.0,2.0,243,8.500371513488801,3
22,Yes,Travel_Rarely,Research & Development,15,4,Life Sciences,3349,Female,1,Laboratory Technician,Married,124900,0.0,13,0,4.0,3,3,0,2,3,3,2.0,3.0,4.0,231,9.8010101010101,3
41,Yes,Travel_Rarely,Research & Development,23,3,Life Sciences,3350,Female,2,Sales Executive,Divorced,26570,4.0,11,0,10.0,3,7,1,0,4,3,2.0,4.0,2.0,234,10.401733143399813,3
28,No,Travel_Rarely,Research & Development,10,3,Life Sciences,3351,Female,3,Manager,Divorced,135910,5.0,20,1,6.0,2,2,2,2,3,4,3.0,3.0,3.0,237,7.703818565400844,3
39,Yes,Travel_Rarely,Research & Development,10,4,Life Sciences,3352,Female,4,Human Resources,Married,66960,7.0,11,0,8.0,3,2,2,2,3,3,4.0,1.0,1.0,234,10.70807929724596,4
27,No,Travel_Rarely,Research & Development,1,3,Medical,3353,Male,1,Research Scientist,Single,20580,1.0,14,1,1.0,5,1,0,0,3,3,2.0,3.0,3.0,235,7.710114657210404,3
34,No,Travel_Rarely,Research & Development,12,2,Technical Degree,3354,Male,2,Human Resources,Divorced,88650,1.0,11,1,1.0,0,1,1,0,3,3,2.0,2.0,3.0,245,7.693657596371878,3
42,No,Travel_Rarely,Sales,11,1,Technical Degree,3355,Male,2,Human Resources,Single,59400,7.0,16,0,10.0,2,5,0,3,2,3,3.0,3.0,3.0,226,6.924135939036388,5
33,No,Travel_Rarely,Sales,2,3,Marketing,3356,Female,1,Sales Executive,Single,59140,3.0,16,1,6.0,4,3,0,2,3,3,3.0,1.0,3.0,236,10.556096986817328,3
58,No,Travel_Rarely,Research & Development,2,4,Life Sciences,3357,Male,1,Research Scientist,Divorced,26220,2.0,23,0,24.0,3,6,0,4,3,4,3.0,2.0,3.0,237,8.330816924519459,3
31,No,Travel_Rarely,Sales,1,3,Life Sciences,3358,Female,1,Sales Representative,Married,121850,3.0,14,0,13.0,2,7,5,2,3,3,2.0,3.0,4.0,241,6.079077916090366,3
35,No,Travel_Rarely,Research & Development,2,1,Life Sciences,3359,Male,3,Healthcare Representative,Married,106090,1.0,22,0,10.0,3,10,0,7,3,4,4.0,4.0,1.0,239,10.389594374709436,3
49,No,Travel_Rarely,Research & Development,25,2,Life Sciences,3360,Female,2,Sales Executive,Married,43450,4.0,15,0,29.0,3,26,1,7,2,3,1.0,2.0,2.0,242,7.004710743801658,3
48,No,Travel_Rarely,Research & Development,1,4,Medical,3361,Male,1,Research Scientist,Married,21770,4.0,18,0,13.0,4,0,0,0,3,3,4.0,3.0,2.0,238,6.721184640522876,3
31,No,Non-Travel,Research & Development,1,2,Technical Degree,3362,Female,2,Sales Executive,Married,27930,1.0,16,0,9.0,4,9,0,0,3,3,4.0,3.0,2.0,233,7.059256080114447,3
36,No,Travel_Rarely,Human Resources,2,4,Technical Degree,3363,Male,1,Sales Executive,Single,79180,2.0,12,2,8.0,3,6,0,1,2,3,2.0,4.0,3.0,230,6.510334541062802,4
38,No,Travel_Rarely,Sales,6,3,Other,3364,Male,2,Sales Executive,Married,87890,1.0,11,3,15.0,4,15,5,11,3,3,4.0,1.0,3.0,231,7.084607984607986,3
32,No,Non-Travel,Sales,18,3,Marketing,3365,Male,1,Laboratory Technician,Married,23890,6.0,12,1,5.0,4,3,0,2,2,3,3.0,2.0,3.0,243,7.071233424782808,3
25,Yes,Travel_Rarely,Research & Development,1,2,Life Sciences,3366,Male,1,Sales Executive,Married,32120,1.0,15,1,1.0,3,1,0,0,2,3,3.0,2.0,3.0,241,8.867931074227755,3
40,No,Travel_Rarely,Research & Development,1,4,Medical,3367,Male,2,Research Scientist,Divorced,192320,2.0,14,1,11.0,3,1,0,0,3,3,1.0,2.0,2.0,231,6.112561327561332,3
26,No,Travel_Frequently,Sales,11,3,Marketing,3368,Male,2,Healthcare Representative,Single,22670,1.0,19,3,7.0,2,7,0,7,2,3,3.0,1.0,3.0,245,7.581857142857136,3
41,No,Travel_Rarely,Research & Development,1,4,Medical,3369,Male,1,Research Scientist,Single,195170,2.0,13,0,20.0,5,18,2,17,3,3,4.0,1.0,3.0,242,10.652649219467394,3
36,No,Travel_Rarely,Research & Development,9,3,Life Sciences,3370,Female,2,Healthcare Representative,Single,24360,4.0,13,0,16.0,3,11,3,9,1,3,3.0,3.0,3.0,242,7.097545913682285,3
19,Yes,Travel_Rarely,Research & Development,15,3,Life Sciences,3371,Male,2,Research Scientist,Single,160640,1.0,15,1,1.0,3,1,0,0,3,3,4.0,2.0,4.0,244,10.619414845173038,3
20,Yes,Travel_Rarely,Research & Development,29,3,Life Sciences,3372,Female,3,Laboratory Technician,Single,27070,1.0,11,0,1.0,2,1,0,0,3,3,1.0,1.0,3.0,237,6.091235349273325,4
31,No,Travel_Rarely,Research & Development,1,4,Life Sciences,3373,Male,4,Research Director,Married,190680,0.0,12,0,10.0,1,9,8,5,3,3,4.0,4.0,1.0,228,8.301600877192978,3
40,No,Travel_Frequently,Sales,1,3,Marketing,3374,Male,1,Research Scientist,Divorced,39310,8.0,19,0,3.0,2,1,0,0,2,3,4.0,2.0,3.0,240,8.097030092592595,4
32,No,Travel_Rarely,Research & Development,24,3,Life Sciences,3375,Male,4,Laboratory Technician,Married,37300,1.0,25,1,8.0,4,8,6,3,3,4,3.0,1.0,4.0,240,7.913620370370368,3
36,Yes,Travel_Rarely,Research & Development,10,3,Medical,3376,Male,3,Sales Executive,Married,22320,1.0,12,1,16.0,2,16,3,7,3,3,3.0,4.0,3.0,243,9.800581847279377,3
33,No,Travel_Rarely,Research & Development,1,4,Medical,3377,Female,4,Manufacturing Director,Single,44650,0.0,13,0,6.0,3,5,1,4,3,3,2.0,4.0,3.0,242,6.01722222222222,3
37,Yes,Travel_Rarely,Sales,10,4,Marketing,3378,Female,3,Human Resources,Married,30720,5.0,14,0,17.0,3,14,11,7,2,3,1.0,3.0,1.0,233,6.330157367668098,3
45,No,Non-Travel,Research & Development,8,1,Life Sciences,3379,Male,2,Sales Executive,Married,33190,1.0,12,1,9.0,3,9,0,8,3,3,3.0,2.0,2.0,234,6.322636514719848,3
29,No,Travel_Frequently,Research & Development,29,1,Life Sciences,3380,Male,1,Sales Representative,Married,192020,1.0,12,0,3.0,5,3,0,2,3,3,3.0,4.0,3.0,243,7.602417695473252,3
35,No,Travel_Rarely,Human Resources,1,3,Human Resources,3381,Male,3,Laboratory Technician,Married,136750,1.0,15,3,5.0,5,5,1,0,2,3,3.0,3.0,3.0,229,6.378281174187288,3
52,No,Travel_Rarely,Research & Development,5,4,Other,3382,Male,1,Laboratory Technician,Married,29110,2.0,17,2,26.0,3,9,7,8,3,3,4.0,4.0,2.0,226,6.978609882005897,3
58,Yes,Travel_Rarely,Sales,9,2,Medical,3383,Female,4,Sales Executive,Single,59570,4.0,14,1,7.0,2,1,0,0,1,3,4.0,3.0,3.0,230,7.4699178743961365,3
53,No,Travel_Rarely,Research & Development,9,3,Technical Degree,3384,Male,1,Manager,Divorced,39200,6.0,16,1,22.0,3,17,15,2,3,3,3.0,3.0,4.0,238,6.521732026143789,3
30,No,Travel_Rarely,Sales,3,4,Marketing,3385,Male,1,Sales Executive,Divorced,64340,5.0,14,1,10.0,3,8,7,7,2,3,3.0,3.0,4.0,231,8.005221260221264,3
38,No,Non-Travel,Sales,4,3,Life Sciences,3386,Male,2,Research Director,Single,100480,1.0,23,1,6.0,2,5,1,3,3,4,3.0,4.0,3.0,233,8.082911301859795,3
35,No,Travel_Rarely,Sales,1,2,Life Sciences,3387,Female,2,Healthcare Representative,Divorced,109380,6.0,14,2,12.0,2,10,0,8,1,3,4.0,4.0,3.0,237,7.335469995311771,3
39,No,Travel_Rarely,Sales,1,1,Marketing,3388,Male,2,Research Scientist,Single,23400,0.0,11,1,9.0,2,8,0,7,2,3,3.0,3.0,3.0,230,6.500826086956521,3
40,Yes,Non-Travel,Research & Development,2,4,Life Sciences,3389,Male,1,Human Resources,Single,65450,4.0,15,0,22.0,2,1,0,0,3,3,2.0,2.0,2.0,240,9.510643518518517,3
47,No,Travel_Frequently,Research & Development,7,4,Life Sciences,3390,Male,3,Sales Executive,Divorced,69310,1.0,11,0,20.0,3,19,2,7,3,3,3.0,3.0,4.0,245,10.07904988662132,3
36,No,Non-Travel,Sales,28,1,Life Sciences,3391,Male,2,Research Scientist,Divorced,48980,4.0,13,1,12.0,3,7,0,7,3,3,1.0,4.0,3.0,228,6.825506822612085,3
31,Yes,Non-Travel,Research & Development,28,4,Medical,3392,Male,2,Research Scientist,Single,25930,0.0,21,0,4.0,2,3,1,2,3,4,3.0,1.0,3.0,245,8.197324263038553,3
33,No,Non-Travel,Sales,15,3,Other,3393,Male,4,Research Director,Single,194360,1.0,19,2,10.0,4,10,6,0,3,3,4.0,3.0,3.0,233,7.882856461611831,3
29,Yes,Travel_Rarely,Human Resources,3,5,Life Sciences,3394,Male,1,Sales Executive,Single,27230,6.0,11,1,3.0,2,0,0,0,2,3,4.0,1.0,3.0,239,10.325031380753142,3
33,No,Travel_Rarely,Research & Development,2,2,Technical Degree,3395,Male,2,Laboratory Technician,Single,34790,3.0,12,0,5.0,3,3,0,2,3,3,2.0,4.0,3.0,229,7.481684861717606,3
45,No,Travel_Rarely,Research & Development,26,1,Medical,3396,Female,3,Healthcare Representative,Divorced,27940,3.0,19,1,8.0,2,5,0,2,3,3,4.0,4.0,3.0,244,7.010718351548269,3
50,No,Travel_Rarely,Sales,10,1,Life Sciences,3397,Female,1,Manufacturing Director,Divorced,52490,9.0,21,2,32.0,2,5,1,3,2,4,4.0,4.0,2.0,241,7.387503457814658,3
33,No,Travel_Frequently,Sales,1,3,Marketing,3398,Male,2,Human Resources,Married,21760,1.0,14,1,6.0,2,6,1,2,2,3,3.0,2.0,3.0,237,8.979737458977969,3
41,No,Travel_Frequently,Sales,11,3,Other,3399,Male,1,Laboratory Technician,Divorced,168720,2.0,15,1,21.0,2,18,0,11,3,3,1.0,3.0,4.0,243,7.864643347050757,4
27,No,Travel_Rarely,Research & Development,20,4,Other,3400,Male,2,Manufacturing Director,Married,34850,9.0,17,2,4.0,2,2,2,2,3,3,3.0,2.0,3.0,243,7.09889460448103,3
45,No,Non-Travel,Sales,2,3,Medical,3401,Female,1,Sales Executive,Married,66440,1.0,12,0,9.0,3,9,0,8,4,3,4.0,1.0,3.0,242,8.706717171717175,3
47,No,Travel_Rarely,Sales,18,4,Medical,3402,Female,2,Research Scientist,Single,55820,1.0,16,0,9.0,3,9,0,7,3,3,4.0,4.0,3.0,241,8.010337713231902,3
30,Yes,Travel_Rarely,Sales,2,3,Life Sciences,3403,Male,2,Healthcare Representative,Married,40000,4.0,12,0,7.0,5,5,0,1,2,3,1.0,3.0,3.0,234,10.491258309591643,3
50,No,Travel_Rarely,Research & Development,1,3,Technical Degree,3404,Female,2,Sales Executive,Married,134960,3.0,18,1,22.0,3,12,1,5,3,3,4.0,3.0,3.0,233,9.487657367668103,3
38,No,Travel_Frequently,Research & Development,13,3,Technical Degree,3405,Male,1,Manufacturing Director,Married,32100,0.0,17,2,3.0,5,2,0,2,2,3,3.0,3.0,2.0,233,7.685276585598483,3
46,No,Travel_Rarely,Research & Development,28,3,Medical,3406,Female,3,Human Resources,Divorced,190450,6.0,11,3,13.0,2,8,0,7,3,3,4.0,3.0,3.0,242,6.92137741046832,3
24,No,Travel_Rarely,Sales,28,3,Life Sciences,3407,Female,1,Healthcare Representative,Divorced,118490,1.0,16,1,5.0,3,4,3,2,3,3,4.0,3.0,3.0,231,6.5859908609908615,4
35,Yes,Travel_Rarely,Sales,24,3,Medical,3408,Male,3,Healthcare Representative,Divorced,20700,1.0,13,3,5.0,1,4,0,2,2,3,3.0,2.0,1.0,239,9.32121455137146,3
31,No,Travel_Frequently,Research & Development,5,2,Technical Degree,3409,Male,2,Sales Executive,Married,65020,1.0,12,0,4.0,3,4,0,3,3,3,3.0,1.0,3.0,241,6.309143614568926,3
18,No,Non-Travel,Sales,5,4,Other,3410,Male,2,Manager,Single,32300,1.0,12,1,0.0,3,0,0,0,3,3,2.0,4.0,3.0,237,6.325607126113457,4
54,No,Travel_Rarely,Sales,23,3,Medical,3411,Female,1,Laboratory Technician,Married,136030,8.0,13,1,22.0,2,10,0,8,3,3,3.0,3.0,3.0,227,6.599765051395009,4
35,No,Travel_Rarely,Research & Development,6,4,Medical,3412,Female,1,Manufacturing Director,Divorced,119960,1.0,19,2,16.0,3,16,10,1,3,3,3.0,3.0,2.0,231,9.599074074074071,3
30,No,Travel_Rarely,Research & Development,4,3,Life Sciences,3413,Female,5,Healthcare Representative,Married,56050,0.0,12,1,9.0,0,8,1,7,2,3,2.0,1.0,2.0,236,10.12023422787194,4
20,Yes,Travel_Rarely,Research & Development,2,2,Life Sciences,3414,Female,2,Research Scientist,Single,63970,1.0,17,1,1.0,3,1,0,0,3,3,4.0,1.0,3.0,232,8.318101053639847,3
30,Yes,Travel_Frequently,Research & Development,8,4,Medical,3415,Male,1,Sales Executive,Single,191440,0.0,11,0,4.0,3,3,1,2,3,3,2.0,2.0,3.0,244,7.5866985428051015,3
26,No,Travel_Rarely,Sales,1,3,Marketing,3416,Female,2,Research Scientist,Married,175840,1.0,20,0,8.0,2,8,1,3,3,4,4.0,4.0,3.0,242,7.900064279155191,3
22,No,Travel_Rarely,Research & Development,8,3,Other,3417,Male,2,Sales Representative,Married,49070,1.0,21,1,4.0,2,4,1,1,3,4,2.0,1.0,2.0,242,7.311087006427918,3
48,No,Travel_Rarely,Human Resources,2,4,Medical,3418,Male,2,Sales Executive,Single,45540,2.0,11,2,19.0,3,2,2,2,3,3,1.0,3.0,3.0,243,8.020512117055322,3
48,No,Travel_Rarely,Sales,3,3,Medical,3419,Male,1,Research Director,Single,54150,7.0,11,1,27.0,1,15,4,8,3,3,3.0,3.0,3.0,226,6.495245821042282,3
41,No,Travel_Rarely,Research & Development,2,3,Life Sciences,3420,Male,2,Research Scientist,Single,47410,6.0,16,0,8.0,3,2,2,1,3,3,4.0,3.0,3.0,235,6.910598108747047,4
39,No,Travel_Rarely,Sales,2,3,Life Sciences,3421,Male,3,Human Resources,Married,21150,1.0,18,0,21.0,3,21,11,8,4,3,4.0,4.0,3.0,229,7.142438136826784,3
27,No,Travel_Rarely,Research & Development,3,3,Life Sciences,3422,Male,2,Human Resources,Married,31610,0.0,13,2,4.0,0,3,2,2,3,3,1.0,4.0,3.0,228,7.307331871345032,3
35,No,Travel_Rarely,Sales,24,3,Medical,3423,Male,5,Sales Executive,Divorced,57450,1.0,17,3,3.0,4,3,1,2,3,3,2.0,4.0,2.0,239,6.875793816829383,3
42,No,Travel_Rarely,Research & Development,23,4,Other,3424,Male,1,Research Scientist,Married,23730,6.0,14,1,21.0,3,1,0,0,4,3,4.0,3.0,4.0,232,8.011233237547891,5
50,No,Travel_Rarely,Sales,27,3,Medical,3425,Male,2,Sales Executive,Married,33100,4.0,22,1,8.0,3,1,0,0,4,4,1.0,4.0,3.0,236,6.232089218455745,3
59,No,Travel_Rarely,Research & Development,16,4,Medical,3426,Female,5,Laboratory Technician,Single,186650,3.0,12,0,30.0,3,5,4,3,2,3,3.0,4.0,3.0,234,10.12087725546059,3
37,Yes,Travel_Rarely,Sales,15,3,Marketing,3427,Male,2,Laboratory Technician,Married,44850,5.0,11,1,15.0,2,1,0,0,4,3,1.0,2.0,1.0,230,6.598324879227058,3
55,No,Travel_Frequently,Research & Development,26,2,Life Sciences,3428,Female,2,Sales Executive,Married,27890,3.0,13,1,17.0,2,8,6,7,2,3,3.0,2.0,3.0,235,8.596978723404261,3
41,No,Non-Travel,Research & Development,19,1,Life Sciences,3429,Male,2,Research Scientist,Divorced,58280,1.0,13,0,21.0,0,21,5,10,3,3,2.0,3.0,3.0,236,6.302667137476462,3
38,No,Travel_Rarely,Research & Development,24,2,Other,3430,Female,1,Laboratory Technician,Single,23260,8.0,14,0,19.0,3,1,0,0,4,3,2.0,4.0,3.0,235,8.40627304964539,4
26,Yes,Non-Travel,Research & Development,21,1,Life Sciences,3431,Female,1,Manufacturing Director,Single,135250,8.0,17,1,7.0,4,2,2,2,2,3,2.0,1.0,3.0,239,7.7080311483031165,3
52,Yes,Travel_Rarely,Research & Development,5,4,Medical,3432,Female,4,Human Resources,Married,14200,1.0,13,1,33.0,2,32,6,9,4,3,1.0,4.0,3.0,235,6.012140661938536,3
44,No,Travel_Rarely,Research & Development,16,3,Life Sciences,3433,Female,1,Healthcare Representative,Married,80200,3.0,11,1,23.0,2,12,11,11,3,3,4.0,4.0,3.0,246,10.903012646793131,3
50,No,Non-Travel,Human Resources,2,2,Life Sciences,3434,Male,1,Laboratory Technician,Married,36880,0.0,11,0,19.0,3,18,0,13,2,3,4.0,3.0,3.0,235,6.484585106382977,3
36,Yes,Travel_Rarely,Sales,2,4,Technical Degree,3435,Male,4,Sales Executive,Single,54820,1.0,18,0,18.0,3,17,15,14,3,3,3.0,1.0,3.0,244,7.800405282331513,3
39,No,Travel_Frequently,Sales,11,3,Marketing,3436,Male,1,Sales Executive,Single,160150,1.0,11,0,21.0,3,21,2,8,4,3,4.0,1.0,3.0,243,10.801917009602194,3
33,No,Non-Travel,Sales,9,2,Technical Degree,3437,Male,5,Sales Representative,Single,12000,0.0,11,1,3.0,3,2,2,2,3,3,2.0,4.0,2.0,239,7.580263830776381,3
45,No,Travel_Rarely,Research & Development,7,2,Other,3438,Male,1,Human Resources,Married,56610,3.0,12,0,26.0,2,9,1,1,2,3,4.0,4.0,4.0,240,7.386112268518518,3
32,No,Non-Travel,Research & Development,15,3,Medical,3439,Male,2,Manager,Single,69290,9.0,20,0,10.0,6,8,7,7,1,4,4.0,3.0,3.0,242,7.179573002754821,3
34,No,Travel_Rarely,Sales,6,4,Marketing,3440,Male,2,Research Director,Divorced,96130,0.0,12,1,16.0,5,15,0,9,2,3,2.0,4.0,2.0,234,7.107705365622033,3
59,No,Travel_Rarely,Research & Development,5,3,Life Sciences,3441,Male,2,Research Scientist,Married,56740,3.0,12,0,14.0,6,6,0,4,3,3,2.0,4.0,1.0,232,8.113466235632186,3
45,No,Travel_Rarely,Research & Development,16,1,Medical,3442,Male,2,Sales Executive,Single,54840,1.0,20,3,6.0,6,6,0,4,3,4,2.0,2.0,3.0,235,6.688949172576831,3
53,No,Travel_Frequently,Sales,8,2,Medical,3443,Male,2,Research Scientist,Married,120610,2.0,20,1,30.0,2,15,6,12,4,4,3.0,2.0,3.0,242,7.778898071625342,4
36,Yes,Travel_Rarely,Research & Development,7,2,Life Sciences,3444,Female,1,Research Scientist,Divorced,56600,7.0,12,0,9.0,3,1,0,0,3,3,1.0,3.0,2.0,232,6.073075909961685,3
26,Yes,Travel_Frequently,Sales,2,3,Life Sciences,3445,Male,2,Research Scientist,Married,48210,6.0,14,2,6.0,2,3,1,2,3,3,1.0,1.0,3.0,239,8.20377266387727,3
34,No,Travel_Rarely,Research & Development,2,2,Life Sciences,3446,Male,1,Sales Representative,Married,64100,1.0,13,1,1.0,5,1,0,0,2,3,3.0,3.0,3.0,235,9.214501182033102,3
28,No,Travel_Rarely,Research & Development,10,3,Other,3447,Male,2,Sales Representative,Married,52100,1.0,15,0,1.0,1,1,0,0,4,3,4.0,2.0,3.0,230,7.788128019323672,3
38,No,Travel_Frequently,Sales,9,4,Medical,3448,Male,2,Research Scientist,Married,26950,3.0,14,1,8.0,4,2,2,2,1,3,3.0,3.0,3.0,228,7.593654970760234,4
50,No,Travel_Rarely,Research & Development,5,4,Life Sciences,3449,Male,1,Sales Executive,Married,118780,2.0,13,1,29.0,2,8,7,7,3,3,2.0,3.0,2.0,239,9.583764528126451,3
37,No,Travel_Rarely,Research & Development,1,3,Life Sciences,3450,Male,1,Laboratory Technician,Single,170680,3.0,23,0,8.0,6,4,0,1,3,4,4.0,2.0,2.0,244,7.283771630236795,3
40,No,Travel_Rarely,Human Resources,2,3,Medical,3451,Male,5,Sales Executive,Married,24550,1.0,15,1,8.0,2,7,7,5,3,3,3.0,1.0,2.0,243,6.090655006858711,3
26,No,Travel_Frequently,Research & Development,3,3,Medical,3452,Male,2,Laboratory Technician,Divorced,139640,1.0,11,2,5.0,1,5,1,3,2,3,1.0,3.0,3.0,234,7.712686372269711,3
46,No,Travel_Rarely,Research & Development,2,1,Medical,3453,Female,3,Research Scientist,Divorced,49410,9.0,13,2,23.0,2,2,2,2,2,3,4.0,4.0,3.0,242,7.385222681359051,3
54,No,Travel_Rarely,Research & Development,5,3,Medical,3454,Female,2,Manufacturing Director,Married,24780,6.0,11,0,13.0,0,9,7,0,3,3,3.0,3.0,3.0,240,7.60615162037037,3
56,No,Travel_Frequently,Research & Development,1,2,Life Sciences,3455,Female,2,Manufacturing Director,Married,52280,2.0,11,0,18.0,4,5,0,3,3,3,1.0,3.0,3.0,236,6.920461393596987,3
36,No,Travel_Rarely,Research & Development,4,2,Life Sciences,3456,Female,2,Human Resources,Single,44780,0.0,18,1,15.0,3,14,7,8,3,3,4.0,4.0,2.0,232,6.633445881226054,3
55,No,Non-Travel,Research & Development,2,3,Medical,3457,Female,2,Manager,Single,75470,7.0,16,0,31.0,2,9,6,2,2,3,3.0,1.0,4.0,235,6.1019621749408985,3
43,No,Travel_Rarely,Sales,25,2,Life Sciences,3458,Male,3,Research Scientist,Divorced,50550,5.0,22,0,18.0,2,1,0,0,2,4,3.0,4.0,3.0,229,7.891980834546339,3
20,Yes,Travel_Frequently,Sales,8,3,Marketing,3459,Male,3,Sales Executive,Single,34640,1.0,20,0,2.0,3,2,0,2,2,4,4.0,4.0,3.0,232,9.083067528735631,3
21,Yes,Travel_Rarely,Research & Development,1,4,Life Sciences,3460,Male,1,Manager,Single,57750,1.0,18,0,1.0,2,1,1,0,3,3,3.0,1.0,2.0,238,6.597937675070028,3
46,No,Travel_Rarely,Sales,12,3,Marketing,3461,Female,3,Healthcare Representative,Divorced,89430,8.0,12,1,19.0,6,16,1,7,3,3,4.0,1.0,3.0,241,10.990522130013826,3
51,Yes,Travel_Rarely,Sales,23,3,Medical,3462,Female,2,Research Scientist,Married,192720,9.0,20,0,18.0,2,10,2,7,3,4,1.0,3.0,4.0,230,8.701324879227053,3
28,Yes,Non-Travel,Research & Development,19,4,Life Sciences,3463,Female,4,Laboratory Technician,Single,52380,1.0,17,1,10.0,4,10,1,9,2,3,2.0,1.0,2.0,233,7.378290414878396,3
26,No,Travel_Rarely,Research & Development,5,4,Medical,3464,Female,2,Sales Executive,Married,46820,1.0,11,1,6.0,3,5,1,3,1,3,1.0,1.0,3.0,230,7.516356280193239,3
30,No,Travel_Rarely,Research & Development,8,3,Medical,3465,Female,1,Sales Executive,Married,183000,0.0,14,0,7.0,6,6,0,2,3,3,3.0,1.0,2.0,241,6.194155140617796,3
41,No,Travel_Rarely,Sales,1,4,Life Sciences,3466,Female,1,Research Director,Married,52570,1.0,14,0,10.0,2,10,0,8,4,3,2.0,3.0,3.0,241,7.909695712309822,3
38,No,Travel_Rarely,Research & Development,5,3,Technical Degree,3467,Male,1,Sales Executive,Married,63490,0.0,11,0,20.0,3,19,1,9,3,3,3.0,3.0,2.0,229,7.317914847161575,3
40,No,Travel_Rarely,Sales,1,4,Marketing,3468,Male,1,Sales Executive,Married,48690,4.0,12,0,14.0,2,11,11,1,3,3,1.0,4.0,3.0,241,7.902443522360541,3
27,No,Non-Travel,Sales,11,3,Technical Degree,3469,Female,2,Laboratory Technician,Married,99850,1.0,14,1,3.0,3,3,1,2,2,3,1.0,3.0,3.0,236,7.992474105461393,4
55,No,Travel_Frequently,Research & Development,23,5,Life Sciences,3470,Male,3,Laboratory Technician,Married,36970,3.0,13,1,23.0,1,3,1,2,3,3,4.0,2.0,3.0,233,6.679911778731522,3
28,No,Travel_Rarely,Research & Development,1,3,Life Sciences,3471,Male,2,Healthcare Representative,Single,74570,3.0,11,2,10.0,1,8,1,7,4,3,3.0,3.0,4.0,237,6.563898265353957,3
44,Yes,Travel_Rarely,Research & Development,18,4,Life Sciences,3472,Female,2,Sales Executive,Married,21190,9.0,15,0,24.0,3,20,3,6,3,3,2.0,1.0,3.0,243,6.177514860539556,3
33,No,Travel_Rarely,Sales,23,4,Marketing,3473,Female,4,Sales Executive,Divorced,39830,4.0,12,0,9.0,3,3,1,2,3,3,4.0,4.0,3.0,238,6.365669934640525,3
35,Yes,Travel_Rarely,Sales,7,4,Life Sciences,3474,Male,3,Sales Representative,Single,61180,0.0,21,1,9.0,3,8,4,7,2,4,4.0,1.0,3.0,239,9.818430962343102,3
33,Yes,Travel_Frequently,Research & Development,1,2,Life Sciences,3475,Female,1,Sales Executive,Single,62140,1.0,19,2,14.0,3,13,3,8,3,3,1.0,3.0,3.0,241,7.775195942830798,3
28,No,Travel_Rarely,Human Resources,1,1,Human Resources,3476,Male,2,Research Scientist,Divorced,63470,1.0,15,1,4.0,2,4,2,2,3,3,1.0,3.0,2.0,237,6.728075480543836,3
34,No,Travel_Frequently,Sales,29,4,Marketing,3477,Male,1,Research Scientist,Single,115100,0.0,14,1,7.0,5,6,0,4,3,3,1.0,4.0,2.0,228,6.673016569200782,3
37,No,Travel_Rarely,Research & Development,7,4,Life Sciences,3478,Male,4,Sales Executive,Divorced,71430,2.0,21,0,8.0,6,1,0,0,2,4,4.0,4.0,3.0,237,10.622468354430385,3
25,Yes,Travel_Rarely,Human Resources,25,4,Human Resources,3479,Female,2,Research Scientist,Married,82680,1.0,12,0,7.0,3,7,5,6,2,3,4.0,4.0,4.0,241,10.940854080221298,3
26,Yes,Travel_Rarely,Sales,8,2,Marketing,3480,Male,2,Sales Executive,Divorced,80950,1.0,15,0,1.0,3,1,0,0,4,3,1.0,3.0,2.0,236,7.828946563088515,3
33,Yes,Travel_Rarely,Research & Development,8,2,Life Sciences,3481,Male,4,Manufacturing Director,Single,29040,4.0,13,0,5.0,2,2,2,2,3,3,1.0,2.0,3.0,246,10.199945799457996,3
42,No,Travel_Rarely,Research & Development,11,1,Life Sciences,3482,Male,4,Research Scientist,Married,60320,0.0,14,0,23.0,2,22,13,7,2,3,4.0,1.0,3.0,235,6.818579196217498,4
28,Yes,Travel_Frequently,Research & Development,7,3,Life Sciences,3483,Male,2,Manager,Divorced,29760,1.0,14,0,1.0,3,1,0,0,3,3,1.0,2.0,3.0,233,6.300432761087268,3
50,Yes,Travel_Frequently,Research & Development,1,4,Medical,3484,Male,2,Research Scientist,Single,159920,3.0,14,0,5.0,3,0,0,0,3,3,4.0,3.0,3.0,235,10.509589834515365,3
33,No,Travel_Frequently,Sales,9,3,Medical,3485,Female,2,Research Scientist,Married,46490,0.0,12,0,4.0,2,3,0,2,2,3,4.0,2.0,3.0,243,8.024171239140374,3
34,No,Non-Travel,Sales,1,1,Marketing,3486,Female,2,Research Director,Married,26960,3.0,23,0,6.0,3,0,0,0,3,4,3.0,4.0,3.0,240,7.084865740740741,3
48,No,Non-Travel,Sales,2,1,Life Sciences,3487,Male,2,Sales Executive,Single,23700,2.0,11,0,27.0,3,5,2,1,3,3,1.0,4.0,2.0,234,6.170675451092115,3
45,No,Non-Travel,Research & Development,1,3,Medical,3488,Female,2,Human Resources,Married,125040,1.0,12,1,15.0,2,15,4,12,3,3,2.0,3.0,3.0,229,6.009245511887438,3
52,No,Travel_Rarely,Sales,1,3,Life Sciences,3489,Male,1,Sales Executive,Single,59740,7.0,18,1,18.0,6,8,4,0,3,3,2.0,2.0,3.0,229,7.993881610868508,4
38,No,Travel_Rarely,Research & Development,6,2,Medical,3490,Male,1,Research Scientist,Divorced,47360,0.0,11,1,9.0,3,8,2,7,2,3,3.0,3.0,3.0,242,10.689997704315887,3
29,No,Travel_Rarely,Research & Development,8,3,Medical,3491,Female,4,Research Scientist,Divorced,52960,4.0,14,0,11.0,3,7,1,7,4,3,3.0,4.0,3.0,226,6.334150688298915,3
28,No,Travel_Rarely,Human Resources,1,3,Human Resources,3492,Female,4,Laboratory Technician,Divorced,67810,0.0,15,1,10.0,2,9,1,7,3,3,4.0,2.0,2.0,227,6.904346549192369,4
46,No,Travel_Rarely,Research & Development,6,4,Medical,3493,Male,3,Sales Executive,Married,21740,3.0,11,1,23.0,3,12,4,9,3,3,1.0,3.0,3.0,230,6.390338164251208,3
38,No,Travel_Rarely,Research & Development,7,4,Medical,3494,Male,1,Sales Executive,Single,66530,7.0,20,1,10.0,2,1,0,0,3,4,4.0,2.0,3.0,234,7.4058214624881264,3
43,No,Travel_Frequently,Research & Development,5,3,Medical,3495,Female,2,Laboratory Technician,Married,96990,8.0,19,1,18.0,3,8,0,1,3,3,3.0,1.0,3.0,229,7.083995633187774,3
39,Yes,Travel_Frequently,Sales,1,3,Marketing,3496,Male,2,Healthcare Representative,Divorced,67550,7.0,14,1,21.0,2,18,11,5,3,3,1.0,4.0,3.0,237,7.179473745897796,3
40,No,Travel_Rarely,Research & Development,1,1,Life Sciences,3497,Male,1,Healthcare Representative,Single,22130,1.0,17,0,21.0,4,20,4,9,3,3,3.0,3.0,4.0,230,6.024019323671497,4
21,No,Travel_Rarely,Research & Development,1,4,Life Sciences,3498,Female,1,Research Scientist,Single,26100,1.0,11,1,2.0,3,2,2,2,2,3,4.0,2.0,4.0,247,10.468798920377873,3
39,No,Non-Travel,Research & Development,6,3,Life Sciences,3499,Male,1,Laboratory Technician,Single,28510,9.0,15,0,9.0,2,5,0,3,3,3,3.0,2.0,2.0,229,6.192125181950509,3
36,No,Non-Travel,Research & Development,1,3,Medical,3500,Male,3,Sales Representative,Single,34520,2.0,13,3,18.0,4,11,0,9,4,3,1.0,4.0,3.0,237,7.197060478199716,3
31,No,Travel_Frequently,Research & Development,7,3,Life Sciences,3501,Male,1,Sales Executive,Married,52580,0.0,14,3,3.0,5,2,2,2,3,3,3.0,4.0,3.0,229,6.5951067442988816,3
28,No,Travel_Rarely,Sales,2,4,Marketing,3502,Male,1,Sales Executive,Married,93550,0.0,11,0,6.0,4,5,0,4,3,3,1.0,2.0,1.0,237,7.49343647444913,3
35,No,Travel_Frequently,Research & Development,9,2,Other,3503,Female,1,Manufacturing Director,Divorced,104960,1.0,13,1,5.0,2,5,0,2,3,3,4.0,4.0,3.0,227,6.617957660303474,3
49,No,Travel_Rarely,Sales,2,2,Medical,3504,Female,1,Sales Executive,Married,63800,6.0,23,1,22.0,1,9,2,3,2,4,4.0,2.0,3.0,238,7.224192343604107,3
34,No,Travel_Frequently,Sales,9,1,Technical Degree,3505,Male,2,Sales Executive,Single,26570,2.0,13,1,5.0,3,3,0,2,2,3,4.0,3.0,2.0,235,7.982483451536651,5
29,No,Travel_Frequently,Research & Development,1,4,Medical,3506,Male,3,Research Scientist,Divorced,27160,0.0,18,0,8.0,2,7,1,1,1,3,4.0,2.0,2.0,233,7.09174773485932,3
42,No,Travel_Rarely,Sales,21,2,Life Sciences,3507,Female,1,Healthcare Representative,Single,22010,4.0,12,1,16.0,3,1,0,0,4,3,2.0,4.0,3.0,227,7.204237640724423,4
29,No,Travel_Rarely,Sales,4,2,Other,3508,Female,2,Healthcare Representative,Married,65400,1.0,22,0,10.0,2,10,1,2,1,4,2.0,4.0,2.0,244,10.900306238615654,3
38,No,Travel_Rarely,Research & Development,1,3,Medical,3509,Female,1,Human Resources,Married,38160,1.0,13,2,7.0,2,7,5,0,2,3,3.0,3.0,4.0,234,6.495622032288701,3
28,No,Travel_Frequently,Sales,6,4,Life Sciences,3510,Male,1,Manager,Divorced,52530,1.0,15,0,3.0,2,3,0,2,3,3,3.0,3.0,3.0,239,10.676222687122264,3
18,Yes,Non-Travel,Research & Development,2,4,Medical,3511,Male,3,Laboratory Technician,Single,109650,1.0,18,0,0.0,5,0,0,0,4,3,3.0,3.0,3.0,241,7.010858690640849,3
33,Yes,Travel_Rarely,Research & Development,3,2,Life Sciences,3512,Male,1,Sales Executive,Single,49360,0.0,14,0,6.0,2,5,0,3,2,3,1.0,1.0,3.0,241,8.984980405716922,3
41,No,Travel_Rarely,Research & Development,4,2,Medical,3513,Male,2,Research Scientist,Married,25430,3.0,12,0,6.0,3,1,0,0,3,3,2.0,4.0,3.0,235,8.098481087470454,3
31,Yes,Travel_Frequently,Sales,10,3,Technical Degree,3514,Female,1,Research Director,Married,53040,1.0,17,0,2.0,3,2,2,2,4,3,3.0,3.0,2.0,231,7.127894420394424,3
37,No,Travel_Rarely,Research & Development,23,3,Life Sciences,3515,Male,3,Manufacturing Director,Divorced,166590,7.0,16,1,9.0,2,6,1,3,3,3,3.0,4.0,3.0,229,7.974104803493449,3
27,No,Travel_Rarely,Research & Development,6,2,Medical,3516,Female,1,Healthcare Representative,Married,42600,1.0,11,2,4.0,2,4,2,2,3,3,4.0,3.0,3.0,239,7.36342282659228,3
34,No,Travel_Rarely,Sales,1,1,Marketing,3517,Female,2,Laboratory Technician,Married,24760,1.0,19,0,6.0,2,6,1,3,3,3,2.0,3.0,2.0,233,7.086201716738195,3
35,No,Travel_Rarely,Research & Development,6,3,Life Sciences,3518,Female,3,Laboratory Technician,Single,31020,1.0,13,1,6.0,3,5,1,4,2,3,3.0,3.0,1.0,232,6.795753113026817,3
29,Yes,Travel_Rarely,Research & Development,6,3,Life Sciences,3519,Male,1,Sales Executive,Married,22440,1.0,12,3,11.0,5,11,3,10,1,3,4.0,1.0,1.0,238,6.771594304388422,3
40,No,Travel_Frequently,Research & Development,2,4,Medical,3520,Male,4,Human Resources,Single,75960,9.0,11,0,20.0,0,18,2,13,1,3,2.0,3.0,2.0,235,6.717986997635932,3
42,Yes,Travel_Frequently,Sales,2,4,Life Sciences,3521,Male,1,Laboratory Technician,Single,22850,0.0,16,0,22.0,3,21,13,14,1,3,3.0,1.0,2.0,229,8.053107714701602,3
42,No,Travel_Rarely,Research & Development,1,2,Life Sciences,3522,Male,4,Laboratory Technician,Single,30340,7.0,21,1,9.0,3,6,1,5,2,4,2.0,1.0,4.0,229,7.705268073750607,3
35,No,Travel_Rarely,Research & Development,5,3,Medical,3523,Male,1,Healthcare Representative,Married,57150,6.0,24,2,10.0,0,8,1,7,3,4,4.0,3.0,3.0,227,7.119267009300052,3
24,No,Travel_Rarely,Sales,7,4,Life Sciences,3524,Female,1,Laboratory Technician,Single,25760,8.0,17,3,6.0,3,4,1,2,3,3,4.0,2.0,3.0,234,7.937359924026592,3
28,Yes,Travel_Rarely,Research & Development,15,4,Life Sciences,3525,Male,2,Sales Executive,Married,41970,1.0,13,0,1.0,3,1,0,0,1,3,3.0,4.0,2.0,245,10.338630385487525,3
26,No,Travel_Rarely,Research & Development,1,4,Life Sciences,3526,Male,2,Sales Representative,Married,143360,1.0,21,1,8.0,3,8,0,7,3,4,1.0,4.0,3.0,233,7.4711623748211755,3
30,No,Travel_Rarely,Research & Development,7,2,Life Sciences,3527,Female,1,Manufacturing Director,Married,34480,1.0,11,0,10.0,3,10,1,4,3,3,3.0,4.0,3.0,235,7.689747044917257,3
40,No,Travel_Frequently,Research & Development,26,4,Life Sciences,3528,Male,2,Research Scientist,Married,194060,3.0,20,3,16.0,2,1,0,0,3,4,3.0,4.0,1.0,246,10.463982610659436,3
35,No,Travel_Rarely,Research & Development,18,5,Medical,3529,Female,2,Research Scientist,Divorced,65380,2.0,16,1,15.0,3,7,6,4,3,3,3.0,2.0,4.0,234,6.911564577397911,3
34,No,Travel_Frequently,Research & Development,6,2,Life Sciences,3530,Male,1,Research Director,Single,43060,0.0,11,0,14.0,2,13,4,9,3,3,4.0,1.0,3.0,238,7.522875816993464,3
35,No,Travel_Frequently,Research & Development,3,3,Medical,3531,Female,2,Laboratory Technician,Married,22580,1.0,11,1,2.0,2,2,2,2,3,3,4.0,4.0,4.0,240,7.963982638888893,3
43,Yes,Travel_Rarely,Sales,5,3,Marketing,3532,Female,3,Research Scientist,Single,45220,8.0,15,1,7.0,3,4,1,3,3,3,1.0,3.0,2.0,232,7.4933213601532564,3
32,No,Non-Travel,Research & Development,11,2,Other,3533,Female,2,Research Scientist,Divorced,44870,1.0,11,0,1.0,5,1,0,0,2,3,3.0,1.0,3.0,240,6.594707175925924,3
56,No,Travel_Rarely,Research & Development,3,2,Other,3534,Male,2,Healthcare Representative,Divorced,44490,2.0,15,0,28.0,3,5,4,2,1,3,4.0,1.0,3.0,237,6.287570323488049,4
29,No,Travel_Rarely,Research & Development,26,1,Life Sciences,3535,Male,1,Laboratory Technician,Married,22180,1.0,24,1,10.0,1,10,0,8,3,4,3.0,4.0,3.0,230,7.50720652173913,4
19,No,Travel_Rarely,Research & Development,23,4,Life Sciences,3536,Male,2,Laboratory Technician,Single,191970,1.0,12,0,1.0,2,1,0,0,3,3,3.0,1.0,3.0,232,7.311391283524902,3
45,No,Travel_Rarely,Research & Development,22,3,Life Sciences,3537,Female,2,Sales Representative,Married,132120,4.0,13,0,7.0,4,3,0,2,3,3,1.0,3.0,2.0,236,8.78936676082862,4
37,No,Travel_Rarely,Research & Development,14,4,Life Sciences,3538,Male,3,Research Scientist,Married,65770,1.0,13,0,14.0,1,14,3,11,1,3,4.0,4.0,2.0,229,6.832842066957788,3
20,No,Travel_Rarely,Research & Development,6,3,Medical,3539,Male,5,Research Director,Single,83920,1.0,17,0,2.0,5,2,1,2,3,3,1.0,3.0,2.0,232,6.684359434865903,3
44,Yes,Travel_Rarely,Human Resources,6,2,Human Resources,3540,Male,3,Sales Executive,Single,45580,1.0,13,1,6.0,2,6,0,2,1,3,3.0,3.0,3.0,247,10.408523391812874,3
53,No,Travel_Rarely,Research & Development,6,4,Life Sciences,3541,Male,1,Research Director,Divorced,40310,3.0,12,1,26.0,3,7,4,7,2,3,4.0,3.0,3.0,241,6.025689257722458,3
29,No,Travel_Rarely,Research & Development,23,3,Medical,3542,Male,1,Sales Executive,Married,79690,0.0,14,0,6.0,3,5,1,3,3,3,2.0,4.0,2.0,241,8.91173812816966,3
22,Yes,Travel_Frequently,Research & Development,22,4,Medical,3543,Male,1,Sales Representative,Married,26540,0.0,24,0,1.0,5,0,0,0,2,4,3.0,4.0,3.0,245,9.879404761904766,3
46,No,Travel_Rarely,Research & Development,2,3,Life Sciences,3544,Male,2,Research Scientist,Married,165550,8.0,14,2,28.0,4,26,15,9,3,3,3.0,1.0,3.0,232,5.98830459770115,3
44,No,Non-Travel,Research & Development,20,3,Life Sciences,3545,Male,1,Sales Representative,Single,45560,2.0,13,0,6.0,4,0,0,0,3,3,4.0,3.0,3.0,234,6.197866809116807,3
33,No,Travel_Rarely,Research & Development,28,4,Life Sciences,3546,Female,1,Manager,Married,60910,1.0,15,0,5.0,6,5,1,4,1,3,2.0,3.0,3.0,246,7.799461382113819,3
41,Yes,Non-Travel,Research & Development,12,3,Life Sciences,3547,Male,2,Sales Representative,Divorced,195660,6.0,16,0,5.0,2,1,0,0,4,3,1.0,1.0,1.0,244,7.183438069216759,3
30,No,Travel_Rarely,Sales,20,3,Marketing,3548,Male,3,Sales Executive,Divorced,48100,8.0,18,0,8.0,3,4,0,3,2,3,3.0,1.0,3.0,243,7.510671010516694,3
40,No,Travel_Frequently,Sales,9,3,Medical,3549,Male,1,Manufacturing Director,Married,45230,5.0,16,1,5.0,5,0,0,0,4,3,2.0,2.0,3.0,235,6.8095969267139465,3
50,No,Travel_Frequently,Research & Development,25,4,Life Sciences,3550,Female,2,Healthcare Representative,Married,32020,2.0,24,1,32.0,2,2,2,2,3,4,4.0,1.0,3.0,234,7.172575973409306,4
28,No,Travel_Rarely,Research & Development,6,3,Technical Degree,3551,Male,2,Research Scientist,Married,23510,1.0,16,0,6.0,4,6,3,3,3,3,4.0,1.0,3.0,235,7.151254137115833,3
46,No,Travel_Rarely,Research & Development,8,4,Other,3552,Male,3,Manager,Married,17020,5.0,21,0,25.0,2,4,0,3,3,4,4.0,2.0,3.0,240,7.3077719907407355,3
35,No,Travel_Rarely,Sales,4,4,Marketing,3553,Male,1,Laboratory Technician,Married,180410,3.0,20,1,15.0,3,7,1,7,2,4,3.0,1.0,3.0,245,8.487952380952379,3
24,Yes,Travel_Rarely,Human Resources,28,4,Human Resources,3554,Male,3,Manufacturing Director,Married,28860,1.0,19,1,1.0,5,1,0,0,3,3,4.0,2.0,1.0,236,6.598539312617704,3
33,No,Travel_Frequently,Research & Development,9,2,Medical,3555,Female,1,Sales Executive,Married,20970,1.0,14,2,10.0,5,10,0,1,2,3,2.0,3.0,2.0,227,6.018187714145863,5
36,No,Travel_Rarely,Research & Development,9,2,Medical,3556,Male,2,Sales Executive,Divorced,119350,1.0,11,3,7.0,6,7,1,7,4,3,3.0,3.0,3.0,238,6.611998132586366,3
30,No,Travel_Rarely,Sales,29,3,Marketing,3557,Male,1,Sales Executive,Divorced,25460,1.0,14,1,10.0,2,10,8,9,3,3,3.0,3.0,2.0,235,6.015647754137115,4
44,No,Travel_Rarely,Research & Development,3,4,Medical,3558,Male,2,Research Scientist,Single,25640,1.0,12,3,20.0,3,20,13,17,1,3,4.0,4.0,3.0,245,7.606717687074833,3
20,No,Travel_Rarely,Research & Development,18,4,Medical,3559,Male,1,Human Resources,Single,84120,1.0,13,0,2.0,2,2,2,2,2,3,3.0,4.0,3.0,229,6.3010128578360085,3
46,No,Travel_Rarely,Sales,9,1,Medical,3560,Female,1,Sales Executive,Divorced,141180,2.0,22,0,12.0,3,6,1,4,3,4,4.0,4.0,2.0,237,6.224990623534923,3
42,No,Non-Travel,Research & Development,5,4,Medical,3561,Male,5,Sales Executive,Married,170460,7.0,11,0,10.0,3,4,0,3,2,3,4.0,1.0,4.0,244,7.486526639344262,3
60,No,Travel_Rarely,Sales,2,2,Life Sciences,3562,Male,2,Sales Executive,Divorced,25640,0.0,14,1,12.0,3,11,1,9,3,3,2.0,4.0,3.0,245,8.602125850340137,3
32,No,Travel_Frequently,Sales,10,3,Life Sciences,3563,Female,1,Sales Executive,Married,102660,1.0,11,0,2.0,3,2,2,2,3,3,3.0,2.0,3.0,243,7.289922267946955,3
32,No,Travel_Frequently,Research & Development,9,3,Life Sciences,3564,Female,2,Research Scientist,Single,50700,4.0,12,1,10.0,6,8,0,7,3,3,4.0,3.0,3.0,228,8.408966861598438,3
36,No,Travel_Rarely,Sales,3,2,Marketing,3565,Male,4,Healthcare Representative,Divorced,178610,2.0,18,0,17.0,2,7,7,7,2,3,3.0,1.0,3.0,239,7.989745467224547,3
33,No,Travel_Rarely,Sales,26,2,Marketing,3566,Male,1,Research Scientist,Married,42300,0.0,12,0,15.0,0,14,4,10,3,3,1.0,4.0,3.0,228,6.1258540448343055,3
40,No,Travel_Rarely,Research & Development,1,3,Medical,3567,Female,2,Research Scientist,Divorced,37800,7.0,12,0,7.0,2,5,1,3,1,3,2.0,2.0,4.0,230,7.322335748792276,3
25,No,Travel_Rarely,Research & Development,6,2,Medical,3568,Female,1,Laboratory Technician,Single,27680,0.0,22,1,5.0,0,4,1,1,3,4,3.0,4.0,3.0,243,8.01526748971193,3
30,No,Travel_Rarely,Sales,9,3,Marketing,3569,Female,1,Research Scientist,Married,90710,0.0,19,1,12.0,2,11,5,7,2,3,4.0,2.0,3.0,235,9.186699763593376,3
42,No,Travel_Frequently,Human Resources,8,2,Medical,3570,Male,1,Sales Executive,Married,106480,3.0,13,1,20.0,1,1,0,0,3,3,1.0,1.0,3.0,239,9.459649000464898,3
35,No,Non-Travel,Research & Development,1,1,Life Sciences,3571,Male,2,Sales Executive,Married,136100,4.0,22,2,16.0,4,13,4,12,2,4,3.0,4.0,2.0,241,9.811535269709537,3
27,No,Travel_Rarely,Research & Development,7,3,Life Sciences,3572,Male,3,Manufacturing Director,Married,34080,1.0,24,0,9.0,2,9,6,8,3,4,1.0,1.0,2.0,236,9.161649011299435,3
54,No,Travel_Frequently,Research & Development,9,2,Medical,3573,Male,2,Sales Representative,Divorced,29830,7.0,14,1,33.0,2,5,1,4,2,3,4.0,3.0,1.0,242,6.281152433425156,3
44,No,Travel_Rarely,Human Resources,4,4,Life Sciences,3574,Male,5,Laboratory Technician,Married,76320,1.0,21,0,10.0,3,10,7,7,3,4,1.0,4.0,3.0,243,6.012280521262003,3
19,Yes,Non-Travel,Sales,2,2,Other,3575,Male,3,Healthcare Representative,Single,98240,1.0,18,0,1.0,2,1,0,0,3,3,1.0,2.0,4.0,238,8.410409663865545,3
29,No,Travel_Rarely,Research & Development,19,4,Life Sciences,3576,Male,1,Manufacturing Director,Divorced,99500,1.0,20,0,3.0,3,3,1,2,3,4,1.0,4.0,3.0,232,7.381258381226054,3
54,No,Travel_Rarely,Research & Development,9,4,Life Sciences,3577,Male,2,Sales Executive,Married,20930,3.0,19,0,36.0,2,10,0,9,3,3,4.0,4.0,3.0,243,7.696354595336077,3
31,No,Travel_Rarely,Research & Development,21,3,Life Sciences,3578,Male,2,Laboratory Technician,Married,99800,1.0,12,0,6.0,1,6,0,1,3,3,3.0,1.0,2.0,237,8.61680028129395,3
31,No,Travel_Rarely,Sales,24,1,Marketing,3579,Female,1,Sales Executive,Single,38940,1.0,12,0,10.0,3,10,1,8,4,3,3.0,1.0,3.0,226,7.306390117994103,3
59,No,Travel_Rarely,Research & Development,3,4,Technical Degree,3580,Male,1,Research Scientist,Single,40510,5.0,16,3,13.0,3,6,0,5,3,3,3.0,4.0,3.0,229,7.375862445414849,3
43,No,Travel_Rarely,Research & Development,11,2,Life Sciences,3581,Male,3,Laboratory Technician,Married,168350,3.0,17,1,25.0,3,8,0,7,3,3,3.0,4.0,3.0,231,6.5677801827801865,3
49,No,Travel_Rarely,Sales,14,4,Life Sciences,3582,Male,2,Research Scientist,Married,62300,2.0,14,0,23.0,2,1,0,0,2,3,1.0,3.0,4.0,230,6.683643719806761,3
36,No,Travel_Frequently,Sales,5,2,Marketing,3583,Female,1,Laboratory Technician,Married,47170,1.0,19,1,12.0,3,11,0,7,3,3,3.0,2.0,2.0,229,6.057707423580791,3
48,No,Travel_Rarely,Research & Development,1,4,Life Sciences,3584,Female,2,Laboratory Technician,Single,132370,5.0,13,1,7.0,2,1,0,0,4,3,4.0,2.0,2.0,231,6.084178691678689,3
27,No,Travel_Rarely,Research & Development,6,4,Life Sciences,3585,Male,2,Laboratory Technician,Divorced,37550,1.0,19,0,5.0,2,5,0,3,3,3,1.0,3.0,3.0,239,7.987510460251044,3
29,No,Travel_Rarely,Sales,17,4,Medical,3586,Male,1,Laboratory Technician,Divorced,65820,1.0,19,1,6.0,3,6,1,0,3,3,3.0,4.0,3.0,234,8.767204415954415,3
48,No,Travel_Rarely,Sales,1,1,Marketing,3587,Male,2,Manufacturing Director,Single,74060,6.0,14,2,25.0,2,1,0,0,3,3,4.0,4.0,4.0,243,6.1711568358481985,3
29,No,Travel_Rarely,Research & Development,3,3,Technical Degree,3588,Female,2,Healthcare Representative,Divorced,48050,3.0,16,1,9.0,2,7,1,7,3,3,4.0,4.0,2.0,239,6.871036727103671,3
34,No,Travel_Rarely,Sales,9,4,Medical,3589,Female,2,Laboratory Technician,Married,27410,0.0,15,1,2.0,3,1,0,0,3,3,3.0,3.0,2.0,237,6.00166901078293,3
44,No,Travel_Rarely,Research & Development,4,3,Life Sciences,3590,Female,1,Laboratory Technician,Married,42620,7.0,18,0,26.0,2,22,3,10,3,3,2.0,2.0,3.0,228,7.018062865497078,3
33,No,Travel_Rarely,Research & Development,8,2,Life Sciences,3591,Female,2,Research Scientist,Divorced,161840,0.0,13,1,10.0,2,9,0,8,4,3,4.0,3.0,3.0,242,10.97469582185491,3
19,No,Travel_Rarely,Sales,2,4,Marketing,3592,Male,3,Laboratory Technician,Single,115570,1.0,22,0,1.0,0,1,0,1,3,4,2.0,4.0,3.0,239,10.772186192468613,3
23,No,Travel_Rarely,Sales,2,3,Medical,3593,Male,3,Laboratory Technician,Married,18780,1.0,13,1,1.0,2,1,0,1,3,3,4.0,3.0,3.0,241,7.480851775011526,3
25,Yes,Travel_Frequently,Research & Development,1,1,Life Sciences,3594,Male,1,Manufacturing Director,Single,109320,1.0,11,1,1.0,3,1,1,0,3,3,3.0,4.0,3.0,245,9.216998866213155,3
26,No,Travel_Rarely,Human Resources,9,3,Life Sciences,3595,Male,2,Research Scientist,Single,68110,1.0,11,1,8.0,4,8,2,2,3,3,3.0,4.0,2.0,236,8.701572504708096,3
45,Yes,Travel_Rarely,Human Resources,12,3,Human Resources,3596,Male,2,Laboratory Technician,Single,43060,2.0,11,2,26.0,3,24,1,11,3,3,1.0,2.0,3.0,232,9.92101053639846,3
55,No,Non-Travel,Research & Development,27,3,Life Sciences,3597,Female,2,Manager,Divorced,48590,1.0,24,1,34.0,3,33,15,0,4,4,4.0,2.0,3.0,236,9.585816854990584,3
21,Yes,Travel_Frequently,Research & Development,20,2,Medical,3598,Female,4,Research Scientist,Single,53370,1.0,14,1,2.0,2,2,2,2,3,3,1.0,3.0,1.0,240,7.5746817129629616,3
46,No,Travel_Rarely,Research & Development,1,4,Life Sciences,3599,Male,1,Manufacturing Director,Married,23400,2.0,13,1,26.0,2,11,0,8,1,3,4.0,2.0,3.0,231,6.890804473304475,3
34,No,Travel_Rarely,Sales,13,4,Medical,3600,Male,3,Sales Representative,Single,74910,0.0,14,1,4.0,3,3,0,2,2,3,3.0,1.0,3.0,242,8.903581267217627,3
51,No,Travel_Frequently,Research & Development,14,3,Life Sciences,3601,Male,2,Research Director,Divorced,105270,4.0,14,0,31.0,3,29,11,10,3,3,4.0,2.0,2.0,236,11.016749058380418,3
59,No,Travel_Rarely,Research & Development,4,2,Life Sciences,3602,Male,2,Research Scientist,Single,165950,6.0,21,1,25.0,2,9,5,4,3,4,4.0,4.0,2.0,239,6.6114888423988845,3
34,No,Travel_Frequently,Sales,14,4,Medical,3603,Female,3,Research Scientist,Divorced,88340,4.0,13,1,15.0,1,11,5,10,3,3,3.0,2.0,4.0,237,6.784612048757614,3
28,No,Travel_Frequently,Research & Development,2,3,Other,3604,Female,1,Manager,Single,55770,0.0,19,0,5.0,3,4,0,2,3,3,4.0,3.0,2.0,233,10.411306628516927,3
44,No,Travel_Rarely,Research & Development,3,4,Life Sciences,3605,Male,2,Research Scientist,Divorced,47070,1.0,17,0,26.0,4,25,14,13,1,3,3.0,1.0,2.0,233,7.800247973295187,3
34,No,Travel_Frequently,Sales,1,3,Life Sciences,3606,Male,2,Sales Executive,Married,24000,4.0,18,1,14.0,3,10,1,8,3,3,3.0,2.0,4.0,245,7.502873015873011,3
35,No,Travel_Rarely,Research & Development,9,3,Life Sciences,3607,Male,4,Healthcare Representative,Married,98240,0.0,19,0,4.0,2,3,2,2,3,3,3.0,3.0,3.0,233,10.48629947544111,3
42,No,Travel_Rarely,Research & Development,23,4,Life Sciences,3608,Female,1,Manager,Married,64470,6.0,13,0,18.0,3,1,0,0,3,3,2.0,2.0,3.0,231,9.393627946127946,4
43,No,Travel_Rarely,Research & Development,7,2,Medical,3609,Female,1,Laboratory Technician,Single,195020,3.0,18,2,23.0,3,21,15,17,4,3,4.0,4.0,4.0,231,6.400272967772972,3
36,No,Travel_Rarely,Research & Development,2,4,Medical,3610,Male,1,Healthcare Representative,Single,27250,9.0,21,1,18.0,4,16,5,12,2,4,3.0,2.0,3.0,235,10.606711583924346,3
44,Yes,Travel_Rarely,Research & Development,21,4,Life Sciences,3611,Female,2,Laboratory Technician,Married,62720,1.0,19,1,10.0,3,10,0,5,3,3,1.0,4.0,3.0,234,6.000892687559351,3
28,No,Travel_Frequently,Research & Development,2,3,Life Sciences,3612,Female,2,Sales Representative,Married,21270,1.0,14,0,2.0,3,2,2,2,3,3,4.0,4.0,3.0,237,9.693598218471633,3
51,No,Travel_Frequently,Sales,21,4,Medical,3613,Male,2,Research Scientist,Single,182000,0.0,17,0,8.0,3,7,7,7,3,3,2.0,3.0,2.0,228,6.988612329434696,4
30,No,Non-Travel,Research & Development,2,4,Other,3614,Male,1,Research Scientist,Single,20960,7.0,11,3,10.0,2,8,1,7,3,3,3.0,3.0,3.0,234,9.523287037037031,3
29,Yes,Travel_Rarely,Research & Development,29,4,Technical Degree,3615,Female,1,Sales Representative,Divorced,28860,3.0,13,0,10.0,4,7,7,7,3,3,2.0,3.0,3.0,241,8.415431074227758,3
28,No,Travel_Rarely,Sales,1,4,Life Sciences,3616,Female,2,Sales Representative,Single,20330,2.0,15,1,5.0,5,3,1,2,3,3,4.0,1.0,2.0,237,6.853197374589774,3
25,No,Travel_Rarely,Research & Development,18,2,Life Sciences,3617,Male,1,Research Scientist,Single,36220,1.0,25,0,2.0,0,2,2,1,3,4,4.0,2.0,2.0,237,8.023296999531176,3
32,No,Travel_Rarely,Research & Development,10,4,Other,3618,Female,1,Sales Executive,Married,42330,1.0,11,0,10.0,5,10,0,8,3,3,3.0,4.0,4.0,227,6.810012236906511,4
45,No,Travel_Frequently,Research & Development,19,3,Medical,3619,Male,3,Laboratory Technician,Single,36810,3.0,17,1,22.0,2,0,0,0,3,3,2.0,2.0,3.0,236,6.005568502824859,3
39,No,Travel_Rarely,Sales,29,1,Marketing,3620,Female,1,Laboratory Technician,Divorced,54600,6.0,13,2,21.0,3,19,15,2,3,3,3.0,2.0,3.0,230,8.4091690821256,3
58,No,Travel_Rarely,Research & Development,27,3,Other,3621,Male,2,Laboratory Technician,Divorced,21870,1.0,18,1,2.0,1,2,2,2,1,3,1.0,3.0,3.0,227,5.996511257953988,4
32,Yes,Travel_Rarely,Research & Development,5,3,Technical Degree,3622,Female,1,Sales Executive,Married,96020,1.0,13,1,10.0,3,10,1,1,3,3,4.0,3.0,3.0,235,6.469036643026009,4
39,Yes,Travel_Rarely,Research & Development,18,2,Life Sciences,3623,Male,2,Laboratory Technician,Single,28360,0.0,20,0,6.0,3,5,0,3,2,4,3.0,1.0,3.0,242,7.7087741046831955,3
30,No,Travel_Rarely,Sales,9,1,Marketing,3624,Male,4,Research Director,Married,40890,0.0,18,0,10.0,2,9,6,7,4,3,1.0,4.0,3.0,232,6.2037966954023,3
36,No,Travel_Rarely,Sales,1,3,Marketing,3625,Male,2,Sales Executive,Married,166270,3.0,12,0,10.0,5,7,1,7,2,3,4.0,3.0,3.0,234,6.693960113960113,3
46,No,Travel_Rarely,Sales,4,3,Medical,3626,Male,1,Research Scientist,Single,26190,6.0,12,1,10.0,3,7,5,7,2,3,4.0,1.0,4.0,238,7.701045751633993,3
28,No,Non-Travel,Research & Development,1,3,Medical,3627,Male,5,Sales Executive,Married,56790,0.0,13,0,10.0,2,9,7,5,2,3,3.0,4.0,3.0,237,8.003764650726676,3
50,No,Travel_Rarely,Research & Development,20,2,Medical,3628,Female,5,Laboratory Technician,Married,154020,4.0,21,0,25.0,3,3,1,2,2,4,4.0,1.0,3.0,247,10.38925438596491,3
40,Yes,Travel_Rarely,Sales,8,1,Other,3629,Male,1,Laboratory Technician,Single,59850,2.0,13,3,9.0,1,5,1,0,2,3,4.0,2.0,3.0,233,9.792050548402491,3
52,Yes,Travel_Rarely,Research & Development,3,2,Technical Degree,3630,Male,3,Laboratory Technician,Single,25790,9.0,19,1,10.0,1,8,7,7,3,3,2.0,2.0,2.0,233,10.04585002384359,3
30,No,Travel_Rarely,Research & Development,6,4,Medical,3631,Female,1,Sales Executive,Married,30410,1.0,11,1,9.0,2,9,0,8,2,3,2.0,1.0,3.0,235,10.366412529550827,3
39,No,Travel_Rarely,Research & Development,26,1,Medical,3632,Male,2,Healthcare Representative,Single,34470,0.0,14,0,9.0,5,8,1,7,3,3,1.0,3.0,3.0,226,5.983080137659784,3
31,No,Non-Travel,Research & Development,1,2,Medical,3633,Male,1,Sales Executive,Divorced,195130,1.0,12,1,10.0,1,10,9,6,2,3,4.0,3.0,2.0,231,10.114511784511782,4
41,No,Non-Travel,Sales,6,3,Life Sciences,3634,Female,1,Research Director,Single,27730,1.0,11,0,19.0,3,19,11,9,3,3,3.0,2.0,3.0,245,7.7962233560090715,3
31,Yes,Travel_Frequently,Research & Development,3,1,Life Sciences,3635,Male,1,Sales Executive,Single,71040,1.0,14,1,3.0,3,3,2,2,3,3,4.0,2.0,4.0,230,9.07639492753623,3
44,Yes,Travel_Rarely,Sales,5,3,Life Sciences,3636,Male,1,Laboratory Technician,Married,63220,4.0,11,1,10.0,2,3,1,2,3,3,1.0,1.0,4.0,232,6.025931513409962,3
42,No,Non-Travel,Research & Development,4,3,Life Sciences,3637,Male,2,Laboratory Technician,Married,20830,0.0,12,2,21.0,3,20,2,10,2,3,3.0,3.0,2.0,235,9.696563829787229,3
55,No,Travel_Rarely,Sales,11,3,Technical Degree,3638,Male,2,Manufacturing Director,Married,83810,4.0,15,1,23.0,3,19,9,11,3,3,4.0,3.0,3.0,238,6.592413632119513,3
56,No,Travel_Rarely,Sales,3,2,Medical,3639,Female,3,Manufacturing Director,Single,26910,6.0,16,1,36.0,6,7,7,7,3,3,4.0,2.0,3.0,229,7.954343765162541,4
40,No,Non-Travel,Research & Development,1,1,Life Sciences,3640,Male,1,Laboratory Technician,Divorced,42860,9.0,15,0,6.0,6,4,0,0,3,3,3.0,3.0,3.0,238,7.2429890289449075,4
34,No,Travel_Rarely,Research & Development,3,2,Technical Degree,3641,Male,2,Research Director,Divorced,26590,0.0,24,3,10.0,2,9,1,6,3,4,4.0,4.0,2.0,232,7.4074233716475115,4
40,No,Travel_Rarely,Sales,4,3,Medical,3642,Male,2,Sales Executive,Single,94340,1.0,13,1,9.0,3,9,8,8,2,3,3.0,4.0,3.0,231,6.011237373737371,3
41,No,Travel_Frequently,Sales,1,4,Other,3643,Female,2,Healthcare Representative,Divorced,55610,0.0,11,0,10.0,2,9,1,7,2,3,3.0,1.0,3.0,241,7.692890733056707,3
35,No,Travel_Frequently,Sales,1,2,Technical Degree,3644,Male,2,Manager,Single,66460,1.0,13,1,9.0,2,9,1,1,2,3,3.0,3.0,3.0,246,9.536715221318884,3
51,No,Travel_Rarely,Sales,18,2,Life Sciences,3645,Male,4,Manufacturing Director,Divorced,77250,1.0,13,1,33.0,2,33,0,10,3,3,3.0,2.0,3.0,246,9.52057475158085,3
38,No,Travel_Rarely,Sales,2,4,Life Sciences,3646,Female,1,Research Scientist,Divorced,107250,3.0,18,0,11.0,5,7,1,7,2,3,2.0,1.0,3.0,244,6.602037795992716,3
34,No,Travel_Rarely,Sales,4,3,Life Sciences,3647,Male,2,Research Scientist,Single,88470,1.0,16,0,10.0,3,10,9,6,4,3,3.0,1.0,4.0,228,7.220665204678363,3
25,No,Travel_Rarely,Research & Development,6,2,Medical,3648,Female,4,Research Scientist,Married,20450,3.0,19,0,7.0,3,3,1,2,3,3,4.0,4.0,2.0,243,6.359668495656149,3
58,Yes,Travel_Rarely,Sales,1,4,Technical Degree,3649,Male,2,Sales Executive,Married,10090,7.0,13,2,31.0,3,10,5,9,4,3,3.0,1.0,2.0,235,8.514280141843969,3
40,No,Travel_Rarely,Research & Development,14,4,Medical,3650,Female,1,Research Scientist,Married,33480,3.0,22,0,7.0,2,4,0,3,1,4,2.0,2.0,3.0,241,6.07058437067773,3
36,No,Travel_Frequently,Sales,16,2,Life Sciences,3651,Male,1,Research Scientist,Married,12810,2.0,11,0,17.0,2,15,6,13,3,3,1.0,1.0,2.0,227,6.125462555066076,3
48,No,Travel_Rarely,Research & Development,2,1,Life Sciences,3652,Male,2,Research Scientist,Single,28190,1.0,20,0,11.0,2,10,0,8,2,4,4.0,4.0,3.0,231,7.616253006253008,3
27,No,Travel_Rarely,Research & Development,2,3,Life Sciences,3653,Female,2,Laboratory Technician,Married,48510,8.0,18,0,5.0,2,1,0,0,3,3,3.0,4.0,3.0,234,7.089723409306742,3
51,No,Travel_Rarely,Research & Development,4,1,Medical,3654,Female,3,Manufacturing Director,Single,40280,3.0,14,0,29.0,3,5,0,3,3,3,4.0,2.0,2.0,239,7.4925185960018625,3
18,No,Non-Travel,Research & Development,1,4,Medical,3655,Male,2,Sales Executive,Single,27200,1.0,22,1,0.0,2,0,0,0,3,4,4.0,4.0,3.0,243,7.886312299954277,3
35,No,Travel_Rarely,Research & Development,1,4,Other,3656,Female,2,Research Director,Married,81200,0.0,13,0,10.0,2,9,0,0,2,3,4.0,4.0,3.0,243,7.244599908550525,3
27,No,Travel_Frequently,Research & Development,26,4,Medical,3657,Female,1,Research Director,Single,46470,3.0,17,0,8.0,3,6,0,0,4,3,4.0,4.0,3.0,239,7.42501162250116,3
55,Yes,Travel_Rarely,Research & Development,19,3,Technical Degree,3658,Male,1,Human Resources,Single,46800,6.0,14,3,24.0,0,19,3,8,4,3,1.0,3.0,2.0,239,8.667409344490933,3
56,No,Travel_Rarely,Research & Development,24,4,Life Sciences,3659,Male,2,Laboratory Technician,Married,32210,4.0,15,2,33.0,2,19,15,9,3,3,4.0,2.0,3.0,232,10.390627394636015,3
34,No,Non-Travel,Sales,1,2,Life Sciences,3660,Male,2,Research Scientist,Divorced,86210,1.0,17,1,5.0,1,5,0,0,3,3,1.0,3.0,3.0,232,6.378502155172414,3
40,No,Travel_Rarely,Research & Development,3,3,Life Sciences,3661,Male,2,Sales Executive,Divorced,45770,5.0,11,1,15.0,3,12,11,8,2,3,2.0,3.0,3.0,233,6.527122079160707,3
34,No,Travel_Rarely,Research & Development,5,3,Life Sciences,3662,Male,1,Research Scientist,Married,45530,4.0,18,1,10.0,2,8,7,7,4,3,2.0,3.0,3.0,238,7.176608309990666,3
31,Yes,Travel_Frequently,Research & Development,2,2,Medical,3663,Female,2,Manufacturing Director,Single,53960,7.0,17,1,3.0,2,1,0,0,1,3,3.0,4.0,4.0,243,7.710824188385913,3
35,Yes,Travel_Frequently,Research & Development,1,2,Medical,3664,Male,1,Manufacturing Director,Married,67960,0.0,13,0,5.0,2,4,3,2,3,3,4.0,3.0,2.0,242,9.076310835629021,3
38,No,Travel_Frequently,Research & Development,7,3,Medical,3665,Female,2,Sales Representative,Divorced,76250,1.0,15,0,4.0,2,4,0,3,2,3,4.0,3.0,3.0,239,6.445643886564395,3
34,No,Travel_Rarely,Research & Development,10,4,Other,3666,Female,2,Laboratory Technician,Single,74120,1.0,24,0,14.0,4,14,4,11,3,4,3.0,4.0,4.0,238,7.897642390289452,3
28,No,Travel_Rarely,Research & Development,2,3,Life Sciences,3667,Female,2,Healthcare Representative,Married,111590,1.0,12,0,5.0,2,5,0,4,3,3,3.0,1.0,3.0,226,6.683855703048183,4
31,Yes,Travel_Rarely,Research & Development,15,2,Life Sciences,3668,Male,2,Sales Executive,Married,49600,1.0,15,0,10.0,3,10,6,7,2,3,4.0,3.0,2.0,248,10.903695116487453,3
39,No,Travel_Rarely,Research & Development,17,4,Technical Degree,3669,Female,2,Healthcare Representative,Married,104750,3.0,11,1,8.0,3,5,1,4,3,3,1.0,4.0,4.0,233,10.287627563185506,3
51,No,Travel_Frequently,Research & Development,20,3,Medical,3670,Male,2,Sales Executive,Married,148140,2.0,11,1,14.0,2,4,3,2,2,3,2.0,2.0,3.0,227,7.0738839941262865,3
41,No,Travel_Frequently,Research & Development,1,3,Life Sciences,3671,Male,4,Sales Executive,Divorced,191410,3.0,12,1,12.0,2,6,3,3,3,3,4.0,4.0,2.0,248,10.68912298387097,3
37,No,Travel_Rarely,Research & Development,2,2,Medical,3672,Female,1,Healthcare Representative,Married,54050,7.0,15,0,8.0,3,6,1,3,4,3,3.0,3.0,3.0,241,10.399134393729826,3
33,No,Travel_Frequently,Research & Development,2,3,Medical,3673,Female,1,Sales Executive,Married,87930,6.0,17,0,8.0,2,5,1,2,3,3,2.0,4.0,4.0,229,7.783477680737506,3
32,No,Travel_Rarely,Research & Development,1,4,Medical,3674,Male,5,Research Director,Married,191890,0.0,12,1,4.0,3,3,1,2,3,3,3.0,2.0,2.0,247,10.383338956365279,3
39,No,Non-Travel,Research & Development,29,2,Life Sciences,3675,Male,2,Sales Executive,Married,38750,3.0,15,0,13.0,3,6,0,5,3,3,3.0,3.0,3.0,229,6.585826055312957,3
25,No,Travel_Rarely,Research & Development,7,4,Life Sciences,3676,Male,1,Sales Executive,Married,22160,2.0,13,3,6.0,2,3,1,2,2,3,1.0,3.0,2.0,240,7.194062499999999,3
52,No,Travel_Frequently,Research & Development,2,1,Life Sciences,3677,Male,2,Sales Executive,Married,117130,2.0,14,0,24.0,2,5,0,2,3,3,4.0,3.0,2.0,232,9.14380866858238,3
43,No,Travel_Rarely,Research & Development,2,2,Medical,3678,Male,1,Laboratory Technician,Single,78610,1.0,14,2,20.0,1,20,1,8,3,3,1.0,3.0,1.0,241,9.664248501613649,3
27,No,Travel_Rarely,Research & Development,2,4,Life Sciences,3679,Male,1,Human Resources,Married,37080,1.0,16,2,6.0,2,6,4,4,3,3,4.0,4.0,3.0,242,10.299616620752984,3
27,Yes,Travel_Rarely,Research & Development,2,5,Life Sciences,3680,Female,1,Research Scientist,Single,137700,1.0,18,1,8.0,3,8,7,7,4,3,4.0,3.0,3.0,239,10.011850302185024,3
26,No,Travel_Rarely,Research & Development,2,2,Other,3681,Male,3,Laboratory Technician,Single,53040,0.0,20,1,5.0,2,4,1,1,3,4,1.0,4.0,3.0,240,6.2792986111111135,3
42,No,Travel_Rarely,Sales,23,3,Marketing,3682,Female,3,Research Scientist,Married,26420,0.0,13,1,21.0,3,20,0,9,3,3,3.0,1.0,3.0,228,6.14515716374269,3
52,No,Travel_Rarely,Research & Development,5,2,Life Sciences,3683,Female,1,Healthcare Representative,Married,27590,9.0,18,1,12.0,6,5,0,4,3,3,3.0,1.0,1.0,230,6.480047101449274,3
37,No,Travel_Rarely,Research & Development,20,5,Life Sciences,3684,Male,2,Manager,Single,68040,4.0,13,1,8.0,1,3,0,2,3,3,1.0,3.0,3.0,234,7.524732905982905,3
35,No,Travel_Frequently,Research & Development,6,4,Medical,3685,Female,2,Research Director,Single,61420,2.0,15,1,10.0,2,2,2,2,3,3,3.0,4.0,3.0,235,7.715177304964537,3
25,No,Travel_Rarely,Research & Development,1,4,Medical,3686,Male,2,Sales Executive,Married,25000,4.0,14,2,7.0,2,3,0,2,1,3,1.0,4.0,2.0,237,8.005376230661044,3
26,No,Travel_Rarely,Research & Development,29,4,Life Sciences,3687,Male,1,Research Scientist,Single,63890,0.0,22,0,8.0,2,7,0,7,2,4,3.0,1.0,3.0,238,6.8068347338935595,3
29,No,Travel_Rarely,Sales,9,3,Life Sciences,3688,Male,1,Laboratory Technician,Single,111030,1.0,12,0,10.0,5,10,0,9,2,3,2.0,1.0,2.0,236,6.217048022598872,3
49,Yes,Travel_Frequently,Sales,6,5,Medical,3689,Female,2,Healthcare Representative,Single,23420,3.0,18,0,20.0,2,4,1,3,3,3,1.0,1.0,3.0,227,7.146965247185514,3
29,Yes,Travel_Frequently,Sales,3,2,Marketing,3690,Female,2,Laboratory Technician,Single,68110,0.0,15,1,9.0,2,8,7,7,3,3,3.0,4.0,3.0,238,8.606722689075633,3
54,No,Travel_Rarely,Sales,1,3,Medical,3691,Female,2,Manager,Single,22970,6.0,18,2,29.0,2,20,12,7,2,3,4.0,4.0,2.0,238,6.210766806722691,3
58,No,Travel_Rarely,Sales,22,3,Life Sciences,3692,Female,2,Laboratory Technician,Married,24500,3.0,12,1,32.0,2,9,1,5,3,3,4.0,1.0,3.0,230,10.57318840579711,3
55,No,Travel_Rarely,Research & Development,7,3,Life Sciences,3693,Female,3,Research Scientist,Divorced,50930,2.0,16,1,31.0,3,7,0,0,3,3,2.0,4.0,4.0,236,7.500814500941617,3
36,No,Travel_Rarely,Research & Development,1,3,Medical,3694,Male,2,Sales Executive,Single,53090,3.0,13,0,15.0,5,5,0,1,3,3,1.0,2.0,3.0,236,9.384681026365344,3
31,Yes,Travel_Frequently,Sales,4,3,Life Sciences,3695,Male,2,Manager,Single,30570,1.0,19,0,1.0,3,1,0,0,3,3,2.0,3.0,3.0,234,7.26832264957265,3
30,No,Travel_Rarely,Sales,3,3,Life Sciences,3696,Male,3,Sales Executive,Divorced,51210,7.0,13,0,8.0,4,3,0,2,3,3,4.0,1.0,3.0,243,7.4748605395519006,3
31,No,Travel_Rarely,Research & Development,1,3,Medical,3697,Male,1,Laboratory Technician,Single,168560,3.0,12,1,9.0,3,3,1,0,3,3,1.0,2.0,4.0,230,7.293228260869561,3
34,No,Travel_Frequently,Sales,2,1,Marketing,3698,Female,5,Manager,Divorced,26860,5.0,11,0,10.0,3,4,1,3,4,3,4.0,1.0,3.0,243,7.6064654778235,3
31,Yes,Travel_Rarely,Sales,20,3,Technical Degree,3699,Male,1,Research Scientist,Single,61800,1.0,14,1,1.0,2,1,0,0,1,3,1.0,2.0,4.0,235,8.01226122931442,4
27,No,Travel_Rarely,Human Resources,11,4,Medical,3700,Male,4,Sales Executive,Married,66320,0.0,16,0,6.0,3,5,1,4,3,3,2.0,1.0,4.0,242,7.164859963269056,3
36,No,Travel_Rarely,Sales,1,3,Marketing,3701,Male,2,Research Scientist,Single,35050,1.0,12,2,10.0,2,10,1,8,2,3,1.0,4.0,2.0,226,6.290197885939035,4
36,No,Travel_Rarely,Research & Development,24,3,Other,3702,Female,3,Research Director,Married,63970,4.0,14,1,11.0,3,3,0,2,3,3,3.0,1.0,2.0,244,7.26901639344263,3
47,No,Travel_Rarely,Research & Development,23,4,Life Sciences,3703,Female,2,Sales Executive,Married,62740,7.0,14,2,17.0,0,6,1,2,3,3,1.0,4.0,2.0,244,7.817304189435334,3
25,Yes,Travel_Rarely,Sales,16,4,Life Sciences,3704,Male,2,Research Scientist,Married,198590,3.0,19,0,6.0,3,3,2,2,2,3,1.0,1.0,3.0,235,7.215596926713946,3
37,No,Non-Travel,Sales,8,4,Medical,3705,Male,1,Healthcare Representative,Single,75870,0.0,22,1,7.0,5,6,1,3,3,4,3.0,3.0,1.0,234,7.5827730294397,3
56,No,Travel_Rarely,Research & Development,10,4,Other,3706,Male,2,Sales Representative,Married,42580,2.0,16,0,5.0,2,3,1,0,3,3,1.0,1.0,4.0,233,6.627811158798281,3
47,No,Travel_Rarely,Research & Development,3,2,Medical,3707,Male,2,Laboratory Technician,Married,43640,3.0,11,1,26.0,3,20,5,6,3,3,1.0,3.0,4.0,238,6.330012838468725,3
24,No,Travel_Rarely,Research & Development,5,1,Other,3708,Male,1,Manufacturing Director,Married,43350,1.0,15,1,5.0,5,5,0,3,3,3,4.0,3.0,3.0,239,9.708145048814506,3
32,No,Travel_Rarely,Sales,4,3,Marketing,3709,Male,1,Research Scientist,Married,53260,4.0,14,1,7.0,2,4,0,3,3,3,4.0,4.0,2.0,227,7.520001223690652,3
34,No,Travel_Rarely,Research & Development,9,2,Medical,3710,Male,1,Sales Executive,Married,32800,5.0,13,0,7.0,3,5,0,2,3,3,4.0,2.0,2.0,230,6.11195169082125,3
41,No,Travel_Rarely,Research & Development,26,3,Medical,3711,Female,3,Sales Executive,Married,54850,2.0,17,2,7.0,2,4,0,3,3,3,2.0,3.0,2.0,235,10.508815602836878,3
40,No,Non-Travel,Sales,3,2,Life Sciences,3712,Male,1,Sales Executive,Divorced,43420,3.0,11,1,11.0,6,8,0,7,2,3,3.0,3.0,4.0,241,6.403198478561551,3
31,No,Travel_Rarely,Research & Development,16,3,Medical,3713,Male,2,Human Resources,Divorced,27820,1.0,19,1,13.0,5,13,9,9,3,3,1.0,4.0,3.0,233,6.688143776824025,3
46,Yes,Travel_Rarely,Research & Development,18,1,Medical,3714,Male,1,Manufacturing Director,Divorced,59800,4.0,11,1,28.0,2,7,4,3,3,3,1.0,4.0,4.0,238,6.692377450980389,3
39,Yes,Non-Travel,Research & Development,2,4,Medical,3715,Male,2,Manufacturing Director,Single,43810,2.0,15,2,11.0,1,1,0,0,2,3,1.0,1.0,4.0,240,9.369612268518518,3
31,Yes,Travel_Frequently,Sales,2,3,Medical,3716,Male,2,Sales Executive,Single,25720,1.0,13,3,10.0,3,10,4,7,3,3,3.0,2.0,3.0,229,6.805786026200876,3
45,No,Travel_Rarely,Sales,10,2,Marketing,3717,Male,1,Sales Executive,Divorced,38330,2.0,14,0,24.0,1,7,0,7,3,3,2.0,1.0,3.0,232,10.470683668582375,3
31,No,Travel_Rarely,Research & Development,16,4,Life Sciences,3718,Male,3,Human Resources,Single,42440,9.0,13,0,8.0,3,3,0,2,3,3,4.0,2.0,3.0,234,6.6833535137701805,3
31,Yes,Travel_Frequently,Research & Development,7,4,Life Sciences,3719,Male,1,Laboratory Technician,Married,65000,6.0,23,1,7.0,5,2,2,2,3,4,2.0,4.0,1.0,244,10.278979963570134,3
45,No,Travel_Rarely,Research & Development,1,2,Life Sciences,3720,Female,1,Research Scientist,Married,184300,4.0,12,1,10.0,5,3,1,2,3,3,2.0,4.0,4.0,234,10.609763770180441,3
48,No,Travel_Rarely,Research & Development,24,3,Technical Degree,3721,Male,2,Research Scientist,Divorced,16010,4.0,12,0,15.0,3,2,2,2,3,3,3.0,1.0,3.0,244,7.076479963570129,3
34,Yes,Travel_Rarely,Research & Development,7,4,Medical,3722,Male,2,Research Scientist,Married,26940,1.0,16,1,2.0,3,2,2,2,3,3,1.0,3.0,3.0,244,7.413740892531881,3
40,No,Non-Travel,Research & Development,25,4,Other,3723,Female,1,Sales Executive,Divorced,31490,2.0,15,1,16.0,1,9,4,8,2,3,4.0,2.0,3.0,239,8.012629009762895,3
28,No,Travel_Rarely,Research & Development,1,2,Technical Degree,3724,Female,1,Research Scientist,Single,176390,0.0,13,1,6.0,0,5,1,3,3,3,4.0,1.0,3.0,229,6.5011159631246995,3
44,No,Non-Travel,Research & Development,5,3,Life Sciences,3725,Male,1,Laboratory Technician,Single,23190,3.0,18,0,7.0,4,5,0,3,2,3,3.0,3.0,3.0,226,6.59900319567355,3
53,No,Travel_Rarely,Research & Development,2,4,Technical Degree,3726,Male,2,Manager,Single,116910,4.0,20,0,35.0,2,9,8,8,3,4,4.0,2.0,2.0,231,6.870072150072157,3
49,No,Travel_Rarely,Research & Development,7,3,Life Sciences,3727,Male,3,Laboratory Technician,Married,53240,2.0,19,0,20.0,2,3,1,2,1,3,1.0,3.0,2.0,228,6.816737329434693,4
40,No,Travel_Rarely,Research & Development,2,4,Life Sciences,3728,Male,3,Laboratory Technician,Divorced,167520,2.0,18,1,8.0,3,3,1,2,3,3,3.0,3.0,4.0,237,6.472052273792777,3
44,No,Travel_Rarely,Research & Development,5,1,Other,3729,Male,3,Research Scientist,Single,52280,1.0,13,0,6.0,2,5,1,3,4,3,4.0,2.0,2.0,232,6.888664990421454,5
33,No,Travel_Frequently,Human Resources,10,3,Medical,3730,Female,2,Sales Executive,Married,27000,0.0,14,3,5.0,2,4,0,3,3,3,4.0,1.0,3.0,228,7.328463693957114,4
34,No,Travel_Rarely,Research & Development,10,4,Life Sciences,3731,Female,1,Sales Representative,Single,192460,3.0,15,1,15.0,5,13,3,12,3,3,4.0,1.0,3.0,231,6.878664021164024,3
30,No,Travel_Rarely,Sales,1,2,Technical Degree,3732,Male,1,Laboratory Technician,Married,25060,8.0,22,0,4.0,3,2,2,2,3,4,4.0,3.0,2.0,228,6.120525097465888,4
42,No,Travel_Frequently,Research & Development,8,4,Medical,3733,Female,1,Sales Executive,Single,60620,1.0,22,2,12.0,2,12,5,8,3,4,1.0,4.0,3.0,239,7.282114132961411,3
44,No,Travel_Frequently,Research & Development,5,3,Life Sciences,3734,Female,5,Manufacturing Director,Married,43820,7.0,16,2,11.0,2,1,0,0,3,3,1.0,3.0,2.0,232,7.581329022988504,3
30,No,Non-Travel,Research & Development,8,3,Life Sciences,3735,Male,1,Manufacturing Director,Divorced,21430,1.0,17,1,1.0,2,1,0,0,3,3,3.0,3.0,2.0,232,6.110862068965522,3
57,No,Travel_Rarely,Sales,2,1,Life Sciences,3736,Male,3,Research Scientist,Married,61620,0.0,14,0,13.0,5,12,2,8,2,3,2.0,3.0,2.0,240,7.554500000000002,3
49,No,Travel_Rarely,Research & Development,7,3,Technical Degree,3737,Female,2,Sales Executive,Divorced,50940,3.0,15,0,29.0,5,8,0,7,3,3,3.0,2.0,3.0,236,6.896046374764598,3
34,No,Travel_Frequently,Research & Development,2,4,Medical,3738,Female,2,Sales Representative,Divorced,68770,7.0,20,0,16.0,3,14,6,9,3,4,2.0,1.0,2.0,226,6.355290068829896,3
28,Yes,Travel_Frequently,Research & Development,2,3,Medical,3739,Male,1,Research Scientist,Married,22740,3.0,20,1,5.0,5,3,1,2,3,4,1.0,3.0,4.0,233,6.476399618502625,3
29,Yes,Travel_Frequently,Research & Development,28,3,Medical,3740,Female,5,Research Scientist,Single,44340,5.0,17,3,7.0,1,5,0,0,3,3,1.0,2.0,1.0,243,7.797684042066758,3
34,Yes,Travel_Rarely,Research & Development,7,1,Medical,3741,Male,1,Research Scientist,Single,62880,0.0,15,1,16.0,2,15,10,10,3,3,1.0,2.0,4.0,241,8.517214153988007,3
35,No,Travel_Rarely,Sales,7,4,Other,3742,Female,4,Healthcare Representative,Married,25530,1.0,14,1,1.0,4,1,0,0,2,3,4.0,3.0,3.0,242,6.575756427915518,3
24,Yes,Travel_Frequently,Sales,3,3,Life Sciences,3743,Male,2,Research Scientist,Single,76540,2.0,17,1,4.0,3,0,0,0,2,3,2.0,1.0,2.0,239,8.486028591352857,3
24,No,Non-Travel,Research & Development,10,3,Life Sciences,3744,Female,2,Manager,Married,51600,1.0,17,1,1.0,3,1,0,0,1,3,4.0,2.0,3.0,242,7.415129706152433,3
44,No,Travel_Frequently,Research & Development,5,2,Medical,3745,Female,2,Research Scientist,Single,171590,5.0,22,1,16.0,1,2,2,2,2,4,2.0,3.0,2.0,232,10.306210488505746,3
29,No,Travel_Rarely,Sales,10,2,Life Sciences,3746,Female,1,Sales Executive,Divorced,128080,1.0,13,0,10.0,6,10,0,4,3,3,3.0,3.0,3.0,234,6.9970500949667604,3
30,No,Travel_Rarely,Research & Development,1,2,Life Sciences,3747,Male,3,Sales Executive,Divorced,102210,0.0,19,1,6.0,2,5,1,3,3,3,3.0,3.0,4.0,227,6.137296867351934,3
55,No,Travel_Rarely,Sales,20,3,Marketing,3748,Male,2,Research Scientist,Married,47790,0.0,14,1,4.0,6,3,1,2,3,3,4.0,3.0,3.0,236,10.667377589453857,3
33,No,Travel_Rarely,Research & Development,7,2,Life Sciences,3749,Male,2,Research Scientist,Married,37370,8.0,22,2,8.0,2,5,0,2,3,4,1.0,2.0,3.0,233,7.871218407248452,3
47,No,Travel_Rarely,Research & Development,8,4,Medical,3750,Female,2,Sales Representative,Married,23660,3.0,17,0,11.0,5,5,1,2,2,3,3.0,3.0,2.0,239,10.865613668061364,3
28,Yes,Travel_Frequently,Sales,1,3,Marketing,3751,Male,2,Laboratory Technician,Single,17060,7.0,12,0,8.0,3,0,0,0,3,3,3.0,1.0,2.0,229,7.600692624939352,3
28,No,Travel_Rarely,Sales,8,4,Marketing,3752,Male,1,Laboratory Technician,Divorced,163070,1.0,16,0,1.0,3,1,0,0,2,3,1.0,3.0,1.0,229,6.122678311499272,3
28,No,Travel_Frequently,Research & Development,9,3,Life Sciences,3753,Female,2,Sales Executive,Single,59330,0.0,11,0,5.0,3,4,1,3,3,3,3.0,1.0,3.0,243,7.012275948788297,3
49,No,Travel_Rarely,Research & Development,5,4,Life Sciences,3754,Female,1,Research Scientist,Married,34240,4.0,11,0,10.0,3,3,1,2,3,3,3.0,1.0,3.0,227,6.390999755261865,3
29,No,Travel_Frequently,Research & Development,8,1,Medical,3755,Male,1,Research Scientist,Married,40370,0.0,14,0,4.0,2,3,0,2,1,3,4.0,2.0,3.0,232,7.127618534482758,3
28,No,Travel_Rarely,Research & Development,5,1,Technical Degree,3756,Male,2,Laboratory Technician,Married,25590,1.0,11,0,8.0,3,8,1,7,2,3,3.0,2.0,2.0,229,5.980724163027654,3
33,No,Travel_Rarely,Research & Development,15,4,Life Sciences,3757,Female,1,Sales Executive,Single,62010,2.0,15,3,14.0,2,0,0,0,2,3,4.0,3.0,3.0,239,8.46134123663413,3
32,No,Travel_Rarely,Research & Development,7,3,Life Sciences,3758,Female,3,Laboratory Technician,Single,44030,2.0,20,0,10.0,3,5,0,0,2,4,3.0,4.0,4.0,227,7.386145374449346,3
54,No,Travel_Frequently,Sales,10,3,Life Sciences,3759,Female,4,Research Scientist,Divorced,37610,3.0,12,0,26.0,3,14,1,12,2,3,2.0,4.0,3.0,243,6.993237311385456,3
29,Yes,Travel_Rarely,Research & Development,5,3,Life Sciences,3760,Female,2,Research Scientist,Single,109340,6.0,17,2,11.0,2,9,0,7,3,3,1.0,1.0,1.0,235,6.535202127659573,3
44,No,Travel_Rarely,Sales,26,1,Marketing,3761,Male,1,Sales Representative,Married,107610,3.0,11,1,24.0,5,20,14,17,2,3,4.0,1.0,4.0,240,7.908601851851847,3
39,No,Travel_Rarely,Sales,6,1,Technical Degree,3762,Female,2,Laboratory Technician,Single,51750,4.0,17,1,9.0,2,2,2,2,4,3,2.0,2.0,3.0,227,7.073531571218794,3
46,No,Travel_Rarely,Research & Development,4,2,Life Sciences,3763,Male,3,Manufacturing Director,Married,138260,8.0,11,0,23.0,1,13,5,1,2,3,3.0,2.0,4.0,232,7.023066331417624,4
35,No,Travel_Rarely,Research & Development,23,4,Life Sciences,3764,Male,2,Research Scientist,Single,63340,1.0,14,0,11.0,2,11,3,3,4,3,4.0,2.0,1.0,235,6.167354609929081,3
23,No,Travel_Rarely,Research & Development,2,4,Medical,3765,Female,2,Manager,Single,49360,0.0,19,1,5.0,2,4,1,2,2,3,1.0,3.0,3.0,227,7.698163240332837,4
40,Yes,Travel_Rarely,Research & Development,2,3,Medical,3766,Male,2,Research Director,Single,47750,3.0,15,1,15.0,3,5,1,0,4,3,4.0,1.0,1.0,236,7.60252707156309,3
34,No,Travel_Rarely,Human Resources,2,3,Human Resources,3767,Male,2,Manufacturing Director,Married,28180,1.0,13,1,10.0,2,10,8,6,3,3,4.0,3.0,3.0,246,10.299240063233961,3
31,Yes,Travel_Frequently,Research & Development,29,3,Life Sciences,3768,Female,2,Healthcare Representative,Single,25150,1.0,14,0,7.0,3,7,7,7,2,3,4.0,3.0,1.0,238,6.394126984126983,3
50,No,Travel_Frequently,Research & Development,6,3,Medical,3769,Male,1,Manager,Single,23420,1.0,12,1,32.0,2,32,13,9,2,3,3.0,4.0,3.0,248,9.987019489247311,3
34,No,Travel_Rarely,Sales,25,5,Marketing,3770,Female,1,Research Scientist,Married,41940,0.0,17,2,12.0,3,11,5,7,3,3,2.0,3.0,3.0,245,10.508235827664402,3
42,No,Travel_Rarely,Research & Development,1,3,Life Sciences,3771,Female,1,Manufacturing Director,Married,106850,4.0,11,3,4.0,2,1,0,0,3,3,3.0,2.0,3.0,241,6.594873213462421,3
37,No,Travel_Rarely,Research & Development,2,2,Medical,3772,Male,1,Research Scientist,Married,20220,1.0,12,0,10.0,1,10,3,7,3,3,1.0,4.0,3.0,237,7.990005860290672,3
29,No,Travel_Rarely,Research & Development,1,3,Medical,3773,Female,1,Manager,Married,23140,3.0,13,0,9.0,5,7,0,7,4,3,3.0,1.0,3.0,231,6.1851791726791685,3
33,No,Travel_Rarely,Research & Development,1,1,Life Sciences,3774,Male,1,Research Scientist,Single,42560,1.0,13,3,5.0,1,5,0,2,3,3,4.0,2.0,3.0,231,7.20106782106782,4
45,No,Travel_Rarely,Sales,3,3,Life Sciences,3775,Male,3,Laboratory Technician,Married,35800,4.0,20,1,8.0,1,5,0,3,2,4,4.0,4.0,3.0,243,6.026891860996802,3
42,No,Travel_Frequently,Human Resources,1,4,Technical Degree,3776,Male,2,Manufacturing Director,Married,31620,2.0,17,2,24.0,1,20,13,9,3,3,4.0,4.0,1.0,243,8.09764403292181,3
40,No,Travel_Rarely,Sales,10,1,Life Sciences,3777,Female,1,Manufacturing Director,Married,65240,0.0,13,1,9.0,2,8,7,1,4,3,1.0,1.0,4.0,227,6.2770509055310795,3
33,No,Travel_Rarely,Research & Development,9,3,Medical,3778,Female,2,Manufacturing Director,Married,28990,1.0,17,0,15.0,3,15,5,7,2,3,2.0,3.0,3.0,243,10.619531321444905,3
40,No,Travel_Rarely,Sales,5,5,Life Sciences,3779,Male,1,Manufacturing Director,Single,52310,1.0,12,2,21.0,4,21,7,7,3,3,3.0,4.0,3.0,236,8.402318738229756,3
24,No,Travel_Rarely,Sales,10,2,Marketing,3780,Male,1,Manufacturing Director,Divorced,23560,0.0,13,0,2.0,5,1,0,0,3,3,3.0,1.0,3.0,239,6.0945513714551405,3
40,No,Non-Travel,Research & Development,7,3,Medical,3781,Male,1,Research Scientist,Divorced,28000,3.0,12,2,8.0,0,2,2,2,2,3,4.0,4.0,3.0,228,8.410671296296297,3
45,No,Travel_Rarely,Research & Development,4,3,Medical,3782,Female,3,Laboratory Technician,Divorced,118360,1.0,22,0,10.0,2,10,7,7,4,4,1.0,2.0,3.0,235,6.6094503546099315,3
35,No,Travel_Rarely,Research & Development,10,1,Life Sciences,3783,Male,1,Healthcare Representative,Married,109030,0.0,11,0,6.0,3,5,4,2,4,3,2.0,3.0,3.0,241,7.8099147072383595,3
32,No,Travel_Rarely,Research & Development,22,4,Medical,3784,Male,1,Sales Executive,Married,29730,3.0,22,0,12.0,0,7,2,5,4,4,4.0,2.0,3.0,242,7.300513085399447,3
36,No,Travel_Rarely,Sales,9,3,Marketing,3785,Female,4,Research Scientist,Single,142750,3.0,18,1,7.0,5,3,1,2,2,3,3.0,4.0,2.0,246,9.103744354110212,3
48,No,Travel_Rarely,Research & Development,12,4,Medical,3786,Male,1,Laboratory Technician,Divorced,55620,8.0,13,1,18.0,2,8,7,7,3,3,3.0,3.0,3.0,244,7.913028233151188,3
29,No,Travel_Rarely,Research & Development,23,4,Life Sciences,3787,Female,2,Healthcare Representative,Married,45370,6.0,18,1,5.0,5,1,0,0,4,3,3.0,3.0,2.0,231,7.811518759018759,3
33,No,Travel_Rarely,Research & Development,9,1,Medical,3788,Male,1,Healthcare Representative,Married,76420,2.0,20,1,8.0,2,2,2,2,2,4,1.0,1.0,1.0,229,7.1189434740417274,3
30,Yes,Travel_Rarely,Research & Development,1,3,Other,3789,Male,3,Sales Executive,Married,179240,1.0,13,2,10.0,2,10,6,7,3,3,2.0,1.0,3.0,228,7.415841861598439,3
38,No,Travel_Frequently,Sales,9,3,Marketing,3790,Male,1,Manufacturing Director,Married,52040,3.0,13,1,10.0,2,6,1,2,3,3,3.0,3.0,3.0,235,6.910209219858154,3
35,No,Travel_Rarely,Sales,7,2,Life Sciences,3791,Male,1,Sales Executive,Single,22770,1.0,12,1,3.0,2,3,1,2,3,3,4.0,1.0,3.0,238,6.799035947712417,3
30,No,Travel_Rarely,Research & Development,14,3,Technical Degree,3792,Male,5,Research Director,Married,27950,3.0,13,0,9.0,4,4,1,3,3,3,3.0,2.0,3.0,227,6.506272638277047,4
35,Yes,Travel_Rarely,Research & Development,2,3,Medical,3793,Female,1,Research Scientist,Divorced,25320,1.0,13,0,1.0,2,1,0,0,1,3,1.0,1.0,3.0,245,9.706298185941039,3
53,Yes,Travel_Rarely,Research & Development,19,3,Life Sciences,3794,Male,2,Manager,Married,25590,0.0,25,0,34.0,2,33,1,9,3,4,3.0,4.0,3.0,241,6.48492392807745,3
38,Yes,Travel_Rarely,Research & Development,2,3,Medical,3795,Female,3,Sales Executive,Married,49080,4.0,19,1,7.0,3,5,1,4,2,3,3.0,2.0,3.0,244,7.579077868852459,3
32,No,Non-Travel,Research & Development,10,4,Life Sciences,3796,Female,5,Research Scientist,Married,23800,4.0,13,0,9.0,5,6,1,2,3,3,4.0,1.0,2.0,237,7.384378809188937,3
48,No,Travel_Rarely,Research & Development,2,5,Life Sciences,3797,Male,1,Sales Executive,Married,47650,8.0,12,1,10.0,4,8,7,6,3,3,3.0,1.0,2.0,237,7.085148851383025,3
34,No,Travel_Rarely,Research & Development,3,3,Life Sciences,3798,Male,2,Sales Executive,Single,20440,1.0,11,0,1.0,2,1,0,0,3,3,1.0,4.0,1.0,230,7.385408212560387,3
55,No,Travel_Rarely,Research & Development,11,1,Medical,3799,Female,1,Laboratory Technician,Married,26930,1.0,18,0,36.0,6,36,2,13,2,3,3.0,4.0,3.0,243,6.403510516689532,4
34,No,Travel_Rarely,Research & Development,2,2,Life Sciences,3800,Male,2,Research Scientist,Married,65860,9.0,18,1,9.0,3,2,2,1,3,3,2.0,4.0,2.0,241,6.107627939142463,3
26,No,Travel_Rarely,Research & Development,4,3,Life Sciences,3801,Male,1,Research Director,Married,32940,1.0,11,0,1.0,6,1,0,0,3,3,1.0,4.0,3.0,226,7.283724188790558,4
38,No,Travel_Rarely,Sales,14,2,Marketing,3802,Female,1,Sales Executive,Married,41710,0.0,23,0,10.0,4,9,7,7,4,4,3.0,2.0,3.0,243,7.048311614083215,4
38,No,Travel_Rarely,Research & Development,2,3,Life Sciences,3803,Female,1,Manufacturing Director,Single,27780,2.0,13,0,8.0,5,3,1,2,2,3,2.0,2.0,4.0,242,7.214350321395774,3
36,No,Travel_Rarely,Human Resources,1,3,Human Resources,3804,Male,1,Research Scientist,Single,23770,6.0,13,2,15.0,3,1,0,0,3,3,2.0,3.0,3.0,238,7.401679505135388,3
29,No,Travel_Rarely,Research & Development,10,3,Life Sciences,3805,Male,1,Sales Representative,Single,24040,1.0,17,0,10.0,3,10,1,5,2,3,2.0,1.0,3.0,228,8.098837719298249,3
35,No,Travel_Rarely,Sales,12,2,Life Sciences,3806,Female,2,Sales Executive,Single,23180,3.0,19,0,10.0,4,5,0,4,4,3,1.0,3.0,3.0,230,9.314351449275364,3
39,No,Travel_Rarely,Sales,2,2,Medical,3807,Female,1,Sales Executive,Married,20080,2.0,12,0,11.0,3,7,7,6,3,3,4.0,3.0,3.0,244,7.8084596994535485,3
29,No,Travel_Frequently,Research & Development,5,1,Medical,3808,Female,1,Research Scientist,Divorced,62440,1.0,22,0,6.0,3,6,1,3,3,4,1.0,4.0,4.0,235,6.787518912529549,3
50,No,Travel_Rarely,Research & Development,4,2,Medical,3809,Female,1,Laboratory Technician,Married,27990,4.0,12,1,27.0,0,1,0,0,1,3,3.0,3.0,3.0,241,9.415903642231445,3
23,No,Travel_Rarely,Research & Development,7,2,Life Sciences,3810,Female,3,Manager,Married,105520,2.0,11,0,4.0,2,2,2,2,3,3,4.0,3.0,3.0,243,6.687368541380883,3
36,No,Travel_Frequently,Sales,21,3,Life Sciences,3811,Male,2,Human Resources,Married,23290,3.0,15,0,9.0,2,3,0,2,3,3,1.0,1.0,3.0,238,9.190074696545292,3
42,No,Travel_Rarely,Research & Development,8,2,Life Sciences,3812,Female,5,Manager,Single,40140,8.0,13,1,24.0,3,1,0,1,3,3,4.0,4.0,3.0,227,6.006545521292214,5
35,No,Travel_Rarely,Sales,4,3,Medical,3813,Female,2,Laboratory Technician,Married,74030,1.0,12,1,10.0,4,10,6,8,3,3,2.0,3.0,2.0,230,6.404425120772948,3
34,No,Travel_Frequently,Research & Development,25,1,Life Sciences,3814,Female,1,Manager,Married,22590,1.0,14,0,8.0,2,8,7,7,3,3,4.0,3.0,2.0,243,5.998565386374029,3
40,No,Travel_Rarely,Research & Development,1,4,Life Sciences,3815,Male,2,Laboratory Technician,Married,69320,1.0,13,0,5.0,5,5,1,2,3,3,4.0,1.0,3.0,234,6.462534425451092,4
43,No,Travel_Rarely,Research & Development,1,1,Other,3816,Male,1,Manager,Divorced,46780,5.0,25,1,8.0,0,6,0,2,4,4,4.0,2.0,3.0,229,7.004932071809799,3
35,No,Travel_Rarely,Sales,6,3,Marketing,3817,Female,3,Sales Representative,Married,135820,1.0,17,1,1.0,3,1,0,1,2,3,3.0,4.0,2.0,239,7.2769119014411885,3
46,No,Travel_Rarely,Research & Development,12,4,Technical Degree,3818,Male,1,Laboratory Technician,Single,23320,1.0,11,0,27.0,2,26,0,12,3,3,4.0,1.0,1.0,235,6.595099290780143,3
28,Yes,Travel_Rarely,Human Resources,1,3,Medical,3819,Female,2,Laboratory Technician,Married,24130,1.0,16,1,10.0,2,1,0,0,3,3,3.0,2.0,3.0,236,8.41511064030132,3
22,No,Non-Travel,Sales,17,2,Marketing,3820,Male,3,Sales Executive,Married,97050,1.0,18,2,4.0,3,4,1,3,2,3,2.0,3.0,2.0,232,8.869073275862071,3
50,No,Travel_Frequently,Research & Development,3,3,Other,3821,Male,2,Research Scientist,Married,42940,2.0,20,0,32.0,2,30,12,13,2,4,2.0,3.0,3.0,245,9.398416099773243,3
32,No,Travel_Rarely,Research & Development,3,2,Life Sciences,3822,Male,3,Research Scientist,Married,47210,3.0,14,1,6.0,3,3,0,2,3,3,2.0,4.0,3.0,227,6.317826725403821,4
44,No,Travel_Rarely,Research & Development,10,3,Technical Degree,3823,Male,3,Manager,Divorced,25190,0.0,21,2,23.0,2,22,1,10,3,4,2.0,4.0,2.0,245,8.811887755102036,3
30,No,Travel_Rarely,Research & Development,4,3,Medical,3824,Female,1,Research Director,Married,21210,1.0,13,1,6.0,2,6,1,1,3,3,2.0,2.0,2.0,231,6.624580327080326,3
45,No,Travel_Rarely,Sales,29,2,Technical Degree,3825,Female,2,Research Scientist,Single,29730,1.0,12,0,10.0,2,10,1,4,3,3,3.0,1.0,3.0,241,8.91392461964039,3
45,No,Non-Travel,Sales,2,4,Life Sciences,3826,Male,2,Manufacturing Director,Married,58550,1.0,14,1,10.0,3,10,4,5,2,3,1.0,1.0,3.0,229,7.914459000485202,3
31,No,Travel_Frequently,Research & Development,7,3,Medical,3827,Male,2,Research Scientist,Single,36170,7.0,21,1,10.0,5,5,0,3,3,4,4.0,1.0,3.0,231,7.231297498797496,3
36,No,Travel_Rarely,Research & Development,18,1,Medical,3828,Male,2,Manufacturing Director,Married,67250,9.0,17,1,7.0,3,3,1,1,3,3,3.0,3.0,3.0,234,10.93972459639126,3
34,No,Travel_Frequently,Sales,28,4,Marketing,3829,Male,5,Manufacturing Director,Divorced,103250,1.0,11,1,9.0,3,9,7,2,2,3,3.0,4.0,3.0,231,6.109448051948052,3
49,No,Travel_Rarely,Research & Development,1,4,Life Sciences,3830,Male,3,Healthcare Representative,Married,69490,1.0,14,1,10.0,2,9,1,4,3,3,3.0,1.0,2.0,238,7.313988095238095,4
39,No,Travel_Rarely,Research & Development,6,2,Life Sciences,3831,Male,3,Research Scientist,Married,106090,2.0,17,1,10.0,2,7,7,7,3,3,2.0,1.0,3.0,232,6.585563936781604,3
27,No,Travel_Rarely,Research & Development,2,1,Life Sciences,3832,Male,4,Research Scientist,Divorced,44470,1.0,13,0,7.0,4,7,0,7,3,3,4.0,1.0,3.0,238,6.093734827264242,3
35,No,Travel_Rarely,Research & Development,2,3,Medical,3833,Female,2,Sales Executive,Married,21570,1.0,25,0,16.0,1,16,1,10,2,4,2.0,1.0,3.0,236,7.603855932203391,3
28,No,Travel_Rarely,Research & Development,23,3,Life Sciences,3834,Male,3,Manufacturing Director,Divorced,46010,0.0,15,2,6.0,2,5,0,0,3,3,2.0,1.0,2.0,237,7.414982419127983,3
21,No,Travel_Rarely,Research & Development,3,1,Life Sciences,3835,Female,1,Laboratory Technician,Single,170990,1.0,14,1,3.0,2,2,2,2,3,3,3.0,4.0,3.0,245,7.892258503401364,3
18,Yes,Travel_Frequently,Research & Development,3,5,Medical,3836,Male,1,Research Director,Single,24790,1.0,12,1,0.0,2,0,0,0,2,3,2.0,4.0,4.0,235,8.430085106382977,3
47,No,Travel_Rarely,Research & Development,25,4,Medical,3837,Male,2,Research Scientist,Married,148520,3.0,19,3,27.0,3,5,1,0,2,3,4.0,3.0,3.0,230,6.0216074879227035,3
39,No,Travel_Rarely,Sales,2,4,Life Sciences,3838,Male,1,Laboratory Technician,Divorced,72640,0.0,17,0,11.0,5,10,0,7,3,3,3.0,3.0,3.0,236,6.903323917137477,4
40,No,Travel_Rarely,Research & Development,22,1,Life Sciences,3839,Male,1,Laboratory Technician,Married,56660,1.0,14,1,18.0,2,18,14,12,3,3,1.0,3.0,3.0,237,7.5859212376933876,3
35,No,Non-Travel,Research & Development,29,3,Medical,3840,Female,2,Sales Executive,Married,78230,1.0,13,1,15.0,3,14,2,9,3,3,3.0,3.0,3.0,233,6.24039699570816,3
37,No,Travel_Rarely,Research & Development,29,4,Technical Degree,3841,Male,1,Laboratory Technician,Married,78800,3.0,12,1,9.0,2,4,0,2,4,3,3.0,3.0,2.0,244,8.00465846994536,3
39,No,Travel_Frequently,Research & Development,2,3,Technical Degree,3842,Female,2,Manager,Single,131940,0.0,11,0,10.0,2,9,3,8,3,3,1.0,3.0,1.0,245,6.680691609977323,3
45,No,Travel_Rarely,Research & Development,28,3,Life Sciences,3843,Female,2,Laboratory Technician,Divorced,50670,1.0,11,2,10.0,3,10,3,9,2,3,4.0,4.0,3.0,232,7.283664990421455,3
38,No,Travel_Rarely,Research & Development,2,4,Life Sciences,3844,Female,3,Sales Executive,Married,50790,3.0,11,0,10.0,3,5,0,2,3,3,4.0,3.0,4.0,237,9.603570089076419,3
35,Yes,Travel_Rarely,Research & Development,2,3,Life Sciences,3845,Male,3,Healthcare Representative,Married,23210,9.0,12,1,15.0,0,13,6,0,3,3,4.0,1.0,3.0,236,5.993160310734469,3
37,No,Travel_Rarely,Research & Development,22,3,Life Sciences,3846,Female,2,Healthcare Representative,Married,174440,1.0,14,0,8.0,4,8,7,7,3,3,2.0,2.0,1.0,230,8.02535265700483,3
40,No,Travel_Rarely,Research & Development,8,3,Technical Degree,3847,Female,2,Healthcare Representative,Single,24040,6.0,17,0,18.0,2,4,3,3,2,3,3.0,4.0,2.0,234,9.252811016144353,3
44,No,Travel_Frequently,Sales,2,2,Marketing,3848,Male,1,Laboratory Technician,Married,34520,4.0,11,1,14.0,2,10,0,2,2,3,1.0,4.0,3.0,246,8.62264453477869,3
48,No,Travel_Frequently,Sales,10,4,Marketing,3849,Female,3,Manager,Married,22700,2.0,14,3,23.0,2,2,2,2,3,3,3.0,4.0,3.0,236,7.094894067796611,3
35,Yes,Travel_Rarely,Research & Development,9,3,Life Sciences,3850,Male,2,Manager,Divorced,173990,6.0,12,0,7.0,3,2,2,2,1,3,1.0,4.0,2.0,241,10.698062471184866,3
24,No,Travel_Frequently,Research & Development,15,3,Life Sciences,3851,Male,2,Research Scientist,Single,54880,1.0,22,1,6.0,6,6,1,3,3,4,1.0,4.0,3.0,244,8.678833105646623,3
27,No,Travel_Rarely,Sales,10,4,Life Sciences,3852,Male,3,Sales Executive,Married,194190,7.0,14,1,5.0,2,3,0,2,1,3,2.0,3.0,3.0,241,7.206112263716002,3
27,No,Travel_Frequently,Research & Development,7,3,Life Sciences,3853,Male,1,Research Scientist,Single,28110,2.0,20,0,6.0,3,4,1,2,3,4,4.0,4.0,2.0,232,6.407136015325671,3
40,Yes,Travel_Rarely,Sales,16,4,Marketing,3854,Male,1,Research Director,Single,36330,3.0,16,2,10.0,0,4,0,3,3,3,1.0,1.0,1.0,238,10.539048786181139,3
29,No,Travel_Rarely,Research & Development,20,1,Medical,3855,Female,2,Manager,Single,41630,9.0,15,1,8.0,4,5,1,4,2,3,3.0,3.0,3.0,229,7.28953056768559,3
36,No,Travel_Rarely,Research & Development,23,3,Life Sciences,3856,Female,3,Sales Executive,Married,21320,4.0,20,0,9.0,1,3,0,2,2,4,2.0,1.0,3.0,233,7.887590605627084,3
25,No,Travel_Frequently,Sales,5,1,Marketing,3857,Male,4,Manufacturing Director,Divorced,139730,1.0,14,0,7.0,3,7,0,7,2,3,4.0,3.0,3.0,233,6.0651466380543635,3
39,No,Travel_Rarely,Sales,10,3,Marketing,3858,Female,2,Research Director,Married,26840,4.0,12,0,7.0,2,5,1,0,3,3,4.0,2.0,3.0,228,6.776572855750485,3
49,No,Travel_Rarely,Sales,4,2,Life Sciences,3859,Male,2,Research Director,Married,108450,3.0,24,0,27.0,4,4,1,2,2,4,1.0,2.0,3.0,235,7.813417257683209,3
50,No,Travel_Rarely,Research & Development,2,2,Medical,3860,Male,3,Sales Executive,Divorced,43770,5.0,12,1,19.0,2,14,1,11,2,3,4.0,1.0,3.0,246,7.787777777777779,3
20,No,Travel_Rarely,Research & Development,18,4,Medical,3861,Female,2,Sales Executive,Single,37430,1.0,13,1,2.0,2,2,2,2,3,3,3.0,3.0,3.0,235,6.6152955082742375,3
34,No,Travel_Rarely,Research & Development,10,3,Medical,3862,Male,3,Laboratory Technician,Divorced,41480,1.0,11,0,11.0,3,11,7,9,3,3,4.0,2.0,3.0,243,7.691735253772293,3
36,No,Travel_Rarely,Research & Development,1,3,Life Sciences,3863,Female,2,Healthcare Representative,Single,10510,2.0,14,0,15.0,2,4,1,3,3,3,1.0,2.0,3.0,231,6.00314093314093,4
49,No,Travel_Rarely,Human Resources,6,2,Life Sciences,3864,Female,2,Research Scientist,Married,107390,2.0,11,3,30.0,3,15,2,12,3,3,3.0,3.0,3.0,245,8.480666666666666,3
36,No,Non-Travel,Research & Development,8,4,Life Sciences,3865,Male,4,Laboratory Technician,Married,103880,0.0,14,0,4.0,2,3,1,2,3,3,4.0,3.0,3.0,232,8.009613266283525,3
36,No,Travel_Rarely,Research & Development,2,2,Medical,3866,Female,2,Healthcare Representative,Divorced,114160,6.0,16,0,13.0,2,5,0,4,3,3,4.0,1.0,3.0,234,6.313820037986706,3
54,No,Travel_Rarely,Sales,24,3,Marketing,3867,Male,1,Laboratory Technician,Married,26000,3.0,14,0,36.0,5,10,4,7,3,3,2.0,3.0,3.0,234,7.590807217473885,3
43,No,Travel_Rarely,Research & Development,2,4,Life Sciences,3868,Female,1,Research Scientist,Married,24220,1.0,11,1,14.0,2,14,6,11,3,3,3.0,3.0,3.0,242,7.602657254361796,3
35,Yes,Travel_Frequently,Research & Development,17,4,Medical,3869,Male,1,Research Director,Single,54720,3.0,11,1,13.0,3,11,6,7,2,3,4.0,4.0,4.0,242,8.362878787878785,3
38,No,Travel_Frequently,Research & Development,19,2,Life Sciences,3870,Male,2,Research Scientist,Married,24510,7.0,12,1,19.0,3,13,2,9,3,3,4.0,4.0,4.0,240,7.185211805555552,3
29,No,Travel_Rarely,Research & Development,1,2,Medical,3871,Male,2,Sales Representative,Divorced,42400,1.0,14,0,10.0,2,10,0,9,2,3,1.0,2.0,2.0,230,10.688967391304349,3
33,No,Travel_Rarely,Research & Development,7,3,Medical,3872,Male,5,Sales Executive,Divorced,109990,1.0,18,3,6.0,3,6,0,4,2,3,4.0,4.0,3.0,243,6.380850480109739,3
32,No,Travel_Rarely,Research & Development,5,4,Technical Degree,3873,Male,5,Research Scientist,Divorced,50030,0.0,13,0,10.0,5,9,1,6,3,3,4.0,2.0,2.0,240,6.61519212962963,3
31,No,Travel_Rarely,Research & Development,28,4,Technical Degree,3874,Female,2,Sales Executive,Married,127420,1.0,11,0,10.0,4,10,0,2,2,3,1.0,4.0,3.0,234,7.401361585944919,3
49,No,Travel_Rarely,Research & Development,2,4,Medical,3875,Male,1,Laboratory Technician,Divorced,42270,4.0,18,0,17.0,3,2,2,2,2,3,4.0,1.0,2.0,231,9.711996151996148,4
38,No,Travel_Frequently,Sales,29,2,Medical,3876,Female,1,Sales Executive,Single,39170,1.0,15,3,4.0,2,4,3,3,3,3,4.0,2.0,3.0,236,7.781927966101696,3
47,No,Travel_Rarely,Research & Development,1,4,Medical,3877,Male,3,Laboratory Technician,Divorced,183030,6.0,22,1,29.0,2,3,1,2,2,4,2.0,2.0,3.0,241,6.705334255417238,3
49,No,Travel_Rarely,Research & Development,21,3,Medical,3878,Male,2,Manufacturing Director,Single,23800,4.0,13,0,23.0,3,8,0,0,1,3,3.0,3.0,3.0,233,6.390048879351456,3
41,No,Travel_Rarely,Research & Development,24,4,Life Sciences,3879,Female,4,Manager,Single,137260,3.0,12,0,21.0,6,2,0,2,4,3,4.0,3.0,3.0,247,10.995572424651376,3
20,No,Travel_Rarely,Research & Development,1,3,Life Sciences,3880,Male,1,Sales Representative,Single,47770,1.0,18,1,2.0,3,2,0,2,3,3,4.0,1.0,3.0,232,7.722351532567048,4
33,No,Non-Travel,Research & Development,18,2,Medical,3881,Female,2,Healthcare Representative,Divorced,63850,1.0,13,0,7.0,6,6,1,2,2,3,3.0,4.0,3.0,247,9.514089068825912,3
36,No,Travel_Rarely,Research & Development,2,2,Technical Degree,3882,Male,3,Sales Executive,Married,199730,6.0,12,0,10.0,2,3,0,2,3,3,1.0,3.0,2.0,240,6.011818287037041,3
44,No,Travel_Rarely,Research & Development,9,3,Technical Degree,3883,Female,3,Healthcare Representative,Divorced,68610,4.0,12,0,8.0,2,2,2,2,2,3,3.0,4.0,3.0,235,8.514237588652486,3
23,Yes,Travel_Rarely,Human Resources,6,3,Life Sciences,3884,Female,3,Laboratory Technician,Single,49690,1.0,12,0,5.0,3,5,1,2,3,3,4.0,3.0,3.0,241,8.11039419087137,3
38,No,Travel_Rarely,Research & Development,11,2,Life Sciences,3885,Male,1,Sales Executive,Married,198450,7.0,11,1,7.0,3,0,0,0,3,3,4.0,3.0,2.0,229,7.406556283357593,4
53,No,Travel_Rarely,Research & Development,24,3,Life Sciences,3886,Male,4,Research Director,Married,133200,3.0,11,0,11.0,2,4,1,2,3,3,2.0,4.0,3.0,232,8.025557950191567,4
48,Yes,Travel_Frequently,Sales,10,2,Marketing,3887,Male,1,Healthcare Representative,Married,63470,2.0,12,1,19.0,3,9,7,7,1,3,4.0,3.0,3.0,241,9.921207929921625,3
32,Yes,Travel_Rarely,Sales,1,3,Life Sciences,3888,Male,2,Research Scientist,Single,27430,1.0,19,1,1.0,2,1,0,0,3,3,4.0,2.0,3.0,244,7.502065118397085,3
26,No,Non-Travel,Research & Development,18,2,Medical,3889,Male,1,Human Resources,Single,108800,1.0,23,1,7.0,5,7,5,7,3,4,4.0,4.0,3.0,241,7.179538958045182,3
55,No,Travel_Rarely,Research & Development,23,1,Life Sciences,3890,Male,5,Laboratory Technician,Divorced,23420,5.0,11,2,8.0,2,4,1,2,3,3,1.0,2.0,3.0,232,7.683146551724133,3
34,No,Travel_Rarely,Sales,28,3,Life Sciences,3891,Female,2,Research Scientist,Married,176500,1.0,19,1,15.0,6,15,4,13,1,3,2.0,4.0,4.0,245,7.971089569160996,3
60,No,Travel_Rarely,Sales,17,4,Medical,3892,Male,1,Manager,Divorced,40250,3.0,13,1,19.0,5,1,0,0,2,3,3.0,4.0,4.0,240,6.223042824074073,3
33,No,Travel_Rarely,Sales,3,3,Life Sciences,3893,Male,3,Manager,Married,97250,1.0,11,0,14.0,0,14,2,13,3,3,2.0,2.0,3.0,238,7.8237838468720815,3
37,No,Travel_Frequently,Research & Development,13,3,Life Sciences,3894,Male,1,Laboratory Technician,Divorced,119040,1.0,12,1,6.0,4,6,1,3,3,3,3.0,4.0,2.0,234,6.5049905033238415,3
34,No,Travel_Rarely,Research & Development,7,2,Life Sciences,3895,Male,1,Healthcare Representative,Married,21770,1.0,13,0,10.0,5,10,8,7,3,3,2.0,4.0,3.0,239,7.099637377963732,4
23,Yes,Travel_Rarely,Research & Development,12,2,Medical,3896,Male,2,Research Scientist,Divorced,75250,1.0,14,2,3.0,2,3,0,2,3,3,3.0,4.0,3.0,238,9.224344070961713,5
44,No,Travel_Rarely,Human Resources,1,3,Life Sciences,3897,Male,1,Research Scientist,Married,48340,1.0,14,0,9.0,1,8,6,7,4,3,3.0,4.0,3.0,242,8.535351239669424,3
35,No,Travel_Frequently,Research & Development,13,3,Life Sciences,3898,Male,3,Sales Executive,Single,20420,0.0,16,0,6.0,2,5,1,4,3,3,1.0,4.0,4.0,241,8.188280313508532,3
43,No,Travel_Rarely,Research & Development,25,4,Life Sciences,3899,Male,2,Sales Executive,Married,22200,1.0,11,0,10.0,2,10,8,8,1,3,4.0,4.0,3.0,235,8.078224586288417,3
24,No,Travel_Rarely,Research & Development,6,3,Life Sciences,3900,Male,3,Sales Executive,Married,10520,1.0,13,0,5.0,3,5,0,4,3,3,3.0,3.0,3.0,245,6.7058401360544195,3
41,No,Travel_Rarely,Sales,6,4,Marketing,3901,Male,1,Research Scientist,Single,28210,1.0,17,0,10.0,3,10,8,7,3,3,4.0,3.0,3.0,233,6.995156175488794,3
29,No,Travel_Rarely,Research & Development,2,2,Life Sciences,3902,Male,2,Research Scientist,Married,192370,9.0,11,1,9.0,2,5,1,2,3,3,4.0,3.0,3.0,230,7.864863526570049,3
36,No,Travel_Rarely,Human Resources,1,4,Life Sciences,3903,Female,3,Research Scientist,Single,41070,3.0,11,1,17.0,2,13,6,7,1,3,3.0,4.0,2.0,234,6.277419278252614,4
45,No,Non-Travel,Sales,2,3,Life Sciences,3904,Female,2,Manufacturing Director,Married,83960,3.0,15,2,25.0,3,23,14,4,2,3,3.0,3.0,2.0,227,6.309411404796873,3
24,Yes,Travel_Rarely,Sales,6,2,Medical,3905,Female,2,Manager,Married,20070,1.0,12,0,1.0,2,1,0,0,2,3,4.0,3.0,3.0,236,6.410934557438794,3
47,Yes,Travel_Frequently,Research & Development,1,3,Medical,3906,Female,2,Sales Executive,Married,196270,7.0,11,2,25.0,1,23,14,10,3,3,3.0,3.0,1.0,240,6.805530092592595,3
26,No,Travel_Rarely,Research & Development,9,1,Medical,3907,Male,1,Sales Executive,Married,106860,1.0,14,1,3.0,2,3,0,2,3,3,4.0,3.0,4.0,239,7.701706183170614,3
45,No,Travel_Rarely,Research & Development,1,4,Life Sciences,3908,Male,1,Research Director,Single,29420,1.0,22,1,21.0,4,21,8,6,3,4,4.0,2.0,3.0,236,6.575021186440677,3
32,No,Travel_Frequently,Sales,1,1,Marketing,3909,Male,2,Laboratory Technician,Married,88580,6.0,16,1,10.0,2,5,1,3,3,3,1.0,3.0,2.0,243,6.894498171010523,3
31,No,Travel_Rarely,Research & Development,14,2,Life Sciences,3910,Male,1,Sales Executive,Married,167560,1.0,11,2,6.0,5,5,0,3,3,3,2.0,3.0,4.0,230,7.224268115942027,3
41,No,Non-Travel,Sales,2,2,Medical,3911,Male,2,Research Scientist,Married,107980,2.0,14,2,10.0,5,3,1,2,1,3,3.0,2.0,3.0,233,7.710550786838341,4
40,No,Travel_Rarely,Research & Development,22,2,Technical Degree,3912,Male,1,Healthcare Representative,Married,23230,2.0,16,1,18.0,2,1,0,0,3,3,2.0,1.0,3.0,239,9.816450488145053,3
24,No,Travel_Rarely,Research & Development,3,3,Life Sciences,3913,Female,1,Research Scientist,Divorced,14160,1.0,15,1,6.0,3,6,1,2,2,3,2.0,1.0,4.0,241,5.979858229598895,3
46,No,Travel_Rarely,Research & Development,6,3,Medical,3914,Male,4,Sales Executive,Single,46150,6.0,12,0,19.0,3,10,0,9,2,3,3.0,2.0,3.0,232,7.615646551724141,3
35,No,Travel_Rarely,Sales,8,4,Life Sciences,3915,Male,1,Laboratory Technician,Married,24610,2.0,20,1,17.0,4,7,0,7,3,4,4.0,3.0,3.0,240,7.405883101851851,3
30,No,Travel_Rarely,Sales,9,4,Marketing,3916,Male,1,Laboratory Technician,Married,87220,1.0,17,1,10.0,3,10,0,8,3,3,2.0,4.0,2.0,230,7.315814009661836,3
47,No,Non-Travel,Research & Development,3,2,Life Sciences,3917,Female,2,Sales Executive,Married,39550,7.0,12,1,4.0,5,1,0,0,3,3,3.0,2.0,1.0,236,7.717876647834277,3
46,No,Travel_Rarely,Research & Development,1,4,Technical Degree,3918,Female,3,Sales Executive,Divorced,99570,4.0,20,0,13.0,1,10,0,3,3,4,3.0,4.0,2.0,231,9.827860750360749,3
36,Yes,Travel_Rarely,Research & Development,1,3,Medical,3919,Male,2,Manufacturing Director,Divorced,33760,5.0,20,0,16.0,3,2,2,2,3,4,2.0,1.0,3.0,247,10.412180611785875,3
32,Yes,Travel_Rarely,Research & Development,26,3,Medical,3920,Female,2,Research Director,Single,88230,6.0,13,2,10.0,3,0,0,0,3,3,1.0,2.0,3.0,229,6.987964580300822,3
23,No,Travel_Rarely,Sales,6,4,Life Sciences,3921,Male,3,Manufacturing Director,Single,103220,1.0,14,2,3.0,2,3,1,2,3,3,3.0,2.0,1.0,231,6.006363636363636,3
31,No,Travel_Frequently,Sales,3,3,Marketing,3922,Male,2,Sales Executive,Single,46210,2.0,18,1,9.0,3,5,1,4,3,3,4.0,4.0,2.0,231,6.496436988936992,3
39,No,Non-Travel,Research & Development,3,3,Life Sciences,3923,Female,2,Manufacturing Director,Married,109760,1.0,11,0,9.0,3,9,5,8,2,3,4.0,4.0,3.0,240,10.19331481481482,3
32,No,Travel_Rarely,Research & Development,6,3,Technical Degree,3924,Male,1,Research Scientist,Married,36600,3.0,11,2,10.0,0,4,0,2,2,3,4.0,3.0,1.0,244,7.591640482695804,3
40,No,Travel_Rarely,Sales,6,3,Life Sciences,3925,Male,3,Manufacturing Director,Single,104820,1.0,11,1,21.0,6,21,12,8,2,3,2.0,2.0,2.0,229,7.906473799126641,3
45,No,Travel_Rarely,Research & Development,19,4,Medical,3926,Male,1,Sales Representative,Married,71190,4.0,15,0,9.0,2,5,0,3,3,3,3.0,3.0,4.0,228,7.790443469785574,3
30,No,Travel_Frequently,Sales,9,3,Life Sciences,3927,Male,1,Research Director,Single,95820,0.0,12,1,10.0,2,9,0,7,3,3,4.0,1.0,3.0,228,6.214679580896682,4
24,No,Travel_Frequently,Sales,3,4,Marketing,3928,Male,1,Sales Executive,Married,45080,0.0,11,1,3.0,5,2,2,1,3,3,1.0,4.0,3.0,241,5.986451129552789,3
30,Yes,Travel_Frequently,Research & Development,10,3,Life Sciences,3929,Female,1,Human Resources,Divorced,22070,6.0,14,0,6.0,4,4,1,2,3,3,3.0,4.0,2.0,228,6.707549951267056,3
31,No,Travel_Rarely,Research & Development,3,2,Life Sciences,3930,Male,3,Laboratory Technician,Married,77560,1.0,15,2,6.0,3,5,0,2,4,3,1.0,3.0,3.0,245,7.606590702947841,3
27,No,Travel_Rarely,Sales,3,3,Life Sciences,3931,Male,1,Manager,Single,66940,1.0,13,1,6.0,2,6,1,4,2,3,3.0,4.0,2.0,228,6.325555555555556,3
29,Yes,Travel_Rarely,Sales,4,3,Marketing,3932,Male,5,Research Scientist,Single,36910,1.0,13,0,2.0,3,2,2,2,3,3,2.0,2.0,3.0,242,6.804979338842975,3
29,No,Travel_Frequently,Research & Development,8,4,Life Sciences,3933,Female,1,Sales Executive,Single,23770,8.0,21,1,10.0,2,3,0,2,3,4,4.0,3.0,4.0,229,8.795385735080053,3
30,No,Travel_Rarely,Sales,7,3,Life Sciences,3934,Male,3,Sales Executive,Divorced,23130,2.0,11,0,12.0,5,7,1,7,3,3,3.0,1.0,3.0,232,8.002729885057471,4
34,No,Travel_Rarely,Research & Development,1,2,Medical,3935,Female,2,Healthcare Representative,Married,176650,0.0,11,0,6.0,5,5,1,2,2,3,4.0,4.0,3.0,244,9.915464480874316,3
33,No,Non-Travel,Research & Development,2,4,Medical,3936,Male,1,Sales Representative,Single,25960,8.0,14,1,13.0,4,11,1,7,3,3,4.0,2.0,2.0,239,7.424654811715485,3
49,No,Travel_Rarely,Sales,3,4,Marketing,3937,Male,1,Sales Executive,Single,47280,3.0,11,1,8.0,4,5,0,4,3,3,4.0,4.0,4.0,239,7.713776150627619,3
33,Yes,Travel_Rarely,Research & Development,10,3,Life Sciences,3938,Male,1,Sales Executive,Single,43020,2.0,13,0,11.0,3,0,0,0,1,3,1.0,1.0,2.0,238,8.306316526610646,3
38,No,Travel_Frequently,Research & Development,28,3,Medical,3939,Male,1,Healthcare Representative,Married,29790,4.0,12,1,9.0,3,6,0,5,3,3,3.0,2.0,2.0,239,7.912287308228728,3
31,Yes,Travel_Rarely,Human Resources,9,4,Human Resources,3940,Male,2,Laboratory Technician,Married,168850,2.0,14,2,10.0,2,1,0,0,3,3,1.0,3.0,3.0,231,6.221997354497347,3
29,No,Travel_Rarely,Research & Development,3,4,Other,3941,Female,2,Sales Representative,Divorced,55930,1.0,13,1,1.0,3,1,0,0,3,3,4.0,1.0,3.0,240,6.287173611111109,3
30,No,Travel_Rarely,Research & Development,2,1,Medical,3942,Male,1,Sales Representative,Married,104450,3.0,18,1,10.0,3,7,1,7,3,3,3.0,3.0,3.0,236,6.788280367231635,3
32,No,Non-Travel,Research & Development,10,4,Life Sciences,3943,Female,1,Laboratory Technician,Single,87400,2.0,11,1,12.0,2,7,0,7,3,3,2.0,2.0,3.0,231,5.982664742664739,4
38,No,Travel_Rarely,Research & Development,8,2,Technical Degree,3944,Female,1,Manufacturing Director,Married,25140,3.0,11,0,15.0,2,1,1,0,2,3,2.0,4.0,3.0,244,9.03638433515483,3
43,Yes,Travel_Frequently,Research & Development,1,4,Other,3945,Male,3,Sales Executive,Married,76550,9.0,12,1,6.0,3,1,0,0,3,3,3.0,3.0,3.0,238,8.40061391223156,3
42,No,Travel_Rarely,Human Resources,1,3,Other,3946,Female,1,Healthcare Representative,Divorced,174650,8.0,13,1,7.0,3,5,0,4,3,3,2.0,2.0,2.0,239,6.699085309158533,3
55,No,Travel_Rarely,Research & Development,3,2,Life Sciences,3947,Female,1,Sales Executive,Married,73510,8.0,20,1,34.0,3,1,0,0,3,4,3.0,1.0,3.0,230,7.598850241545893,3
33,No,Non-Travel,Research & Development,14,3,Other,3948,Male,1,Research Scientist,Divorced,108200,5.0,12,0,11.0,2,9,1,7,3,3,4.0,2.0,2.0,244,6.731928506375229,3
41,No,Travel_Rarely,Research & Development,5,3,Medical,3949,Male,1,Sales Representative,Divorced,121690,1.0,19,0,5.0,2,5,0,4,3,3,3.0,1.0,3.0,242,6.2912017906336075,3
34,No,Non-Travel,Research & Development,7,4,Medical,3950,Female,1,Research Scientist,Divorced,196260,1.0,21,0,15.0,5,15,0,7,2,4,4.0,3.0,3.0,241,8.186905255878287,3
53,No,Non-Travel,Research & Development,10,4,Medical,3951,Male,2,Healthcare Representative,Married,20700,4.0,13,2,27.0,2,3,0,2,4,3,1.0,3.0,2.0,245,8.12312244897959,3
43,No,Travel_Rarely,Sales,16,2,Marketing,3952,Female,1,Laboratory Technician,Single,67820,0.0,16,1,10.0,2,9,1,8,3,3,2.0,4.0,3.0,244,6.0869706284153,3
34,No,Travel_Rarely,Sales,10,2,Life Sciences,3953,Female,5,Sales Executive,Single,77790,5.0,12,1,6.0,2,2,2,2,3,3,4.0,4.0,3.0,240,7.696015046296299,3
21,Yes,Travel_Rarely,Sales,1,2,Marketing,3954,Male,5,Healthcare Representative,Single,27910,1.0,14,0,1.0,3,1,1,0,4,3,2.0,2.0,3.0,230,7.522102657004834,4
38,No,Travel_Rarely,Research & Development,8,2,Life Sciences,3955,Female,2,Sales Executive,Married,32010,1.0,11,1,5.0,3,5,0,4,2,3,4.0,3.0,3.0,237,6.394260431317397,3
22,Yes,Travel_Rarely,Research & Development,1,3,Other,3956,Male,4,Research Scientist,Married,49680,1.0,14,0,1.0,3,1,0,0,3,3,3.0,1.0,3.0,242,8.90772727272728,3
31,No,Travel_Rarely,Research & Development,8,5,Life Sciences,3957,Male,5,Sales Executive,Married,131200,1.0,12,2,13.0,6,12,5,7,2,3,1.0,4.0,3.0,226,7.2956280727630265,3
51,No,Travel_Rarely,Research & Development,1,4,Life Sciences,3958,Female,1,Manager,Married,40330,2.0,14,0,15.0,2,2,2,2,3,3,1.0,3.0,3.0,236,6.686816148775893,3
37,No,Travel_Rarely,Research & Development,24,1,Life Sciences,3959,Male,2,Sales Executive,Married,32910,1.0,16,3,5.0,2,5,0,3,2,3,2.0,2.0,3.0,234,7.9937440645774,3
46,No,Travel_Rarely,Sales,3,4,Marketing,3960,Female,1,Sales Representative,Divorced,42720,7.0,13,0,24.0,3,2,2,2,4,3,3.0,4.0,3.0,231,9.988379028379024,3
36,No,Travel_Rarely,Research & Development,27,3,Technical Degree,3961,Female,4,Research Scientist,Married,50560,7.0,12,0,15.0,2,12,5,7,2,3,4.0,1.0,3.0,242,9.481728650137738,3
44,Yes,Travel_Frequently,Sales,10,4,Life Sciences,3962,Male,1,Research Scientist,Divorced,28440,1.0,12,0,6.0,2,5,2,3,4,3,3.0,2.0,2.0,243,9.291028806584354,3
37,No,Travel_Rarely,Research & Development,19,2,Technical Degree,3963,Male,2,Sales Executive,Divorced,27030,2.0,14,0,19.0,2,10,4,7,3,3,3.0,2.0,2.0,226,6.06843411996067,3
35,Yes,Travel_Rarely,Research & Development,15,4,Life Sciences,3964,Male,2,Research Scientist,Single,19040,1.0,22,1,10.0,4,10,7,7,3,4,3.0,4.0,3.0,239,8.594216643421662,3
33,No,Travel_Rarely,Research & Development,8,5,Medical,3965,Male,2,Laboratory Technician,Married,82240,6.0,19,0,14.0,3,10,7,6,3,3,4.0,1.0,3.0,243,8.043768861454048,3
28,No,Travel_Rarely,Sales,9,3,Medical,3966,Female,2,Sales Executive,Married,47660,1.0,12,0,5.0,3,5,0,3,3,3,3.0,4.0,4.0,244,7.366939890710381,3
39,No,Travel_Rarely,Sales,3,4,Marketing,3967,Female,2,Laboratory Technician,Single,26100,7.0,12,0,9.0,2,4,2,2,2,3,3.0,3.0,3.0,232,6.890665708812261,3
46,No,Non-Travel,Research & Development,9,2,Life Sciences,3968,Male,2,Manufacturing Director,Single,57310,8.0,17,0,6.0,2,2,2,2,3,3,2.0,2.0,3.0,235,6.701427895981083,3
40,No,Travel_Rarely,Research & Development,2,2,Medical,3969,Male,1,Research Director,Married,25390,4.0,12,1,7.0,3,4,0,2,3,3,3.0,1.0,2.0,228,6.609389619883041,3
42,No,Travel_Rarely,Research & Development,7,4,Other,3970,Female,2,Laboratory Technician,Married,57140,5.0,11,0,10.0,2,0,0,0,3,3,2.0,1.0,2.0,241,6.610516366989394,3
35,No,Non-Travel,Sales,10,1,Life Sciences,3971,Female,2,Research Director,Divorced,43230,2.0,18,3,15.0,3,7,1,7,3,3,2.0,4.0,3.0,244,6.684642531876143,3
38,No,Non-Travel,Sales,6,4,Marketing,3972,Male,3,Sales Executive,Divorced,73360,5.0,11,0,13.0,3,11,3,8,3,3,1.0,2.0,3.0,238,7.839338235294119,3
34,Yes,Travel_Frequently,Research & Development,2,1,Life Sciences,3973,Male,1,Manufacturing Director,Married,134990,4.0,23,2,11.0,2,7,0,7,4,4,4.0,1.0,2.0,229,7.8955179524502705,3
37,Yes,Travel_Rarely,Research & Development,24,3,Life Sciences,3974,Male,1,Laboratory Technician,Single,137580,1.0,11,1,10.0,5,10,0,8,3,3,4.0,1.0,1.0,233,6.195063185503099,3
39,No,Travel_Frequently,Research & Development,2,1,Medical,3975,Male,2,Healthcare Representative,Divorced,51550,2.0,18,1,7.0,3,2,2,2,2,3,3.0,4.0,3.0,239,6.1946315667131575,3
43,No,Non-Travel,Human Resources,8,5,Medical,3976,Female,3,Sales Executive,Single,22580,4.0,18,0,7.0,2,3,1,2,3,3,1.0,3.0,2.0,234,7.35381291547958,3
41,No,Travel_Rarely,Research & Development,3,3,Life Sciences,3977,Male,3,Research Scientist,Single,35970,3.0,13,1,11.0,2,3,1,2,1,3,2.0,2.0,1.0,238,7.818558590102708,3
41,No,Travel_Rarely,Research & Development,1,1,Technical Degree,3978,Male,3,Laboratory Technician,Divorced,25150,0.0,18,0,23.0,2,22,13,5,2,3,3.0,3.0,4.0,239,10.283835425383549,3
30,No,Travel_Rarely,Sales,26,3,Marketing,3979,Female,2,Manager,Single,44200,9.0,11,0,9.0,3,7,0,2,3,3,1.0,3.0,3.0,241,7.0870643153527,4
26,Yes,Travel_Rarely,Human Resources,2,1,Technical Degree,3980,Female,3,Sales Executive,Married,65780,0.0,15,2,6.0,3,5,1,4,2,3,4.0,2.0,3.0,245,8.706473922902498,3
46,Yes,Travel_Rarely,Research & Development,10,3,Medical,3981,Male,1,Sales Executive,Married,44220,4.0,11,1,13.0,2,9,3,7,3,3,4.0,2.0,4.0,228,7.980355750487331,3
40,No,Travel_Rarely,Sales,27,2,Medical,3982,Female,3,Sales Executive,Divorced,102740,4.0,18,0,12.0,3,5,0,3,3,3,3.0,4.0,3.0,232,6.624849137931032,3
34,No,Travel_Rarely,Research & Development,2,3,Life Sciences,3983,Male,2,Laboratory Technician,Married,53430,1.0,14,0,10.0,5,10,4,8,2,3,2.0,3.0,3.0,241,7.404434071000465,3
58,No,Non-Travel,Research & Development,2,4,Medical,3984,Male,1,Laboratory Technician,Divorced,23760,4.0,12,1,37.0,3,16,14,14,3,3,2.0,2.0,2.0,232,6.579242097701147,3
35,No,Travel_Rarely,Research & Development,8,1,Technical Degree,3985,Female,3,Manufacturing Director,Married,53460,0.0,14,0,6.0,3,5,0,3,2,3,2.0,3.0,4.0,235,7.400633569739953,4
47,No,Travel_Rarely,Research & Development,19,5,Medical,3986,Female,2,Research Scientist,Divorced,28270,8.0,14,1,28.0,3,22,14,10,3,3,3.0,2.0,3.0,234,10.694584520417857,3
40,No,Travel_Rarely,Research & Development,1,4,Life Sciences,3987,Male,2,Manager,Divorced,199430,2.0,13,1,15.0,3,7,7,7,3,3,2.0,1.0,3.0,238,7.240177404295051,3
54,No,Travel_Rarely,Sales,27,4,Medical,3988,Male,1,Research Scientist,Married,31310,4.0,14,0,14.0,3,7,1,7,2,3,4.0,4.0,2.0,237,7.0599519456165005,3
31,No,Travel_Frequently,Sales,8,4,Other,3989,Female,3,Manufacturing Director,Married,25520,2.0,18,0,9.0,2,3,2,2,3,3,1.0,1.0,3.0,231,7.490254930254929,3
28,No,Travel_Rarely,Sales,1,2,Life Sciences,3990,Male,3,Manager,Married,44770,1.0,15,0,3.0,6,3,1,2,3,3,3.0,1.0,3.0,237,7.590064463197377,5
38,No,Travel_Rarely,Research & Development,19,3,Medical,3991,Female,2,Manufacturing Director,Married,64740,2.0,13,2,20.0,3,4,0,3,1,3,2.0,4.0,2.0,231,9.485377585377593,3
26,No,Travel_Rarely,Sales,8,3,Marketing,3992,Female,1,Healthcare Representative,Single,30330,1.0,12,0,5.0,2,5,1,2,2,3,3.0,4.0,3.0,235,6.127782505910164,3
58,No,Travel_Frequently,Research & Development,10,4,Technical Degree,3993,Female,1,Sales Representative,Married,29360,2.0,13,1,23.0,3,2,2,2,3,3,1.0,3.0,3.0,238,9.595179738562091,3
18,No,Non-Travel,Research & Development,2,3,Life Sciences,3994,Male,3,Sales Representative,Single,186060,1.0,24,2,0.0,4,0,0,0,3,4,2.0,3.0,1.0,228,7.612805799220267,4
31,Yes,Travel_Rarely,Research & Development,2,3,Life Sciences,3995,Male,3,Laboratory Technician,Married,21680,0.0,14,1,2.0,2,1,0,0,3,3,4.0,1.0,3.0,231,6.054205146705146,3
29,Yes,Travel_Rarely,Research & Development,8,2,Medical,3996,Male,1,Manager,Divorced,28530,4.0,14,1,4.0,5,2,2,0,2,3,1.0,1.0,3.0,238,8.719821428571432,3
45,No,Non-Travel,Sales,1,4,Technical Degree,3997,Male,1,Research Scientist,Married,170480,4.0,15,0,10.0,3,8,5,7,2,3,3.0,3.0,4.0,239,7.173255462575544,3
36,No,Travel_Rarely,Sales,2,3,Technical Degree,3998,Female,5,Laboratory Technician,Married,22900,4.0,11,0,15.0,5,1,0,0,3,3,4.0,2.0,3.0,237,10.672969995311767,3
43,No,Travel_Frequently,Sales,8,3,Medical,3999,Male,1,Research Director,Married,36000,1.0,23,0,7.0,2,7,7,7,3,4,1.0,4.0,3.0,236,6.983569915254232,3
27,No,Travel_Frequently,Sales,8,4,Life Sciences,4000,Male,5,Research Scientist,Single,21070,0.0,13,0,6.0,2,5,0,2,3,3,4.0,4.0,2.0,240,10.215344907407395,3
29,No,Travel_Frequently,Research & Development,6,2,Medical,4001,Male,1,Human Resources,Married,41150,1.0,11,0,11.0,1,11,3,10,3,3,4.0,4.0,4.0,233,7.707633524082023,4
32,No,Travel_Frequently,Sales,9,4,Life Sciences,4002,Male,4,Sales Executive,Single,43270,8.0,13,0,4.0,4,0,0,0,3,3,4.0,4.0,4.0,233,7.611351931330474,3
42,No,Non-Travel,Research & Development,11,3,Medical,4003,Male,1,Manager,Married,178560,3.0,18,0,10.0,2,6,3,3,3,3,3.0,3.0,2.0,239,6.489173640167367,3
47,No,Travel_Rarely,Sales,2,2,Life Sciences,4004,Female,5,Manager,Single,31960,4.0,14,1,7.0,3,2,2,0,2,3,2.0,3.0,3.0,234,6.104896723646715,3
46,No,Travel_Rarely,Human Resources,1,3,Life Sciences,4005,Female,1,Laboratory Technician,Divorced,190810,3.0,21,0,12.0,2,9,4,7,3,4,4.0,4.0,2.0,242,7.183088842975209,3
28,No,Non-Travel,Research & Development,7,3,Life Sciences,4006,Male,1,Sales Executive,Divorced,89660,1.0,16,1,3.0,3,3,2,2,2,3,3.0,4.0,3.0,228,7.699578460038981,3
29,No,Travel_Rarely,Research & Development,16,3,Medical,4007,Female,1,Manufacturing Director,Divorced,22100,8.0,11,1,11.0,4,7,1,6,3,3,4.0,3.0,3.0,241,8.028727524204704,3
42,No,Travel_Rarely,Sales,2,4,Medical,4008,Female,2,Research Director,Single,45390,4.0,17,1,8.0,5,0,0,0,3,3,4.0,3.0,3.0,242,6.612405876951334,3
32,Yes,Travel_Rarely,Research & Development,1,1,Medical,4009,Male,2,Laboratory Technician,Single,27410,7.0,11,0,7.0,3,2,2,2,3,3,3.0,2.0,2.0,237,10.377716830754807,3
46,No,Travel_Rarely,Research & Development,23,1,Life Sciences,4010,Male,2,Laboratory Technician,Divorced,34910,2.0,14,0,25.0,0,19,2,8,3,3,1.0,1.0,3.0,233,7.934115402956604,3
27,No,Travel_Rarely,Sales,2,3,Life Sciences,4011,Female,5,Research Scientist,Married,45410,1.0,14,2,9.0,4,9,5,8,4,3,2.0,3.0,3.0,235,7.055443262411349,3
29,No,Travel_Rarely,Research & Development,1,2,Medical,4012,Male,3,Sales Executive,Married,26780,1.0,25,1,1.0,3,1,0,0,3,4,4.0,2.0,3.0,239,8.013264760576472,3
43,No,Travel_Rarely,Research & Development,1,3,Life Sciences,4013,Male,1,Manufacturing Director,Married,73790,7.0,13,2,21.0,3,16,6,14,2,3,1.0,3.0,3.0,241,6.280660442600279,3
48,No,Travel_Rarely,Research & Development,2,3,Life Sciences,4014,Female,2,Manager,Married,62720,4.0,14,0,29.0,3,22,12,9,2,3,4.0,2.0,3.0,243,6.11030064014632,3
29,Yes,Travel_Frequently,Research & Development,13,2,Life Sciences,4015,Female,1,Laboratory Technician,Single,52200,1.0,17,0,1.0,3,1,1,0,2,3,4.0,4.0,2.0,231,8.596432178932183,3
46,Yes,Travel_Rarely,Research & Development,4,4,Medical,4016,Female,2,Sales Representative,Married,27430,5.0,25,1,14.0,1,8,0,7,4,4,3.0,2.0,3.0,240,7.898959490740745,3
27,No,Travel_Frequently,Research & Development,16,4,Medical,4017,Male,3,Healthcare Representative,Married,49980,0.0,20,2,8.0,3,7,7,3,3,4,4.0,1.0,2.0,236,7.688701741996235,3
39,No,Travel_Rarely,Research & Development,2,3,Technical Degree,4018,Male,3,Healthcare Representative,Divorced,102520,8.0,13,1,7.0,3,2,2,2,3,3,4.0,4.0,3.0,238,6.493613445378148,3
55,No,Travel_Rarely,Research & Development,2,3,Life Sciences,4019,Female,1,Human Resources,Married,27810,8.0,13,1,19.0,2,5,0,4,3,3,2.0,4.0,4.0,241,6.178373674504381,3
28,No,Travel_Rarely,Research & Development,29,2,Life Sciences,4020,Male,2,Laboratory Technician,Married,68520,1.0,18,1,1.0,2,1,0,0,4,3,2.0,2.0,3.0,230,6.950778985507246,3
30,Yes,Travel_Rarely,Sales,12,4,Life Sciences,4021,Female,2,Sales Executive,Single,49500,1.0,12,2,1.0,3,1,0,0,3,3,2.0,4.0,2.0,235,7.718414893617016,3
22,Yes,Travel_Rarely,Research & Development,16,2,Life Sciences,4022,Female,2,Laboratory Technician,Single,35790,1.0,19,3,1.0,3,1,0,0,3,3,4.0,2.0,3.0,234,10.512892924976258,3
36,No,Travel_Rarely,Research & Development,11,3,Life Sciences,4023,Male,1,Sales Executive,Married,131910,1.0,14,1,10.0,2,10,1,7,2,3,2.0,3.0,3.0,234,9.490429724596396,3
31,No,Travel_Rarely,Research & Development,2,4,Life Sciences,4024,Female,5,Manager,Divorced,103770,1.0,14,0,10.0,2,10,0,2,3,3,2.0,3.0,3.0,229,7.527197962154292,3
34,No,Travel_Rarely,Sales,14,2,Technical Degree,4025,Female,1,Sales Executive,Married,22350,2.0,14,1,9.0,2,5,1,0,3,3,3.0,4.0,3.0,238,8.067217553688142,3
29,No,Travel_Rarely,Research & Development,5,5,Life Sciences,4026,Female,1,Sales Executive,Single,105020,3.0,12,0,11.0,4,3,1,2,2,3,4.0,1.0,3.0,242,7.11906106519743,3
37,No,Travel_Rarely,Research & Development,7,2,Medical,4027,Male,1,Manufacturing Director,Married,20110,5.0,13,0,16.0,4,5,0,4,4,3,4.0,1.0,3.0,246,8.723634823848231,3
35,No,Travel_Rarely,Sales,2,1,Technical Degree,4028,Male,2,Laboratory Technician,Married,18590,0.0,25,1,4.0,2,3,0,2,2,4,4.0,2.0,3.0,241,10.506960580912859,3
45,No,Travel_Rarely,Research & Development,3,3,Medical,4029,Female,2,Sales Executive,Married,37600,0.0,14,1,10.0,2,9,3,8,2,3,2.0,4.0,2.0,246,7.110689927732611,3
36,No,Travel_Frequently,Research & Development,5,3,Medical,4030,Female,4,Manufacturing Director,Single,177790,1.0,17,1,10.0,5,10,0,8,1,3,2.0,4.0,2.0,232,6.48973898467433,4
40,No,Travel_Rarely,Research & Development,3,3,Other,4031,Male,1,Sales Executive,Divorced,68330,2.0,13,0,22.0,3,19,11,16,3,3,1.0,4.0,3.0,240,6.8324363425925965,4
26,No,Travel_Rarely,Research & Development,26,2,Life Sciences,4032,Male,2,Human Resources,Married,68120,1.0,13,0,1.0,2,1,1,0,2,3,2.0,3.0,2.0,237,9.3057770745429,3
27,No,Travel_Rarely,Research & Development,4,3,Technical Degree,4033,Male,2,Manufacturing Director,Single,51710,0.0,20,1,9.0,1,8,0,7,2,4,1.0,3.0,2.0,237,7.554721050164091,3
48,No,Travel_Frequently,Research & Development,2,3,Life Sciences,4034,Male,2,Research Director,Divorced,197400,3.0,14,0,24.0,2,22,4,7,4,3,4.0,4.0,3.0,232,7.1951664272030635,3
44,No,Travel_Rarely,Sales,1,2,Medical,4035,Male,4,Manager,Married,187110,2.0,12,1,10.0,0,2,2,2,3,3,2.0,1.0,3.0,236,7.083899482109231,3
34,Yes,Non-Travel,Research & Development,27,2,Life Sciences,4036,Female,1,Sales Representative,Married,36920,1.0,12,1,5.0,5,5,3,0,3,3,4.0,1.0,3.0,233,10.2006628516929,3
56,Yes,Travel_Rarely,Human Resources,1,2,Medical,4037,Female,5,Sales Executive,Single,25590,1.0,21,0,5.0,3,4,1,0,3,4,1.0,4.0,3.0,232,6.893758381226057,3
36,No,Travel_Rarely,Research & Development,13,3,Technical Degree,4038,Female,3,Healthcare Representative,Married,25170,2.0,14,0,12.0,3,4,1,3,3,3,3.0,2.0,1.0,242,7.322567722681354,3
41,No,Travel_Rarely,Research & Development,5,3,Life Sciences,4039,Female,1,Sales Executive,Married,66230,5.0,18,0,14.0,3,5,1,4,3,3,3.0,2.0,3.0,238,6.4082341269841265,3
42,No,Travel_Rarely,Research & Development,7,3,Technical Degree,4040,Female,2,Sales Executive,Married,182650,9.0,12,1,18.0,4,13,5,7,3,3,3.0,1.0,4.0,236,7.4215995762711895,4
31,No,Travel_Rarely,Sales,9,4,Life Sciences,4041,Female,1,Sales Executive,Divorced,161240,2.0,23,1,8.0,2,5,1,4,2,4,3.0,4.0,3.0,228,8.306982212475635,4
34,No,Travel_Rarely,Research & Development,8,1,Life Sciences,4042,Female,3,Laboratory Technician,Married,25850,3.0,12,0,9.0,5,4,0,1,3,3,4.0,4.0,2.0,245,9.19716213151927,3
31,No,Travel_Rarely,Sales,25,2,Life Sciences,4043,Female,3,Manufacturing Director,Divorced,182130,8.0,21,2,4.0,3,2,2,2,4,4,1.0,3.0,2.0,232,6.829941331417621,3
26,No,Travel_Frequently,Sales,16,2,Life Sciences,4044,Male,2,Healthcare Representative,Married,83800,0.0,14,0,8.0,3,7,7,7,4,3,3.0,4.0,3.0,239,6.103722687122268,3
45,No,Travel_Frequently,Research & Development,8,4,Life Sciences,4045,Female,2,Manager,Single,29940,4.0,18,1,12.0,2,4,0,3,3,3,2.0,3.0,3.0,230,7.8257874396135305,3
33,No,Travel_Rarely,Sales,1,3,Life Sciences,4046,Female,5,Sales Executive,Single,12230,1.0,13,1,10.0,3,10,0,9,3,3,2.0,3.0,2.0,228,6.405410575048736,3
28,No,Travel_Frequently,Sales,8,3,Life Sciences,4047,Male,4,Research Scientist,Married,11180,1.0,11,0,7.0,3,7,0,7,3,3,3.0,4.0,3.0,246,10.561230803974702,4
29,Yes,Travel_Frequently,Human Resources,2,4,Human Resources,4048,Male,2,Sales Executive,Single,28750,1.0,11,0,1.0,3,1,0,0,3,3,3.0,1.0,3.0,236,6.796933851224103,3
39,No,Non-Travel,Research & Development,8,5,Medical,4049,Female,2,Sales Representative,Married,188240,6.0,19,1,10.0,4,3,1,2,3,3,1.0,3.0,3.0,241,6.29551060396496,3
27,No,Travel_Rarely,Sales,3,2,Technical Degree,4050,Male,2,Healthcare Representative,Married,135770,1.0,12,1,6.0,2,5,1,2,3,3,2.0,2.0,2.0,233,7.257912494039103,3
34,No,Travel_Frequently,Research & Development,9,4,Life Sciences,4051,Female,2,Manufacturing Director,Married,26250,1.0,12,3,16.0,4,15,6,11,3,3,3.0,4.0,3.0,239,8.863294979079502,3
28,Yes,Travel_Rarely,Research & Development,25,3,Technical Degree,4052,Male,1,Research Director,Single,187890,3.0,16,1,6.0,4,2,2,2,3,3,4.0,3.0,3.0,230,9.371956521739131,3
47,No,Non-Travel,Research & Development,1,4,Medical,4053,Male,1,Research Scientist,Married,45380,8.0,11,0,16.0,3,8,1,7,3,3,3.0,2.0,4.0,235,5.990634751773047,3
56,No,Travel_Rarely,Research & Development,4,3,Technical Degree,4054,Female,2,Sales Executive,Married,198470,4.0,14,0,6.0,6,0,0,0,3,3,4.0,1.0,3.0,240,7.896973379629632,3
39,No,Travel_Rarely,Research & Development,1,3,Other,4055,Female,1,Laboratory Technician,Married,105120,1.0,12,1,10.0,2,10,7,9,3,3,1.0,1.0,3.0,231,7.016283068783067,3
38,No,Travel_Frequently,Research & Development,4,2,Medical,4056,Female,1,Manager,Divorced,44440,1.0,13,0,20.0,2,20,0,7,3,3,4.0,2.0,3.0,248,10.781477374551963,3
58,No,Travel_Rarely,Sales,5,3,Marketing,4057,Male,5,Sales Representative,Married,21540,4.0,21,1,29.0,3,1,0,0,3,4,4.0,4.0,2.0,242,9.92389003673095,3
32,Yes,Travel_Frequently,Research & Development,9,3,Life Sciences,4058,Male,2,Laboratory Technician,Single,191900,3.0,17,1,8.0,2,4,0,3,3,3,1.0,3.0,3.0,235,10.213899527186756,3
38,No,Travel_Rarely,Research & Development,3,4,Life Sciences,4059,Female,1,Sales Representative,Divorced,44900,2.0,21,1,10.0,1,5,0,3,3,4,2.0,4.0,4.0,243,7.610720164609057,3
49,No,Travel_Frequently,Sales,11,4,Life Sciences,4060,Male,2,Research Scientist,Married,35060,3.0,11,1,28.0,4,5,4,3,2,3,2.0,4.0,3.0,226,6.307485250737462,3
42,No,Travel_Rarely,Sales,1,3,Life Sciences,4061,Female,1,Sales Executive,Divorced,23720,3.0,12,1,14.0,3,0,0,0,3,3,2.0,4.0,3.0,235,8.693173758865248,3
27,Yes,Travel_Frequently,Sales,8,1,Life Sciences,4062,Male,4,Laboratory Technician,Married,102310,1.0,13,1,1.0,2,1,0,0,3,3,1.0,2.0,3.0,227,6.4987310327949075,3
35,No,Travel_Rarely,Research & Development,25,1,Medical,4063,Male,1,Sales Executive,Married,54100,0.0,18,0,6.0,4,5,0,4,3,3,2.0,1.0,1.0,240,6.553021990740741,3
28,No,Non-Travel,Research & Development,21,1,Medical,4064,Male,3,Research Scientist,Single,79780,1.0,16,2,5.0,2,5,1,4,3,3,3.0,3.0,2.0,231,6.708564213564213,3
31,No,Non-Travel,Sales,23,1,Medical,4065,Male,1,Sales Executive,Divorced,38670,1.0,11,1,4.0,4,4,2,3,4,3,3.0,1.0,4.0,234,9.772402659069321,3
36,No,Non-Travel,Research & Development,1,3,Life Sciences,4066,Male,2,Research Scientist,Married,28380,1.0,19,2,5.0,5,5,0,2,1,3,1.0,2.0,3.0,234,7.112342117758783,3
34,No,Travel_Rarely,Sales,2,3,Marketing,4067,Male,4,Healthcare Representative,Single,46950,1.0,16,1,14.0,2,14,2,1,3,3,1.0,4.0,2.0,229,5.993801552644354,5
34,No,Travel_Rarely,Research & Development,19,3,Technical Degree,4068,Female,1,Research Director,Divorced,33390,1.0,16,0,9.0,2,8,1,1,2,3,4.0,3.0,2.0,242,6.7937362258953184,3
26,No,Travel_Rarely,Research & Development,2,2,Life Sciences,4069,Male,2,Research Scientist,Single,20800,0.0,13,0,8.0,6,7,7,6,4,3,3.0,1.0,2.0,239,6.788305439330546,3
29,No,Travel_Rarely,Research & Development,2,4,Other,4070,Male,2,Laboratory Technician,Married,20960,0.0,22,0,6.0,2,5,0,2,4,4,1.0,1.0,2.0,244,7.71012750455374,3
32,No,Non-Travel,Research & Development,3,1,Life Sciences,4071,Male,3,Manager,Divorced,62090,5.0,17,1,9.0,5,5,1,2,4,3,3.0,4.0,3.0,243,6.603065843621398,3
31,No,Travel_Frequently,Research & Development,25,5,Technical Degree,4072,Female,2,Human Resources,Married,180610,1.0,14,1,10.0,2,10,8,7,3,3,4.0,1.0,3.0,236,6.934000706214686,3
28,Yes,Travel_Rarely,Sales,7,5,Life Sciences,4073,Female,2,Sales Representative,Divorced,171230,5.0,15,1,6.0,2,4,0,3,2,3,3.0,4.0,2.0,243,6.290863054412437,3
38,No,Travel_Rarely,Research & Development,9,2,Technical Degree,4074,Male,3,Sales Representative,Single,23720,4.0,12,0,20.0,3,1,0,0,2,3,1.0,1.0,2.0,237,7.242158931082981,3
35,No,Travel_Rarely,Research & Development,5,3,Life Sciences,4075,Male,2,Sales Representative,Married,48830,1.0,18,1,10.0,1,10,0,9,1,3,3.0,4.0,3.0,229,8.811529597282874,3
27,No,Travel_Rarely,Sales,2,3,Life Sciences,4076,Female,1,Manager,Single,39040,1.0,15,0,7.0,2,7,0,7,3,3,4.0,4.0,3.0,237,7.88938935771214,3
32,No,Travel_Rarely,Research & Development,8,1,Medical,4077,Female,2,Research Scientist,Single,46270,8.0,17,1,8.0,2,1,0,0,2,3,4.0,4.0,3.0,241,7.321815352697094,3
31,Yes,Travel_Frequently,Research & Development,2,1,Other,4078,Male,3,Sales Executive,Married,70940,1.0,14,1,10.0,2,10,0,8,3,3,1.0,4.0,3.0,232,10.317862787356312,3
53,Yes,Travel_Rarely,Research & Development,18,3,Medical,4079,Male,1,Research Scientist,Single,34230,6.0,15,1,15.0,4,2,2,2,3,3,1.0,1.0,2.0,240,10.808652777777777,3
54,No,Travel_Rarely,Research & Development,14,3,Other,4080,Male,3,Research Scientist,Married,66740,3.0,17,1,9.0,2,4,2,3,3,3,1.0,3.0,2.0,230,7.858071256038649,3
33,No,Travel_Frequently,Research & Development,2,4,Medical,4081,Female,4,Sales Executive,Divorced,168800,1.0,14,3,9.0,2,9,2,8,3,3,4.0,3.0,3.0,243,7.887598308184728,3
43,No,Travel_Rarely,Research & Development,3,3,Medical,4082,Male,1,Research Scientist,Married,90940,1.0,12,1,10.0,0,10,0,9,3,3,1.0,3.0,3.0,242,7.52021235078053,3
38,No,Travel_Frequently,Research & Development,2,5,Medical,4083,Female,4,Sales Executive,Married,84460,0.0,14,0,7.0,3,6,1,2,2,3,4.0,2.0,3.0,236,8.003354519774012,3
55,No,Travel_Rarely,Sales,9,3,Marketing,4084,Male,2,Laboratory Technician,Married,119160,4.0,15,1,35.0,3,10,1,4,2,3,3.0,2.0,3.0,242,8.175601469237831,3
31,No,Travel_Rarely,Sales,6,3,Other,4085,Male,1,Manufacturing Director,Divorced,45340,1.0,13,0,1.0,2,1,0,0,3,3,4.0,4.0,3.0,236,10.813751177024475,3
39,No,Travel_Rarely,Research & Development,4,3,Life Sciences,4086,Male,2,Sales Executive,Single,98520,0.0,12,1,21.0,5,20,11,10,2,3,2.0,1.0,3.0,240,6.08930208333334,3
42,No,Non-Travel,Research & Development,10,4,Life Sciences,4087,Female,2,Research Scientist,Single,61510,1.0,13,1,20.0,3,20,3,7,3,3,4.0,3.0,3.0,230,6.598213768115939,3
31,No,Non-Travel,Research & Development,14,2,Life Sciences,4088,Male,2,Healthcare Representative,Married,23020,4.0,14,0,13.0,3,11,4,8,3,3,3.0,3.0,4.0,235,6.097765957446814,4
54,No,Travel_Rarely,Research & Development,1,3,Medical,4089,Female,2,Human Resources,Single,23620,6.0,13,1,9.0,2,5,1,4,4,3,3.0,1.0,3.0,246,10.500978997289964,3
24,No,Travel_Rarely,Research & Development,5,4,Other,4090,Male,1,Manufacturing Director,Single,178610,1.0,11,2,4.0,5,4,1,2,1,3,2.0,3.0,2.0,226,6.874406342182894,4
23,No,Travel_Rarely,Research & Development,7,3,Life Sciences,4091,Male,2,Research Scientist,Single,191870,1.0,11,1,5.0,2,5,1,4,3,3,4.0,4.0,4.0,240,7.025246527777774,4
40,No,Travel_Frequently,Research & Development,21,3,Medical,4092,Female,3,Research Scientist,Married,197170,1.0,21,0,10.0,1,10,9,4,2,4,4.0,3.0,4.0,242,7.79997359963269,3
40,No,Travel_Rarely,Research & Development,8,1,Medical,4093,Female,5,Research Scientist,Married,35440,3.0,18,3,15.0,3,11,5,10,2,3,2.0,2.0,3.0,239,6.187881218038117,3
25,No,Travel_Rarely,Sales,20,5,Medical,4094,Female,2,Laboratory Technician,Married,85000,4.0,12,0,6.0,2,2,1,2,3,3,3.0,2.0,3.0,235,6.211339243498818,3
30,No,Travel_Rarely,Human Resources,20,4,Life Sciences,4095,Male,2,Research Scientist,Married,46610,1.0,11,0,12.0,3,12,1,7,2,3,4.0,2.0,2.0,235,6.11786879432624,3
25,No,Travel_Rarely,Research & Development,7,2,Medical,4096,Male,5,Sales Executive,Divorced,41030,6.0,15,1,7.0,2,2,0,2,3,3,4.0,3.0,2.0,235,10.196005910165486,3
47,No,Travel_Rarely,Research & Development,1,4,Life Sciences,4097,Male,2,Sales Executive,Single,42490,2.0,13,1,25.0,2,17,12,11,2,3,1.0,3.0,3.0,240,7.794042824074075,3
33,No,Non-Travel,Research & Development,1,3,Life Sciences,4098,Male,2,Research Scientist,Divorced,140260,1.0,12,0,1.0,4,1,0,0,3,3,2.0,3.0,2.0,240,6.203211805555556,3
38,No,Travel_Rarely,Research & Development,19,3,Life Sciences,4099,Female,2,Sales Executive,Married,68930,0.0,17,0,16.0,3,15,5,8,3,3,4.0,2.0,3.0,245,7.914535147392293,3
31,No,Travel_Rarely,Research & Development,10,4,Medical,4100,Female,3,Sales Executive,Married,61250,0.0,13,1,3.0,3,2,1,2,3,3,1.0,3.0,3.0,235,7.226888888888884,3
38,No,Travel_Frequently,Research & Development,1,4,Other,4101,Male,2,Research Scientist,Married,36690,2.0,19,0,10.0,2,8,7,7,3,3,1.0,3.0,3.0,235,6.494887706855794,3
42,No,Travel_Rarely,Research & Development,6,3,Medical,4102,Male,2,Laboratory Technician,Divorced,100080,6.0,19,1,9.0,3,4,1,2,1,3,4.0,1.0,2.0,243,9.803851165980792,3
41,No,Travel_Rarely,Sales,2,2,Medical,4103,Male,1,Healthcare Representative,Married,23870,3.0,17,1,12.0,1,5,1,0,1,3,4.0,4.0,3.0,229,7.670736293061624,3
47,No,Non-Travel,Research & Development,21,2,Medical,4104,Male,1,Sales Executive,Married,46390,0.0,11,1,14.0,2,13,5,12,2,3,3.0,2.0,1.0,242,7.224853076216712,3
35,No,Travel_Rarely,Research & Development,4,3,Life Sciences,4105,Male,2,Healthcare Representative,Married,78980,7.0,15,0,5.0,2,2,2,2,2,3,4.0,3.0,3.0,238,10.381681839402427,3
22,No,Travel_Rarely,Human Resources,12,1,Human Resources,4106,Male,2,Sales Executive,Single,25340,0.0,11,0,4.0,1,3,1,2,3,3,4.0,3.0,4.0,229,6.414363173216882,3
35,No,Travel_Rarely,Research & Development,9,3,Medical,4107,Female,2,Sales Executive,Single,131420,1.0,25,2,10.0,4,10,0,8,3,4,2.0,3.0,3.0,239,7.986352859135288,3
33,No,Travel_Rarely,Sales,3,4,Medical,4108,Male,3,Healthcare Representative,Married,16110,0.0,14,0,10.0,2,9,8,1,2,3,2.0,4.0,3.0,229,9.07009825327511,3
32,No,Travel_Rarely,Research & Development,3,2,Technical Degree,4109,Male,3,Manufacturing Director,Single,53630,1.0,13,0,6.0,4,6,4,1,3,3,3.0,2.0,3.0,229,6.992426006792818,3
40,No,Travel_Rarely,Research & Development,1,4,Medical,4110,Male,2,Research Director,Married,50710,8.0,17,1,8.0,3,1,0,0,2,3,1.0,4.0,2.0,239,6.217579033007901,3
32,No,Travel_Rarely,Research & Development,1,2,Medical,4111,Male,3,Sales Executive,Married,136950,0.0,13,0,3.0,3,2,2,2,3,3,2.0,2.0,3.0,235,6.021211583924353,3
39,No,Travel_Rarely,Research & Development,4,4,Life Sciences,4112,Male,1,Sales Executive,Single,134020,7.0,14,1,18.0,1,7,1,7,3,3,1.0,4.0,3.0,236,8.004868173258002,3
38,No,Travel_Rarely,Sales,20,4,Medical,4113,Female,2,Research Director,Married,20290,3.0,11,1,20.0,3,18,1,11,2,3,2.0,3.0,3.0,242,8.043720156106513,3
32,No,Travel_Rarely,Research & Development,18,3,Life Sciences,4114,Male,2,Manager,Married,63770,1.0,12,2,14.0,3,14,5,7,3,3,3.0,4.0,3.0,238,7.899861111111108,3
37,No,Travel_Rarely,Research & Development,1,3,Life Sciences,4115,Female,4,Sales Executive,Married,54290,1.0,17,1,16.0,3,16,6,8,3,3,3.0,4.0,3.0,233,9.395383881735809,3
25,No,Travel_Rarely,Research & Development,2,4,Medical,4116,Female,2,Manufacturing Director,Divorced,27850,0.0,21,0,6.0,2,5,0,4,3,4,1.0,3.0,2.0,242,7.972672176308541,3
52,No,Non-Travel,Research & Development,2,4,Other,4117,Male,1,Manager,Divorced,46140,2.0,16,1,16.0,3,9,0,0,3,3,1.0,4.0,3.0,237,6.776608063759965,3
44,No,Travel_Rarely,Research & Development,8,1,Life Sciences,4118,Female,1,Sales Representative,Single,26100,6.0,15,0,6.0,2,4,1,2,3,3,2.0,4.0,3.0,236,10.798694679849339,3
21,No,Travel_Rarely,Sales,10,5,Medical,4119,Male,3,Research Scientist,Single,66870,1.0,19,3,2.0,0,2,1,2,3,3,3.0,1.0,3.0,236,8.192936676082867,3
39,No,Non-Travel,Research & Development,3,4,Life Sciences,4120,Female,2,Research Director,Single,47240,2.0,12,1,21.0,4,6,1,3,4,3,4.0,4.0,2.0,239,6.270208042770803,3
23,Yes,Travel_Frequently,Research & Development,2,4,Life Sciences,4121,Female,2,Manufacturing Director,Married,61790,1.0,11,0,1.0,3,1,1,0,3,3,4.0,1.0,2.0,245,7.9985997732426295,3
36,No,Travel_Rarely,Research & Development,24,3,Life Sciences,4122,Female,2,Laboratory Technician,Married,61200,0.0,19,0,10.0,2,9,3,4,3,3,1.0,4.0,3.0,234,7.837768281101616,3
36,No,Travel_Frequently,Research & Development,16,1,Medical,4123,Male,2,Sales Executive,Divorced,105960,7.0,15,0,18.0,3,4,0,2,2,3,4.0,2.0,3.0,243,7.801609510745315,3
56,No,Non-Travel,Research & Development,8,1,Life Sciences,4124,Male,1,Sales Executive,Divorced,54670,1.0,20,0,13.0,6,13,1,9,2,4,3.0,3.0,2.0,232,6.571621168582379,4
29,Yes,Travel_Rarely,Research & Development,9,4,Medical,4125,Male,2,Sales Representative,Married,29960,9.0,25,0,4.0,4,2,2,2,3,4,1.0,4.0,4.0,247,10.940326135852452,3
42,No,Travel_Rarely,Research & Development,17,1,Life Sciences,4126,Male,3,Research Scientist,Married,99980,5.0,24,2,24.0,3,22,4,14,2,4,1.0,3.0,2.0,237,7.361333802156587,3
56,Yes,Travel_Rarely,Sales,10,4,Other,4127,Male,2,Sales Executive,Married,40780,8.0,24,1,14.0,3,10,9,8,3,4,4.0,3.0,1.0,240,6.802081018518519,3
41,No,Travel_Rarely,Research & Development,13,4,Life Sciences,4128,Female,1,Healthcare Representative,Married,109200,0.0,15,1,21.0,3,20,0,10,4,3,1.0,2.0,3.0,240,7.776606481481483,3
34,No,Travel_Rarely,Sales,1,3,Medical,4129,Female,1,Laboratory Technician,Married,62320,1.0,13,1,8.0,3,8,1,7,3,3,4.0,3.0,3.0,244,7.387210837887069,3
36,No,Non-Travel,Sales,1,1,Medical,4130,Female,1,Human Resources,Divorced,132470,1.0,14,0,15.0,3,15,11,11,3,3,4.0,4.0,2.0,234,7.725861823361823,3
41,No,Travel_Rarely,Research & Development,1,5,Medical,4131,Male,1,Healthcare Representative,Divorced,40810,2.0,13,0,14.0,3,5,0,4,3,3,3.0,2.0,3.0,228,7.090625000000002,3
32,No,Travel_Rarely,Sales,9,4,Life Sciences,4132,Female,2,Research Scientist,Single,57690,1.0,11,0,4.0,3,4,1,2,3,3,4.0,1.0,3.0,236,6.661144067796609,3
35,No,Travel_Rarely,Research & Development,16,3,Medical,4133,Female,2,Healthcare Representative,Single,23940,1.0,16,1,9.0,3,9,1,7,3,3,3.0,4.0,3.0,241,10.475925541724306,3
38,No,Travel_Rarely,Research & Development,23,3,Medical,4134,Male,3,Sales Representative,Married,39040,1.0,22,0,10.0,3,10,1,9,2,4,1.0,4.0,3.0,235,6.9270815602836855,3
50,Yes,Travel_Frequently,Sales,4,2,Life Sciences,4135,Female,2,Laboratory Technician,Divorced,167990,7.0,14,1,12.0,2,6,0,1,2,3,2.0,3.0,3.0,241,7.1875864453665255,3
36,No,Travel_Rarely,Research & Development,22,4,Life Sciences,4136,Male,1,Healthcare Representative,Married,29500,4.0,14,0,8.0,1,6,0,0,2,3,2.0,4.0,2.0,234,6.304837369420705,3
45,No,Travel_Rarely,Sales,24,3,Life Sciences,4137,Male,1,Laboratory Technician,Single,36290,8.0,16,1,8.0,2,5,0,1,4,3,4.0,3.0,3.0,235,6.104605200945628,3
40,No,Travel_Rarely,Sales,10,4,Life Sciences,4138,Male,1,Research Scientist,Single,93620,2.0,11,1,8.0,6,2,2,2,3,3,3.0,3.0,3.0,232,6.195991379310343,3
35,No,Travel_Frequently,Sales,7,2,Life Sciences,4139,Male,2,Manufacturing Director,Married,32290,1.0,25,0,10.0,2,10,0,2,2,4,3.0,3.0,4.0,238,8.405673436041077,3
40,No,Travel_Rarely,Research & Development,17,4,Life Sciences,4140,Male,1,Manager,Married,35780,2.0,14,1,20.0,2,5,0,2,3,3,3.0,3.0,3.0,231,7.508661616161615,3
35,No,Travel_Rarely,Human Resources,14,1,Life Sciences,4141,Male,2,Research Scientist,Married,79880,1.0,18,0,4.0,3,4,1,1,3,3,3.0,4.0,3.0,229,6.858034934497817,3
29,No,Travel_Rarely,Research & Development,1,3,Medical,4142,Male,3,Sales Executive,Married,42840,4.0,11,0,10.0,5,4,0,3,2,3,4.0,2.0,3.0,232,9.82063457854406,3
29,No,Travel_Rarely,Research & Development,5,3,Medical,4143,Male,2,Sales Representative,Single,75530,1.0,19,0,5.0,3,5,0,4,3,3,4.0,1.0,1.0,228,6.062686403508775,3
50,Yes,Travel_Rarely,Research & Development,17,3,Medical,4144,Male,1,Research Scientist,Divorced,173280,4.0,15,2,20.0,1,3,2,0,3,3,4.0,1.0,3.0,241,9.617874596588289,3
39,No,Travel_Rarely,Sales,25,3,Medical,4145,Male,2,Sales Executive,Married,197010,0.0,11,0,21.0,3,20,9,6,4,3,2.0,4.0,2.0,243,7.537574302697756,3
31,No,Non-Travel,Research & Development,8,4,Life Sciences,4146,Female,4,Sales Executive,Single,147320,0.0,12,0,10.0,3,9,1,7,3,3,2.0,1.0,3.0,244,7.3139560564663,3
26,No,Travel_Rarely,Research & Development,11,4,Medical,4147,Male,2,Manager,Single,92780,0.0,20,0,5.0,3,4,0,0,3,4,4.0,3.0,3.0,230,7.488528985507249,3
36,No,Travel_Frequently,Research & Development,5,1,Technical Degree,4148,Male,1,Sales Executive,Married,13590,4.0,12,0,17.0,2,5,0,3,3,3,3.0,4.0,3.0,240,7.731271990740745,3
39,No,Travel_Rarely,Research & Development,2,1,Medical,4149,Female,1,Research Scientist,Married,47790,4.0,14,2,9.0,3,7,1,7,3,3,4.0,1.0,3.0,232,5.986141044061305,3
27,No,Travel_Rarely,Research & Development,8,2,Medical,4150,Male,1,Laboratory Technician,Married,164220,1.0,20,1,6.0,3,6,0,3,3,4,2.0,2.0,3.0,231,9.328113275613282,3
49,No,Travel_Frequently,Research & Development,6,1,Medical,4151,Male,3,Healthcare Representative,Married,29960,2.0,18,1,17.0,2,9,0,8,2,3,4.0,2.0,2.0,240,6.417208333333334,3
34,No,Travel_Rarely,Sales,4,3,Medical,4152,Female,1,Sales Executive,Married,12610,2.0,14,1,6.0,6,4,1,2,3,3,2.0,3.0,4.0,226,6.470389626352018,4
41,Yes,Travel_Rarely,Research & Development,7,2,Life Sciences,4153,Female,1,Research Scientist,Single,20990,8.0,12,1,8.0,2,6,0,5,3,3,2.0,4.0,1.0,234,8.586371082621078,3
49,No,Travel_Frequently,Sales,1,4,Life Sciences,4154,Female,2,Manufacturing Director,Married,58100,1.0,21,1,10.0,2,10,1,7,3,4,3.0,2.0,3.0,239,6.697658066015809,3
37,Yes,Travel_Rarely,Research & Development,2,3,Life Sciences,4155,Male,1,Sales Executive,Single,56470,6.0,19,0,7.0,2,0,0,0,3,3,4.0,3.0,3.0,237,8.49064932020628,3
33,No,Travel_Frequently,Research & Development,10,2,Medical,4156,Male,2,Research Scientist,Married,34200,1.0,14,0,8.0,3,8,3,0,3,3,4.0,3.0,3.0,244,9.498488160291435,3
27,No,Travel_Rarely,Sales,5,4,Medical,4157,Female,4,Manufacturing Director,Married,44000,9.0,17,1,6.0,3,2,2,2,2,3,1.0,2.0,3.0,229,6.415852741387677,3
32,No,Travel_Frequently,Research & Development,9,2,Medical,4158,Female,2,Research Scientist,Single,35000,0.0,16,1,8.0,2,7,3,6,2,3,4.0,4.0,2.0,241,7.343237667127712,3
59,No,Travel_Rarely,Sales,2,2,Marketing,4159,Female,5,Sales Representative,Married,20660,4.0,12,1,12.0,3,1,0,0,3,3,3.0,1.0,2.0,235,10.021274231678493,3
30,No,Travel_Rarely,Research & Development,11,4,Medical,4160,Male,2,Laboratory Technician,Divorced,171690,1.0,17,2,1.0,2,1,0,0,3,3,4.0,3.0,3.0,233,6.388534811635667,3
38,No,Travel_Frequently,Sales,18,4,Life Sciences,4161,Male,2,Healthcare Representative,Single,41620,0.0,15,1,10.0,1,9,1,8,3,3,4.0,3.0,3.0,230,7.987472222222221,3
36,No,Travel_Rarely,Research & Development,7,3,Life Sciences,4162,Male,1,Sales Executive,Married,92040,6.0,23,1,17.0,2,7,7,7,3,4,3.0,3.0,2.0,234,7.807432336182337,3
35,No,Travel_Rarely,Human Resources,3,4,Human Resources,4163,Male,2,Manager,Married,32940,0.0,11,0,6.0,2,5,0,3,3,3,1.0,2.0,3.0,232,7.505974616858241,3
29,No,Travel_Rarely,Sales,29,4,Life Sciences,4164,Male,2,Laboratory Technician,Single,21270,0.0,11,1,10.0,3,9,0,8,2,3,4.0,3.0,3.0,248,10.70136312724014,3
31,No,Travel_Rarely,Research & Development,2,2,Medical,4165,Male,2,Laboratory Technician,Divorced,39750,1.0,15,1,5.0,3,5,4,3,3,3,1.0,3.0,2.0,236,6.289178436911491,3
34,No,Travel_Rarely,Research & Development,28,3,Technical Degree,4166,Male,1,Laboratory Technician,Divorced,107930,0.0,11,3,3.0,1,2,1,2,2,3,2.0,4.0,3.0,231,7.597329244829243,3
28,Yes,Travel_Rarely,Research & Development,1,4,Life Sciences,4167,Male,5,Research Director,Single,100960,5.0,13,0,6.0,2,4,0,3,3,3,3.0,3.0,3.0,229,10.496136584182437,4
29,No,Travel_Rarely,Research & Development,16,2,Life Sciences,4168,Female,4,Laboratory Technician,Divorced,36460,1.0,14,0,10.0,3,10,8,8,4,3,2.0,1.0,3.0,234,8.015278964862294,4
32,No,Travel_Rarely,Human Resources,22,3,Human Resources,4169,Female,2,Research Director,Divorced,74460,0.0,19,0,7.0,3,6,0,5,3,3,1.0,2.0,2.0,239,10.699560669456071,5
22,No,Non-Travel,Research & Development,8,3,Life Sciences,4170,Female,3,Sales Executive,Divorced,108510,1.0,16,1,1.0,2,1,0,0,4,3,4.0,4.0,2.0,231,9.981459836459837,3
53,No,Travel_Rarely,Research & Development,11,3,Medical,4171,Male,2,Manager,Married,21090,2.0,13,0,31.0,3,25,3,7,3,3,1.0,4.0,3.0,236,8.030597928436915,3
38,No,Travel_Rarely,Research & Development,29,3,Life Sciences,4172,Female,1,Manufacturing Director,Single,37220,5.0,14,0,6.0,0,3,1,2,3,3,4.0,4.0,3.0,247,9.709824561403503,3
24,No,Non-Travel,Research & Development,1,5,Life Sciences,4173,Male,3,Research Scientist,Divorced,93800,0.0,16,0,5.0,2,4,1,3,2,3,1.0,3.0,2.0,232,6.8999389367816075,3
36,Yes,Travel_Rarely,Research & Development,1,3,Life Sciences,4174,Male,1,Research Director,Single,54860,7.0,12,1,10.0,2,5,0,3,3,3,3.0,1.0,3.0,234,6.495408357075021,3
34,No,Travel_Rarely,Sales,24,3,Marketing,4175,Male,4,Research Scientist,Single,27420,0.0,11,1,13.0,2,12,2,11,3,3,1.0,2.0,3.0,240,6.142811342592591,3
21,No,Travel_Rarely,Sales,2,3,Life Sciences,4176,Male,2,Manufacturing Director,Single,137570,1.0,12,1,0.0,3,0,0,0,3,3,3.0,4.0,3.0,228,5.986162280701753,3
34,Yes,Travel_Rarely,Sales,15,2,Marketing,4177,Female,2,Research Scientist,Single,84630,2.0,13,0,8.0,2,4,1,3,1,3,2.0,1.0,3.0,238,7.7996732026143745,3
53,No,Travel_Rarely,Sales,2,1,Life Sciences,4178,Male,5,Human Resources,Divorced,31620,4.0,15,0,26.0,4,14,4,8,3,3,3.0,3.0,2.0,245,7.51512244897959,3
32,Yes,Travel_Frequently,Research & Development,10,3,Medical,4179,Female,2,Manufacturing Director,Single,165980,1.0,13,0,10.0,2,10,6,7,3,3,2.0,1.0,3.0,234,9.541501661918332,4
42,No,Travel_Rarely,Research & Development,10,3,Technical Degree,4180,Male,2,Laboratory Technician,Married,66510,0.0,20,0,10.0,5,9,4,2,2,4,3.0,2.0,3.0,229,6.922530325084912,3
44,No,Travel_Rarely,Research & Development,3,1,Life Sciences,4181,Female,1,Manufacturing Director,Married,23450,3.0,15,2,24.0,0,22,5,17,3,3,1.0,4.0,3.0,243,7.089795381801556,3
46,No,Travel_Rarely,Sales,2,3,Life Sciences,4182,Female,1,Research Scientist,Single,34200,3.0,13,2,22.0,3,2,2,1,1,3,2.0,1.0,2.0,240,8.047628472222224,3
33,No,Travel_Rarely,Sales,3,3,Medical,4183,Male,1,Manufacturing Director,Single,43730,4.0,14,0,7.0,3,1,0,0,3,3,3.0,4.0,3.0,235,6.49839834515366,3
44,No,Travel_Rarely,Human Resources,26,3,Life Sciences,4184,Male,5,Healthcare Representative,Married,47590,2.0,21,0,9.0,2,4,1,3,3,4,4.0,4.0,4.0,241,8.495515214384504,4
30,No,Travel_Rarely,Research & Development,1,4,Technical Degree,4185,Female,1,Research Scientist,Single,53010,1.0,16,1,10.0,3,10,1,8,3,3,4.0,3.0,3.0,239,6.0591434216643405,3
39,Yes,Travel_Rarely,Human Resources,1,4,Medical,4186,Male,1,Sales Executive,Married,36730,3.0,14,1,19.0,3,1,0,0,3,3,4.0,4.0,4.0,241,6.5079414476717385,3
24,Yes,Travel_Rarely,Human Resources,2,5,Human Resources,4187,Male,3,Sales Executive,Married,47680,2.0,11,1,6.0,2,2,2,0,2,3,2.0,4.0,2.0,245,9.683534013605442,3
43,No,Travel_Rarely,Sales,9,5,Technical Degree,4188,Female,1,Research Director,Divorced,12740,1.0,19,0,6.0,3,5,1,4,2,3,4.0,3.0,2.0,234,6.5083962488129155,4
50,Yes,Travel_Rarely,Research & Development,12,4,Medical,4189,Male,1,Research Director,Married,49000,1.0,11,0,3.0,3,3,0,2,2,3,1.0,3.0,3.0,229,8.930534934497816,3
35,No,Travel_Rarely,Sales,2,4,Marketing,4190,Male,3,Manufacturing Director,Married,104660,1.0,13,0,2.0,1,2,2,2,3,3,4.0,4.0,3.0,233,7.09028016213639,3
36,No,Travel_Rarely,Research & Development,25,1,Life Sciences,4191,Female,4,Sales Executive,Married,170070,9.0,12,1,6.0,2,1,0,0,2,3,2.0,1.0,4.0,237,9.114469057665255,3
33,No,Travel_Frequently,Sales,9,2,Marketing,4192,Male,4,Human Resources,Married,29090,2.0,11,0,10.0,2,5,1,3,2,3,3.0,1.0,3.0,239,6.563536727103673,3
35,No,Travel_Rarely,Research & Development,10,1,Medical,4193,Male,1,Research Scientist,Divorced,57650,1.0,14,1,1.0,2,1,0,0,3,3,3.0,4.0,3.0,241,6.1953215767634875,3
27,No,Travel_Rarely,Sales,8,2,Marketing,4194,Female,3,Research Scientist,Divorced,45990,1.0,15,1,1.0,3,1,0,0,2,3,4.0,1.0,3.0,239,7.592880055788006,3
26,Yes,Travel_Rarely,Sales,4,3,Marketing,4195,Male,2,Manager,Single,24040,1.0,12,0,1.0,6,1,0,1,3,3,1.0,3.0,2.0,231,7.717430254930254,3
27,No,Travel_Frequently,Sales,24,3,Life Sciences,4196,Male,4,Healthcare Representative,Single,31720,1.0,20,1,9.0,1,9,1,7,3,4,4.0,3.0,3.0,228,6.806234161793372,3
30,No,Travel_Frequently,Research & Development,1,4,Medical,4197,Male,1,Research Scientist,Single,20330,1.0,14,1,12.0,3,12,3,7,1,3,3.0,4.0,3.0,232,6.819847940613027,3
41,Yes,Travel_Rarely,Sales,20,4,Marketing,4198,Male,2,Sales Executive,Married,102090,1.0,13,1,23.0,2,22,15,8,3,3,2.0,3.0,3.0,238,5.989205182072833,3
34,No,Non-Travel,Research & Development,7,2,Technical Degree,4199,Female,1,Research Scientist,Single,86200,0.0,13,1,10.0,2,9,8,7,2,3,2.0,3.0,3.0,241,7.813032503457809,3
37,No,Travel_Rarely,Research & Development,17,3,Life Sciences,4200,Female,3,Sales Executive,Married,20640,4.0,16,0,8.0,3,1,0,0,2,3,2.0,2.0,3.0,227,6.091138032305433,3
46,No,Travel_Frequently,Research & Development,20,3,Technical Degree,4201,Male,3,Sales Executive,Single,40350,4.0,14,1,14.0,2,9,0,8,3,3,1.0,4.0,3.0,236,9.277514124293788,3
35,No,Travel_Rarely,Research & Development,8,4,Medical,4202,Female,3,Research Scientist,Married,38380,1.0,16,1,1.0,2,1,0,1,3,3,4.0,4.0,3.0,241,6.892216459197787,3
48,Yes,Travel_Rarely,Research & Development,2,4,Technical Degree,4203,Female,1,Sales Executive,Single,45910,9.0,16,0,23.0,6,1,0,0,1,3,1.0,3.0,3.0,235,9.344940898345161,3
28,Yes,Travel_Rarely,Research & Development,10,1,Medical,4204,Male,1,Sales Executive,Single,25610,1.0,22,1,2.0,3,2,2,2,3,4,3.0,3.0,2.0,232,10.719073275862073,3
44,No,Travel_Rarely,Research & Development,1,1,Medical,4205,Female,3,Research Scientist,Divorced,15630,5.0,12,2,9.0,3,4,1,3,3,3,2.0,1.0,2.0,239,9.404535099953515,3
35,No,Non-Travel,Research & Development,5,4,Technical Degree,4206,Female,3,Manufacturing Director,Married,48980,2.0,15,2,10.0,2,4,2,3,3,3,3.0,1.0,3.0,236,9.545177730696805,4
26,No,Travel_Rarely,Research & Development,4,4,Life Sciences,4207,Female,3,Sales Executive,Married,47890,7.0,20,1,5.0,2,2,0,0,3,4,3.0,4.0,2.0,233,10.21198855507869,3
33,No,Travel_Frequently,Sales,29,4,Life Sciences,4208,Female,1,Human Resources,Single,31800,1.0,14,1,15.0,2,15,8,12,3,3,1.0,4.0,3.0,239,8.229783821478382,3
35,No,Travel_Frequently,Research & Development,15,3,Medical,4209,Male,3,Manufacturing Director,Married,65490,1.0,20,0,9.0,3,9,1,8,3,4,2.0,1.0,2.0,234,6.509724596391258,3
35,No,Travel_Rarely,Human Resources,3,2,Life Sciences,4210,Female,1,Laboratory Technician,Married,63880,3.0,13,0,4.0,6,2,2,2,2,3,3.0,1.0,3.0,231,8.808449975949982,4
31,No,Travel_Rarely,Sales,10,2,Life Sciences,4211,Female,2,Research Scientist,Divorced,112440,3.0,12,1,10.0,3,7,1,7,3,3,4.0,4.0,2.0,235,6.1092943262411366,3
37,No,Travel_Rarely,Sales,4,3,Marketing,4212,Male,4,Human Resources,Divorced,160320,1.0,13,0,7.0,2,7,0,7,3,3,1.0,3.0,4.0,229,7.374041727316833,4
32,No,Travel_Rarely,Research & Development,21,3,Other,4213,Male,2,Sales Executive,Married,23620,1.0,11,0,9.0,2,9,7,8,3,3,1.0,4.0,3.0,231,8.126881914381917,3
38,No,Travel_Frequently,Research & Development,25,3,Medical,4214,Male,2,Manufacturing Director,Single,163280,1.0,17,3,10.0,2,10,9,9,3,3,4.0,4.0,3.0,239,6.234996513249654,3
50,No,Travel_Rarely,Sales,2,4,Marketing,4215,Female,4,Research Scientist,Divorced,83760,5.0,14,3,29.0,2,27,13,8,3,3,2.0,3.0,2.0,241,9.482685569386817,3
59,No,Travel_Rarely,Research & Development,1,3,Technical Degree,4216,Male,1,Laboratory Technician,Single,166060,7.0,11,0,28.0,6,21,7,9,3,3,1.0,1.0,2.0,244,6.8806284153005475,3
36,No,Travel_Rarely,Sales,1,2,Marketing,4217,Female,2,Sales Executive,Divorced,86060,1.0,14,2,17.0,3,17,12,8,3,3,3.0,3.0,3.0,229,5.989278262979138,3
55,No,Travel_Rarely,Research & Development,7,3,Medical,4218,Male,3,Research Scientist,Divorced,22720,2.0,17,1,21.0,2,5,0,2,3,3,4.0,3.0,3.0,240,8.108733796296303,3
36,No,Travel_Frequently,Research & Development,3,3,Life Sciences,4219,Female,2,Laboratory Technician,Single,20180,1.0,13,0,6.0,5,6,0,3,3,3,2.0,2.0,3.0,232,7.2190325670498074,4
45,No,Travel_Rarely,Research & Development,1,2,Medical,4220,Female,1,Sales Executive,Divorced,70830,2.0,12,1,25.0,5,1,0,0,3,3,2.0,4.0,3.0,230,6.761879227053137,3
35,No,Travel_Frequently,Human Resources,9,3,Other,4221,Female,2,Sales Representative,Married,40840,4.0,13,1,5.0,3,3,1,2,3,3,2.0,1.0,2.0,227,6.1087518355359816,3
36,Yes,Travel_Rarely,Sales,7,2,Life Sciences,4222,Male,4,Laboratory Technician,Married,144110,0.0,18,3,2.0,2,1,0,0,4,3,4.0,3.0,2.0,246,8.89545844625113,3
59,No,Travel_Frequently,Research & Development,10,4,Life Sciences,4223,Male,3,Research Scientist,Single,23080,7.0,19,1,20.0,4,4,1,3,2,3,1.0,3.0,2.0,239,6.798518131101808,3
29,No,Travel_Rarely,Research & Development,28,4,Life Sciences,4224,Female,1,Sales Representative,Married,48410,0.0,11,0,6.0,3,5,0,4,3,3,3.0,2.0,3.0,244,7.813715846994535,3
31,No,Travel_Rarely,Research & Development,3,2,Medical,4225,Female,3,Sales Executive,Single,42850,1.0,21,1,1.0,2,1,1,0,1,4,3.0,2.0,3.0,226,6.3486737954768975,3
32,No,Travel_Rarely,Sales,3,4,Life Sciences,4226,Male,2,Manufacturing Director,Married,97150,1.0,15,1,10.0,1,10,0,9,2,3,2.0,2.0,3.0,241,7.515204011065003,3
36,No,Travel_Rarely,Research & Development,2,3,Life Sciences,4227,Male,2,Sales Representative,Married,43200,2.0,17,0,5.0,2,1,0,0,3,3,2.0,4.0,3.0,236,7.206301789077214,3
31,No,Travel_Rarely,Research & Development,27,3,Medical,4228,Female,2,Research Director,Single,21320,1.0,18,0,11.0,3,11,1,8,3,3,3.0,4.0,3.0,230,6.118682367149756,3
35,No,Travel_Rarely,Research & Development,2,4,Medical,4229,Male,2,Healthcare Representative,Single,101240,0.0,14,1,16.0,2,15,2,8,4,3,3.0,1.0,3.0,237,5.99939990623535,3
45,No,Travel_Rarely,Human Resources,14,3,Human Resources,4230,Female,1,Sales Executive,Married,54730,4.0,13,0,17.0,3,0,0,0,1,3,4.0,1.0,4.0,238,8.90915849673202,3
37,No,Travel_Rarely,Research & Development,1,3,Life Sciences,4231,Female,3,Sales Executive,Single,52070,4.0,17,3,16.0,3,5,0,2,3,3,1.0,3.0,4.0,231,6.568620731120734,3
46,No,Travel_Rarely,Research & Development,9,3,Medical,4232,Male,3,Manager,Divorced,164370,8.0,15,1,16.0,0,4,0,2,3,3,2.0,2.0,3.0,244,10.306561930783245,3
30,No,Travel_Rarely,Sales,18,3,Life Sciences,4233,Male,4,Human Resources,Married,22960,1.0,18,1,10.0,2,10,3,0,3,3,4.0,4.0,2.0,239,9.175108089260814,3
35,No,Travel_Rarely,Research & Development,20,4,Life Sciences,4234,Female,3,Human Resources,Single,40690,1.0,13,0,6.0,5,6,0,4,3,3,2.0,3.0,3.0,236,7.879347928436913,3
55,No,Travel_Rarely,Research & Development,2,3,Life Sciences,4235,Female,2,Laboratory Technician,Married,74410,3.0,12,1,24.0,4,1,1,0,3,3,1.0,4.0,3.0,232,6.696436781609195,3
38,No,Non-Travel,Sales,11,1,Marketing,4236,Male,2,Laboratory Technician,Divorced,24300,7.0,13,2,17.0,2,13,1,9,4,3,2.0,4.0,3.0,238,8.808586601307193,3
34,No,Travel_Rarely,Research & Development,8,2,Medical,4237,Male,1,Research Scientist,Married,58780,1.0,14,0,5.0,1,5,1,3,3,3,1.0,2.0,3.0,239,7.978471641097167,3
56,No,Travel_Rarely,Human Resources,2,1,Medical,4238,Male,2,Sales Executive,Single,26440,4.0,11,1,37.0,2,6,0,2,3,3,4.0,4.0,2.0,242,6.3053179522497675,3
23,No,Travel_Rarely,Research & Development,10,3,Medical,4239,Male,2,Laboratory Technician,Divorced,64390,3.0,22,3,3.0,2,0,0,0,3,4,3.0,1.0,3.0,231,6.401212121212123,3
51,No,Travel_Rarely,Research & Development,29,4,Life Sciences,4240,Female,5,Manufacturing Director,Married,24510,3.0,17,0,10.0,2,4,0,3,2,3,4.0,4.0,3.0,243,6.725334933699134,3
30,No,Travel_Rarely,Sales,8,2,Technical Degree,4241,Male,1,Sales Representative,Married,63920,1.0,21,1,11.0,2,11,10,8,4,4,3.0,4.0,3.0,240,7.587324074074076,3
46,Yes,Travel_Rarely,Sales,1,2,Medical,4242,Female,2,Research Scientist,Single,97140,1.0,22,0,9.0,0,9,4,7,3,4,3.0,4.0,3.0,227,6.16905898188938,4
40,No,Travel_Frequently,Research & Development,6,3,Medical,4243,Male,1,Healthcare Representative,Married,60770,1.0,16,2,22.0,2,22,11,11,2,3,3.0,2.0,2.0,243,7.406232281664378,3
51,No,Travel_Rarely,Research & Development,8,4,Life Sciences,4244,Female,5,Sales Representative,Single,24500,0.0,12,1,11.0,2,10,1,0,3,3,3.0,4.0,1.0,237,10.09669596812002,3
30,No,Travel_Rarely,Research & Development,9,3,Life Sciences,4245,Male,1,Manufacturing Director,Divorced,92500,1.0,12,3,11.0,0,11,2,7,3,3,3.0,2.0,2.0,239,8.09089377033938,4
46,No,Travel_Frequently,Research & Development,12,1,Medical,4246,Male,1,Laboratory Technician,Married,20740,2.0,15,1,21.0,3,10,9,5,3,3,3.0,1.0,2.0,245,8.99440249433107,3
32,No,Travel_Rarely,Sales,15,3,Marketing,4247,Male,1,Research Scientist,Single,101690,1.0,14,0,12.0,6,11,5,7,2,3,2.0,3.0,3.0,239,7.266617852161787,3
54,No,Travel_Rarely,Research & Development,25,1,Medical,4248,Female,1,Laboratory Technician,Married,48550,9.0,25,1,16.0,2,4,0,3,2,4,1.0,3.0,1.0,230,7.627571256038648,3
24,No,Travel_Rarely,Sales,6,2,Marketing,4249,Male,2,Research Scientist,Married,40870,0.0,20,3,4.0,1,3,0,2,3,4,1.0,3.0,2.0,239,7.805606694560669,4
28,No,Non-Travel,Sales,9,4,Medical,4250,Male,2,Laboratory Technician,Married,23670,1.0,13,0,5.0,2,5,0,4,2,3,2.0,3.0,4.0,236,5.983380414312618,4
58,No,Travel_Rarely,Research & Development,8,4,Life Sciences,4251,Male,2,Sales Executive,Single,29720,0.0,14,0,38.0,2,37,1,8,4,3,4.0,3.0,2.0,240,7.11788888888889,3
44,No,Non-Travel,Research & Development,23,2,Medical,4252,Female,1,Research Scientist,Married,195860,4.0,16,0,17.0,3,3,1,2,2,3,2.0,2.0,4.0,228,6.737136939571151,3
37,Yes,Travel_Rarely,Human Resources,9,3,Human Resources,4253,Male,2,Healthcare Representative,Divorced,54840,4.0,17,0,7.0,4,3,0,2,3,3,3.0,1.0,3.0,243,10.096624371284864,3
32,No,Travel_Rarely,Human Resources,12,2,Human Resources,4254,Female,1,Sales Representative,Single,20610,1.0,15,1,1.0,2,1,0,0,2,3,4.0,1.0,3.0,233,8.000715307582258,3
20,Yes,Travel_Frequently,Sales,4,4,Life Sciences,4255,Female,2,Healthcare Representative,Single,99240,1.0,22,0,1.0,3,1,1,0,3,4,4.0,4.0,3.0,241,10.716817657906867,3
34,No,Travel_Rarely,Research & Development,1,4,Other,4256,Male,4,Laboratory Technician,Single,41980,1.0,22,1,16.0,2,16,2,10,2,4,1.0,3.0,3.0,234,7.607830009496676,3
37,No,Non-Travel,Sales,24,2,Life Sciences,4257,Male,1,Research Scientist,Divorced,68150,5.0,20,1,17.0,3,1,0,0,3,4,3.0,4.0,4.0,241,7.752644075610879,3
59,No,Non-Travel,Research & Development,12,2,Life Sciences,4258,Male,2,Sales Executive,Married,47230,9.0,14,0,30.0,0,3,2,2,3,3,3.0,4.0,3.0,233,7.205767763471621,3
50,No,Travel_Frequently,Research & Development,3,4,Medical,4259,Male,4,Research Scientist,Married,61420,3.0,13,2,28.0,3,8,0,7,2,3,1.0,2.0,2.0,244,9.577194899817842,3
25,Yes,Travel_Rarely,Sales,10,1,Marketing,4260,Male,2,Research Director,Single,82370,1.0,13,0,6.0,6,6,0,3,2,3,3.0,3.0,3.0,242,8.478968089990817,3
25,No,Travel_Rarely,Research & Development,26,3,Technical Degree,4261,Male,1,Laboratory Technician,Married,88530,1.0,22,1,2.0,3,2,2,1,3,4,4.0,4.0,3.0,229,7.6850133430373635,3
22,No,Travel_Rarely,Research & Development,2,1,Life Sciences,4262,Male,1,Sales Representative,Single,193310,1.0,12,1,1.0,2,0,0,0,3,3,2.0,4.0,3.0,240,6.288958333333335,3
51,No,Travel_Frequently,Research & Development,1,3,Life Sciences,4263,Female,1,Sales Executive,Single,20730,3.0,14,1,23.0,4,13,12,8,3,3,1.0,1.0,2.0,231,7.503041125541126,3
34,Yes,Travel_Frequently,Human Resources,4,4,Life Sciences,4264,Female,5,Sales Executive,Single,55620,1.0,15,0,9.0,3,9,0,6,3,3,1.0,3.0,3.0,235,8.177102836879437,3
54,No,Non-Travel,Research & Development,9,3,Life Sciences,4265,Male,1,Laboratory Technician,Single,196130,2.0,17,0,23.0,5,5,4,4,3,3,4.0,4.0,3.0,239,8.078528591352862,3
24,No,Travel_Rarely,Research & Development,2,1,Life Sciences,4266,Male,2,Laboratory Technician,Married,34070,0.0,13,1,6.0,4,5,1,2,3,3,2.0,3.0,3.0,231,6.515091390091388,3
34,No,Travel_Rarely,Sales,4,3,Marketing,4267,Female,2,Sales Representative,Divorced,50630,6.0,12,1,12.0,2,1,0,0,3,3,3.0,2.0,3.0,230,6.020694444444445,4
37,No,Travel_Rarely,Sales,6,1,Technical Degree,4268,Male,1,Laboratory Technician,Single,46390,2.0,12,2,12.0,3,5,1,3,3,3,3.0,4.0,3.0,233,6.211864568431091,3
34,No,Travel_Rarely,Sales,9,2,Medical,4269,Male,2,Healthcare Representative,Single,48760,2.0,21,1,14.0,3,11,5,8,3,4,3.0,1.0,3.0,231,7.862405002405001,3
36,No,Travel_Frequently,Human Resources,7,3,Medical,4270,Male,1,Research Scientist,Married,26900,0.0,11,0,10.0,1,9,2,8,3,3,2.0,4.0,3.0,235,8.021531914893618,3
36,No,Travel_Rarely,Research & Development,1,3,Medical,4271,Female,2,Manufacturing Director,Divorced,175670,5.0,13,0,7.0,6,1,0,0,3,3,1.0,4.0,3.0,244,7.500177595628414,4
43,No,Travel_Frequently,Research & Development,3,4,Life Sciences,4272,Male,1,Sales Executive,Married,24080,1.0,12,1,25.0,3,25,4,12,3,3,3.0,4.0,4.0,238,8.757728758169938,3
30,No,Travel_Frequently,Research & Development,10,3,Life Sciences,4273,Female,3,Healthcare Representative,Divorced,28140,1.0,24,0,10.0,2,10,0,9,3,4,1.0,3.0,2.0,237,7.892903187998132,3
33,No,Non-Travel,Sales,7,3,Life Sciences,4274,Male,2,Sales Executive,Married,112450,0.0,21,0,8.0,3,7,0,7,3,4,3.0,2.0,4.0,239,6.676623663412366,3
56,Yes,Travel_Rarely,Research & Development,15,3,Life Sciences,4275,Male,2,Laboratory Technician,Married,33120,9.0,19,0,7.0,1,5,4,3,1,3,2.0,2.0,3.0,244,8.992446493624778,3
51,No,Travel_Rarely,Research & Development,3,2,Other,4276,Female,2,Sales Representative,Single,190490,7.0,14,1,23.0,2,20,15,15,3,3,1.0,3.0,3.0,243,6.6788797439414695,3
31,Yes,Travel_Rarely,Research & Development,2,4,Technical Degree,4277,Female,3,Sales Executive,Married,21410,4.0,20,0,12.0,2,7,7,7,3,4,2.0,3.0,2.0,242,8.390953856749311,3
26,No,Travel_Rarely,Sales,17,3,Medical,4278,Female,2,Manager,Married,57690,1.0,19,0,5.0,4,5,4,3,2,3,3.0,2.0,2.0,244,7.695775273224046,3
58,Yes,Travel_Rarely,Sales,2,2,Medical,4279,Female,1,Research Scientist,Married,43850,1.0,13,1,40.0,2,40,15,6,2,3,4.0,4.0,2.0,237,7.626250586029069,3
19,Yes,Travel_Rarely,Research & Development,5,2,Life Sciences,4280,Male,1,Manager,Single,53320,1.0,23,1,0.0,2,0,0,0,3,4,4.0,3.0,2.0,241,9.407780082987555,3
22,No,Travel_Rarely,Sales,29,4,Technical Degree,4281,Male,1,Sales Executive,Married,46630,0.0,13,1,3.0,1,2,2,1,3,3,3.0,4.0,3.0,228,6.380174220272898,4
49,No,Travel_Rarely,Research & Development,2,3,Life Sciences,4282,Female,1,Sales Executive,Married,47240,1.0,11,1,16.0,3,15,5,11,2,3,3.0,1.0,2.0,244,7.22577413479053,3
43,No,Travel_Frequently,Sales,2,2,Life Sciences,4283,Male,1,Sales Executive,Single,32110,4.0,13,0,18.0,2,3,1,2,4,3,2.0,3.0,3.0,237,7.994240506329114,3
50,No,Travel_Frequently,Research & Development,19,4,Life Sciences,4284,Male,2,Sales Executive,Single,53770,4.0,14,1,16.0,3,2,2,1,4,3,3.0,4.0,3.0,234,7.110352564102563,3
31,Yes,Travel_Rarely,Research & Development,15,1,Medical,4285,Female,2,Sales Executive,Married,40660,3.0,22,0,4.0,2,2,2,2,2,4,2.0,3.0,3.0,228,8.409509015594544,3
41,No,Travel_Rarely,Research & Development,17,2,Other,4286,Male,1,Manufacturing Director,Divorced,52080,3.0,11,3,12.0,2,9,0,7,1,3,3.0,3.0,3.0,228,8.122919103313846,3
26,No,Travel_Rarely,Research & Development,17,4,Life Sciences,4287,Male,2,Sales Executive,Married,48770,1.0,13,1,8.0,5,8,5,7,4,3,3.0,3.0,3.0,242,7.873234618916434,3
36,No,Travel_Rarely,Human Resources,25,1,Human Resources,4288,Male,2,Research Scientist,Divorced,31170,6.0,21,1,7.0,2,3,0,1,4,4,2.0,2.0,3.0,234,6.7485386989553655,3
51,Yes,Travel_Frequently,Research & Development,6,3,Life Sciences,4289,Female,1,Manager,Single,15690,2.0,11,0,18.0,2,4,0,3,4,3,1.0,4.0,3.0,233,7.1908989031950465,3
39,No,Travel_Rarely,Research & Development,7,3,Life Sciences,4290,Female,1,Research Scientist,Married,196580,4.0,13,1,17.0,3,15,5,9,4,3,4.0,3.0,4.0,241,7.905141770401105,3
25,No,Travel_Rarely,Sales,29,1,Medical,4291,Female,3,Research Scientist,Married,30690,2.0,14,1,6.0,3,2,2,2,2,3,1.0,3.0,3.0,233,7.82450166905103,3
30,No,Travel_Rarely,Research & Development,21,1,Medical,4292,Male,2,Laboratory Technician,Married,104350,0.0,11,0,12.0,5,11,4,7,3,3,3.0,4.0,1.0,236,10.019050141242941,3
32,Yes,Travel_Rarely,Research & Development,2,4,Life Sciences,4293,Female,2,Research Director,Single,41480,7.0,15,0,10.0,0,5,0,4,2,3,1.0,1.0,4.0,230,7.87301086956522,3
45,No,Travel_Rarely,Research & Development,2,1,Technical Degree,4294,Female,2,Healthcare Representative,Single,57680,5.0,23,1,9.0,4,6,0,3,3,4,3.0,4.0,2.0,243,7.431106538637406,3
38,No,Travel_Rarely,Research & Development,7,4,Life Sciences,4295,Female,2,Research Director,Single,50420,3.0,16,1,19.0,4,3,2,2,3,3,4.0,3.0,3.0,243,10.42669295839049,3
30,No,Travel_Rarely,Sales,13,3,Marketing,4296,Female,2,Laboratory Technician,Single,57700,1.0,16,1,5.0,2,5,0,4,4,3,1.0,3.0,2.0,242,6.679929981634524,3
32,No,Travel_Frequently,Sales,2,3,Marketing,4297,Male,3,Laboratory Technician,Divorced,77560,0.0,21,0,9.0,3,8,0,7,3,4,4.0,4.0,4.0,229,6.497091217855409,3
30,No,Travel_Rarely,Research & Development,1,3,Medical,4298,Female,3,Sales Executive,Divorced,103060,5.0,13,0,8.0,5,3,2,2,3,3,4.0,1.0,3.0,240,6.717123842592588,3
30,No,Travel_Rarely,Sales,9,3,Medical,4299,Male,2,Research Scientist,Single,39360,0.0,11,1,6.0,3,5,1,2,3,3,2.0,4.0,3.0,231,6.389748677248676,3
41,No,Travel_Frequently,Sales,10,2,Medical,4300,Female,3,Manufacturing Director,Divorced,79450,4.0,12,1,21.0,6,7,7,7,2,3,4.0,1.0,2.0,240,7.29108564814814,3
41,No,Travel_Rarely,Research & Development,10,4,Medical,4301,Male,4,Research Scientist,Married,57430,2.0,12,3,7.0,2,5,1,4,4,3,3.0,1.0,3.0,240,8.007307870370372,3
19,No,Travel_Rarely,Research & Development,1,3,Other,4302,Female,5,Manufacturing Director,Single,152020,1.0,18,3,1.0,2,1,0,0,2,3,2.0,2.0,3.0,226,6.3915671091445425,4
40,No,Travel_Frequently,Research & Development,26,4,Medical,4303,Male,2,Manufacturing Director,Divorced,54400,1.0,12,1,20.0,2,20,2,13,3,3,2.0,2.0,3.0,237,7.000869667135488,3
35,No,Travel_Rarely,Sales,8,1,Marketing,4304,Female,3,Laboratory Technician,Married,37600,1.0,14,3,10.0,2,10,0,6,3,3,3.0,2.0,3.0,239,7.405430032543003,4
53,No,Travel_Rarely,Sales,14,2,Life Sciences,4305,Female,5,Manufacturing Director,Married,35170,2.0,12,1,13.0,1,7,4,5,2,3,2.0,3.0,1.0,235,10.895969267139481,3
45,No,Travel_Rarely,Sales,1,4,Technical Degree,4306,Male,1,Research Scientist,Divorced,25800,8.0,17,3,20.0,3,17,0,15,3,3,2.0,2.0,3.0,234,6.787682811016143,3
32,No,Travel_Frequently,Sales,2,2,Life Sciences,4307,Female,1,Manufacturing Director,Single,21660,1.0,19,1,9.0,4,9,3,7,1,3,2.0,4.0,3.0,245,7.90631292517007,3
29,No,Non-Travel,Research & Development,10,4,Technical Degree,4308,Male,3,Healthcare Representative,Married,58690,1.0,11,1,10.0,6,10,0,9,4,3,4.0,3.0,3.0,230,6.079574879227053,3
51,No,Travel_Rarely,Research & Development,1,3,Other,4309,Female,3,Research Director,Married,80080,2.0,15,1,10.0,4,1,0,0,3,3,2.0,3.0,3.0,230,7.573345410628016,3
58,No,Travel_Rarely,Sales,3,3,Marketing,4310,Female,1,Research Scientist,Married,52060,4.0,11,3,9.0,4,1,0,0,1,3,2.0,2.0,2.0,240,10.002300925925924,3
40,No,Travel_Rarely,Research & Development,11,2,Technical Degree,4311,Male,4,Laboratory Technician,Married,52950,7.0,18,0,15.0,4,12,2,11,3,3,3.0,4.0,2.0,238,6.2094199346405246,4
34,No,Travel_Frequently,Sales,24,4,Marketing,4312,Male,2,Manufacturing Director,Married,164130,6.0,16,0,6.0,1,4,1,2,3,3,3.0,3.0,3.0,238,7.023323996265175,3
22,No,Travel_Rarely,Research & Development,3,3,Medical,4313,Male,1,Laboratory Technician,Married,132690,1.0,25,1,2.0,2,2,2,2,3,4,3.0,4.0,3.0,230,7.687817632850247,3
27,No,Non-Travel,Research & Development,3,3,Medical,4314,Male,1,Healthcare Representative,Divorced,27830,6.0,16,1,6.0,2,2,2,2,4,3,4.0,2.0,1.0,237,6.283424753867797,3
28,No,Travel_Rarely,Sales,4,4,Life Sciences,4315,Male,2,Healthcare Representative,Married,54330,1.0,13,1,5.0,4,5,0,2,2,3,3.0,4.0,1.0,232,6.481372126436784,4
57,No,Travel_Rarely,Research & Development,3,3,Life Sciences,4316,Male,2,Manufacturing Director,Divorced,20130,3.0,14,1,12.0,5,5,1,4,3,3,3.0,4.0,1.0,238,10.911611811391225,3
27,No,Non-Travel,Research & Development,2,3,Life Sciences,4317,Male,1,Manufacturing Director,Divorced,139660,1.0,19,0,1.0,1,1,0,1,3,3,3.0,3.0,2.0,248,10.577804659498204,3
50,No,Travel_Rarely,Research & Development,4,3,Life Sciences,4318,Female,2,Manufacturing Director,Single,43740,3.0,15,1,21.0,5,5,4,4,4,3,3.0,2.0,3.0,240,6.2601631944444405,3
41,No,Travel_Rarely,Sales,7,4,Marketing,4319,Male,4,Laboratory Technician,Divorced,68420,4.0,12,1,13.0,3,9,1,8,3,3,1.0,3.0,3.0,235,6.183946808510634,3
30,No,Travel_Rarely,Human Resources,1,4,Human Resources,4320,Female,1,Manager,Married,174260,2.0,12,1,12.0,0,10,7,4,2,3,2.0,4.0,3.0,236,6.890506120527304,3
38,No,Travel_Rarely,Sales,1,1,Medical,4321,Male,2,Laboratory Technician,Single,176030,4.0,16,0,12.0,0,8,0,7,2,3,1.0,4.0,4.0,227,6.283979441997063,3
32,No,Travel_Rarely,Research & Development,20,3,Medical,4322,Female,1,Manufacturing Director,Single,45810,3.0,14,1,8.0,3,5,1,4,3,3,3.0,3.0,3.0,231,6.908863636363636,3
27,No,Travel_Rarely,Research & Development,5,4,Medical,4323,Male,2,Healthcare Representative,Married,47350,0.0,13,0,6.0,2,5,1,1,3,3,3.0,2.0,2.0,238,8.916565126050418,3
19,Yes,Travel_Frequently,Research & Development,10,2,Life Sciences,4324,Male,2,Healthcare Representative,Single,41870,0.0,22,1,1.0,4,0,0,0,3,4,3.0,1.0,4.0,237,7.487804735114857,3
36,No,Travel_Frequently,Sales,25,3,Marketing,4325,Female,2,Research Director,Single,55050,4.0,21,2,13.0,3,8,7,2,3,4,4.0,2.0,2.0,237,7.375711439287385,3
30,No,Non-Travel,Sales,1,3,Medical,4326,Female,1,Sales Executive,Divorced,54700,1.0,18,1,12.0,2,12,6,10,3,3,3.0,1.0,3.0,233,6.768581306628525,3
45,No,Travel_Rarely,Research & Development,24,2,Medical,4327,Male,2,Sales Executive,Divorced,54760,4.0,13,1,9.0,3,5,0,3,3,3,3.0,1.0,4.0,231,8.127355699855704,3
56,No,Travel_Rarely,Research & Development,4,3,Life Sciences,4328,Male,4,Manager,Divorced,25870,4.0,12,0,19.0,2,2,2,2,2,3,3.0,1.0,3.0,233,8.299431330472105,3
33,No,Travel_Rarely,Research & Development,2,2,Medical,4329,Male,1,Sales Executive,Single,24400,0.0,18,3,4.0,4,3,0,2,3,3,3.0,4.0,4.0,238,6.815491363211954,4
19,Yes,Travel_Rarely,Research & Development,8,2,Life Sciences,4330,Male,2,Sales Executive,Single,159720,1.0,21,0,1.0,2,1,1,0,3,4,2.0,4.0,2.0,228,7.216332846003896,3
46,No,Travel_Rarely,Research & Development,10,3,Technical Degree,4331,Female,2,Laboratory Technician,Divorced,153790,1.0,12,0,24.0,1,24,15,7,1,3,2.0,1.0,3.0,244,6.874954462659377,3
38,No,Travel_Rarely,Sales,4,4,Life Sciences,4332,Male,1,Manufacturing Director,Single,70820,1.0,14,0,2.0,3,2,2,1,4,3,3.0,4.0,3.0,230,7.907437198067635,3
31,No,Travel_Rarely,Sales,2,5,Life Sciences,4333,Male,2,Sales Representative,Married,27280,8.0,11,0,7.0,3,4,0,2,4,3,3.0,4.0,3.0,245,10.409922902494328,3
34,No,Travel_Rarely,Sales,9,3,Marketing,4334,Female,2,Manager,Single,53680,2.0,14,1,9.0,2,3,1,2,3,3,4.0,2.0,3.0,228,6.191549707602339,3
41,Yes,Travel_Rarely,Research & Development,18,4,Life Sciences,4335,Male,5,Laboratory Technician,Single,53470,1.0,24,1,4.0,1,4,0,2,3,4,2.0,2.0,2.0,235,10.125495271867607,3
50,No,Travel_Rarely,Sales,19,4,Marketing,4336,Male,3,Sales Executive,Married,31950,2.0,11,0,5.0,4,3,0,2,2,3,3.0,3.0,2.0,230,6.774787439613528,3
53,No,Travel_Rarely,Sales,1,2,Life Sciences,4337,Male,1,Manager,Divorced,39890,1.0,13,0,5.0,2,4,1,3,3,3,4.0,1.0,3.0,238,6.100402661064427,3
33,No,Travel_Rarely,Research & Development,4,3,Life Sciences,4338,Male,1,Human Resources,Married,33060,1.0,11,3,8.0,6,8,1,6,1,3,4.0,2.0,3.0,241,7.518541954817884,3
40,No,Travel_Rarely,Research & Development,11,3,Life Sciences,4339,Female,2,Sales Executive,Married,70050,1.0,20,2,21.0,2,20,9,9,3,4,4.0,3.0,3.0,236,6.199732815442562,3
55,No,Travel_Rarely,Research & Development,6,1,Life Sciences,4340,Female,2,Laboratory Technician,Single,26550,8.0,17,0,36.0,0,24,2,15,2,3,3.0,2.0,3.0,239,6.0761738726173915,3
34,No,Travel_Frequently,Human Resources,7,4,Other,4341,Female,1,Research Scientist,Married,13930,1.0,11,2,10.0,4,10,1,9,4,3,4.0,3.0,2.0,235,6.798693853427901,3
51,No,Travel_Rarely,Human Resources,4,2,Human Resources,4342,Male,2,Sales Representative,Single,25700,3.0,18,0,21.0,2,7,1,0,3,3,4.0,2.0,3.0,233,7.402082737243679,3
52,No,Travel_Rarely,Research & Development,2,4,Medical,4343,Female,2,Sales Representative,Married,35370,0.0,11,1,34.0,3,33,11,9,3,3,3.0,3.0,3.0,227,6.283778756730297,3
27,No,Travel_Rarely,Sales,15,3,Marketing,4344,Male,1,Research Scientist,Single,39860,1.0,12,2,7.0,3,7,0,3,3,3,4.0,2.0,2.0,235,7.4879846335697335,3
35,Yes,Travel_Rarely,Research & Development,2,4,Life Sciences,4345,Female,2,Research Director,Married,108830,3.0,12,0,8.0,3,1,0,1,4,3,2.0,3.0,3.0,242,8.998655876951332,3
43,No,Non-Travel,Research & Development,6,2,Medical,4346,Male,1,Healthcare Representative,Divorced,20280,4.0,20,1,7.0,2,5,2,2,2,4,4.0,4.0,4.0,231,8.022017797017796,3
45,No,Non-Travel,Research & Development,9,2,Medical,4347,Female,1,Sales Executive,Married,95250,9.0,19,0,22.0,3,20,11,8,3,3,1.0,4.0,3.0,233,6.252302098235571,3
37,No,Travel_Rarely,Research & Development,7,3,Life Sciences,4348,Female,1,Research Scientist,Married,29290,1.0,12,0,8.0,2,8,1,7,1,3,2.0,1.0,2.0,241,10.093918856615948,3
35,No,Travel_Frequently,Research & Development,1,3,Other,4349,Male,2,Research Director,Single,22750,5.0,13,0,10.0,2,6,1,2,4,3,2.0,2.0,3.0,240,6.084731481481481,3
42,No,Non-Travel,Research & Development,1,1,Technical Degree,4350,Male,2,Sales Executive,Divorced,78790,2.0,11,1,11.0,2,5,0,2,3,3,3.0,3.0,3.0,239,6.38792305904231,3
38,No,Travel_Rarely,Sales,8,2,Marketing,4351,Male,5,Research Scientist,Married,49300,9.0,14,0,14.0,0,1,0,0,3,3,4.0,3.0,3.0,235,6.297548463356976,3
38,No,Travel_Rarely,Human Resources,25,1,Human Resources,4352,Female,1,Manufacturing Director,Married,78470,3.0,14,1,9.0,3,7,1,7,4,3,4.0,4.0,1.0,234,7.29209520417854,3
27,No,Travel_Frequently,Research & Development,13,4,Medical,4353,Male,1,Manager,Married,44010,5.0,13,0,6.0,4,2,2,0,2,3,3.0,1.0,3.0,240,6.508089120370371,3
49,No,Non-Travel,Research & Development,23,1,Other,4354,Female,2,Sales Executive,Divorced,92410,1.0,19,1,7.0,5,7,1,7,3,3,4.0,4.0,3.0,247,9.57843904633378,3
34,No,Travel_Frequently,Research & Development,7,2,Medical,4355,Male,4,Sales Representative,Divorced,29740,1.0,23,0,5.0,2,5,2,0,3,4,4.0,3.0,4.0,238,10.523336834733895,3
40,No,Travel_Rarely,Research & Development,23,3,Medical,4356,Female,1,Laboratory Technician,Married,45020,8.0,12,2,15.0,0,7,3,7,2,3,3.0,4.0,4.0,246,10.387393857271904,3
38,Yes,Travel_Rarely,Sales,6,4,Life Sciences,4357,Female,3,Research Scientist,Married,107480,7.0,15,0,17.0,3,1,0,0,3,3,2.0,1.0,3.0,229,8.378828238719066,3
29,Yes,Travel_Rarely,Sales,10,2,Life Sciences,4358,Female,2,Research Scientist,Married,15550,1.0,19,2,10.0,2,10,1,9,3,3,2.0,4.0,2.0,227,6.695554331864904,3
22,No,Travel_Rarely,Research & Development,1,3,Life Sciences,4359,Female,4,Healthcare Representative,Divorced,129360,1.0,11,2,4.0,3,4,2,2,3,3,4.0,2.0,2.0,229,8.511136584182431,3
36,No,Travel_Frequently,Research & Development,1,3,Life Sciences,4360,Female,2,Laboratory Technician,Single,23050,1.0,17,0,8.0,3,8,1,7,3,3,2.0,4.0,3.0,243,7.498819158664833,3
40,No,Non-Travel,Research & Development,28,2,Life Sciences,4361,Male,1,Manufacturing Director,Married,167040,9.0,22,0,5.0,2,3,0,2,4,4,4.0,4.0,1.0,230,6.10257004830918,3
46,No,Travel_Rarely,Research & Development,25,1,Medical,4362,Male,5,Research Scientist,Divorced,34330,7.0,18,0,17.0,3,4,0,3,3,3,4.0,1.0,3.0,232,6.036308668582373,4
32,Yes,Travel_Rarely,Research & Development,5,3,Medical,4363,Male,1,Healthcare Representative,Married,34770,1.0,11,0,14.0,2,14,9,8,4,3,4.0,4.0,2.0,230,7.797340579710144,3
30,No,Non-Travel,Research & Development,17,4,Life Sciences,4364,Male,2,Healthcare Representative,Single,64300,1.0,12,1,12.0,2,11,5,8,2,3,3.0,3.0,3.0,238,7.963074229691872,3
27,No,Travel_Frequently,Research & Development,18,2,Medical,4365,Female,1,Laboratory Technician,Single,65160,1.0,19,1,7.0,4,7,0,7,3,3,4.0,3.0,3.0,235,6.196217494089839,3
51,No,Travel_Rarely,Research & Development,2,1,Medical,4366,Female,1,Manufacturing Director,Married,39070,5.0,13,0,16.0,2,10,4,7,3,3,2.0,2.0,1.0,233,6.716984978540776,3
30,Yes,Travel_Rarely,Research & Development,10,4,Life Sciences,4367,Female,2,Research Scientist,Single,55620,5.0,13,0,8.0,3,5,0,4,2,3,4.0,1.0,3.0,233,8.493341678588457,4
41,No,Travel_Rarely,Research & Development,1,3,Life Sciences,4368,Male,2,Human Resources,Single,68830,3.0,19,2,16.0,3,1,0,0,2,3,4.0,4.0,3.0,243,9.079756515775035,3
30,Yes,Travel_Frequently,Sales,3,2,Medical,4369,Male,2,Healthcare Representative,Single,28620,5.0,14,0,9.0,2,6,0,1,2,3,3.0,1.0,2.0,230,6.992415458937201,3
29,Yes,Travel_Rarely,Research & Development,2,3,Life Sciences,4370,Male,1,Sales Executive,Single,49780,0.0,13,0,7.0,3,6,1,5,2,3,3.0,3.0,2.0,238,7.816956115779641,3
45,No,Non-Travel,Research & Development,2,3,Medical,4371,Female,2,Research Scientist,Single,103680,6.0,12,2,23.0,2,19,12,8,3,3,4.0,4.0,3.0,235,6.608641843971629,3
54,No,Travel_Rarely,Sales,8,2,Marketing,4372,Female,2,Laboratory Technician,Married,61340,2.0,19,0,16.0,2,6,0,5,2,3,4.0,1.0,3.0,243,6.409974851394608,4
36,No,Travel_Rarely,Research & Development,16,4,Life Sciences,4373,Male,1,Healthcare Representative,Single,67350,8.0,25,2,16.0,3,13,3,7,2,4,4.0,2.0,4.0,242,7.590980257116621,3
33,No,Travel_Rarely,Sales,9,1,Other,4374,Female,3,Sales Executive,Married,32950,6.0,22,2,7.0,2,3,1,1,3,4,3.0,2.0,3.0,243,7.464012345679018,3
37,No,Travel_Frequently,Sales,2,4,Life Sciences,4375,Male,2,Laboratory Technician,Divorced,52380,1.0,15,1,10.0,5,10,0,7,3,3,2.0,4.0,3.0,247,10.107886864597395,3
38,No,Travel_Rarely,Research & Development,1,2,Medical,4376,Male,4,Laboratory Technician,Divorced,64720,0.0,12,0,17.0,4,16,5,13,3,3,1.0,3.0,2.0,238,6.921797385620918,3
31,No,Non-Travel,Sales,4,1,Medical,4377,Female,3,Research Scientist,Married,96100,0.0,11,1,6.0,2,5,1,4,2,3,3.0,3.0,3.0,230,5.996345410628018,3
59,No,Travel_Rarely,Research & Development,5,3,Life Sciences,4378,Female,3,Manager,Married,198330,3.0,13,0,7.0,2,1,0,0,3,3,3.0,4.0,3.0,232,6.1646455938697295,3
37,No,Travel_Frequently,Sales,2,3,Marketing,4379,Female,2,Laboratory Technician,Divorced,97560,4.0,19,0,13.0,2,9,5,8,3,3,1.0,4.0,3.0,235,7.017593380614658,3
29,No,Travel_Frequently,Sales,15,4,Medical,4380,Female,1,Sales Executive,Married,49680,1.0,19,3,11.0,4,11,4,1,3,3,2.0,4.0,3.0,238,6.299962651727359,3
35,No,Travel_Frequently,Research & Development,19,3,Life Sciences,4381,Female,1,Sales Executive,Single,21450,1.0,13,0,10.0,6,10,0,8,2,3,3.0,3.0,4.0,232,6.029894636015322,3
29,Yes,Travel_Rarely,Research & Development,7,1,Life Sciences,4382,Female,1,Research Scientist,Single,21800,1.0,21,0,4.0,2,4,0,1,3,4,3.0,4.0,2.0,239,8.406493491399345,3
52,No,Travel_Rarely,Research & Development,1,2,Medical,4383,Female,4,Manager,Single,83460,7.0,14,0,6.0,5,2,2,2,3,3,3.0,4.0,2.0,242,7.407588383838382,3
42,No,Travel_Rarely,Research & Development,7,4,Life Sciences,4384,Female,2,Sales Executive,Married,34450,1.0,11,2,22.0,2,22,11,15,3,3,3.0,4.0,3.0,227,6.39592266275086,4
59,No,Travel_Rarely,Research & Development,4,4,Technical Degree,4385,Male,1,Healthcare Representative,Married,27600,8.0,11,0,7.0,3,2,2,2,4,3,2.0,3.0,2.0,230,6.698972222222225,3
50,No,Travel_Rarely,Research & Development,11,2,Life Sciences,4386,Male,2,Sales Executive,Divorced,62940,3.0,23,1,32.0,2,7,0,6,4,4,4.0,4.0,2.0,232,7.7433572796934795,3
33,Yes,Travel_Rarely,Sales,11,4,Marketing,4387,Male,1,Research Scientist,Married,71400,5.0,21,0,8.0,2,5,0,4,2,4,3.0,4.0,1.0,233,10.915240820219358,3
43,No,Travel_Rarely,Sales,1,3,Marketing,4388,Female,2,Manufacturing Director,Married,29320,5.0,24,0,22.0,3,17,1,9,3,4,4.0,4.0,3.0,237,9.265778246601027,3
33,Yes,Travel_Rarely,Sales,1,3,Life Sciences,4389,Male,2,Manager,Married,51470,7.0,11,0,13.0,2,9,1,7,3,3,1.0,1.0,4.0,230,7.096989130434785,3
52,No,Non-Travel,Research & Development,2,3,Technical Degree,4390,Male,1,Sales Executive,Single,45070,1.0,14,0,33.0,3,33,15,12,2,3,1.0,3.0,4.0,244,8.808812613843354,3
32,No,Travel_Rarely,Human Resources,13,4,Life Sciences,4391,Female,3,Manufacturing Director,Married,85640,2.0,16,1,6.0,2,4,1,2,2,3,3.0,2.0,3.0,237,8.046774496015002,3
32,Yes,Travel_Rarely,Sales,23,1,Life Sciences,4392,Male,3,Healthcare Representative,Single,24680,0.0,11,0,4.0,2,3,1,2,3,3,4.0,3.0,1.0,240,10.1764525462963,4
39,No,Travel_Rarely,Sales,26,4,Life Sciences,4393,Male,2,Research Director,Divorced,81610,7.0,12,1,7.0,2,3,1,2,4,3,3.0,3.0,3.0,240,6.312204861111115,3
32,No,Non-Travel,Sales,2,4,Marketing,4394,Male,4,Research Scientist,Married,21090,0.0,13,1,4.0,3,3,2,2,2,3,3.0,4.0,3.0,227,6.14197136563877,4
41,No,Travel_Rarely,Sales,29,3,Life Sciences,4395,Female,2,Laboratory Technician,Divorced,52940,2.0,15,0,17.0,3,1,0,0,2,3,3.0,1.0,2.0,243,6.131716963877459,3
40,No,Travel_Rarely,Research & Development,2,3,Life Sciences,4396,Male,1,Manufacturing Director,Divorced,27180,2.0,14,1,9.0,4,9,4,7,2,3,1.0,4.0,3.0,238,7.400905695611579,3
45,No,Travel_Rarely,Research & Development,18,1,Life Sciences,4397,Female,2,Sales Representative,Married,58110,0.0,14,0,25.0,4,24,1,7,2,3,3.0,4.0,3.0,231,6.931283068783068,4
31,No,Travel_Frequently,Research & Development,7,4,Medical,4398,Male,1,Research Scientist,Divorced,24370,9.0,14,1,9.0,3,2,2,2,4,3,2.0,3.0,3.0,241,7.298196173351769,3
33,No,Travel_Rarely,Research & Development,2,4,Life Sciences,4399,Female,1,Sales Executive,Married,27660,1.0,12,1,2.0,2,2,0,2,3,3,3.0,4.0,2.0,227,6.778947626040135,3
34,No,Travel_Rarely,Research & Development,26,3,Other,4400,Female,1,Sales Executive,Married,190380,6.0,13,0,13.0,3,11,5,9,2,3,4.0,1.0,3.0,227,6.414911894273129,4
37,No,Travel_Rarely,Research & Development,22,5,Medical,4401,Female,2,Manufacturing Director,Married,30550,2.0,14,3,17.0,3,3,0,2,3,3,3.0,1.0,2.0,244,7.610144581056467,3
45,No,Travel_Frequently,Sales,21,1,Marketing,4402,Male,3,Research Scientist,Married,22890,4.0,13,0,9.0,3,3,0,2,2,3,1.0,3.0,3.0,244,7.992223360655737,4
37,Yes,Travel_Frequently,Sales,2,3,Marketing,4403,Male,1,Laboratory Technician,Divorced,40010,6.0,11,1,17.0,2,1,0,0,3,3,1.0,3.0,3.0,238,7.111666666666665,3
39,No,Travel_Frequently,Research & Development,22,3,Medical,4404,Female,1,Manufacturing Director,Single,129650,0.0,19,1,20.0,2,19,11,8,3,3,3.0,3.0,3.0,230,7.392469806763289,3
29,No,Travel_Rarely,Sales,4,3,Other,4405,Female,2,Human Resources,Single,35390,1.0,18,0,6.0,2,6,1,5,2,3,3.0,4.0,3.0,243,7.292814357567441,3
42,No,Travel_Rarely,Research & Development,5,4,Medical,4406,Female,1,Research Scientist,Single,60290,3.0,17,1,10.0,5,3,0,2,3,3,4.0,1.0,3.0,243,8.522277091906728,3
29,No,Travel_Rarely,Research & Development,2,4,Medical,4407,Male,1,Laboratory Technician,Divorced,26790,2.0,15,0,10.0,2,3,0,2,2,3,4.0,4.0,3.0,241,6.092954126325498,3
25,No,Travel_Rarely,Research & Development,25,2,Life Sciences,4408,Male,2,Sales Executive,Married,37020,0.0,20,0,5.0,4,4,1,2,3,4,1.0,3.0,3.0,231,7.7066317941317966,3
42,No,Travel_Rarely,Sales,18,2,Medical,4409,Male,1,Laboratory Technician,Divorced,23980,0.0,14,1,10.0,2,9,7,8,2,3,4.0,1.0,3.0,241,9.492594513600737,3
40,No,Travel_Rarely,Research & Development,28,3,Medical,4410,Male,2,Laboratory Technician,Divorced,54680,0.0,12,0,10.0,6,21,3,9,4,3,1.0,3.0,3.0,232,6.988947557471264,3
